edicion,competencia,pais_economia,puntaje_medio,tipo,fuente
2009,Ciencia,Albania,391,pais_economia,"OECD, PISA 2022 Results (Volume I), Tables I.B1.5.4 (Mathematics), I.B1.5.5 (Reading), I.B1.5.6 (Science)."
2009,Ciencia,Alemania,520,pais_economia,"OECD, PISA 2022 Results (Volume I), Tables I.B1.5.4 (Mathematics), I.B1.5.5 (Reading), I.B1.5.6 (Science)."
2009,Ciencia,Argentina,401,pais_economia,"OECD, PISA 2022 Results (Volume I), Tables I.B1.5.4 (Mathematics), I.B1.5.5 (Reading), I.B1.5.6 (Science)."
2009,Ciencia,Australia,527,pais_economia,"OECD, PISA 2022 Results (Volume I), Tables I.B1.5.4 (Mathematics), I.B1.5.5 (Reading), I.B1.5.6 (Science)."
2009,Ciencia,Brasil,405,pais_economia,"OECD, PISA 2022 Results (Volume I), Tables I.B1.5.4 (Mathematics), I.B1.5.5 (Reading), I.B1.5.6 (Science)."
2009,Ciencia,Bulgaria,439,pais_economia,"OECD, PISA 2022 Results (Volume I), Tables I.B1.5.4 (Mathematics), I.B1.5.5 (Reading), I.B1.5.6 (Science)."
2009,Ciencia,Bélgica,507,pais_economia,"OECD, PISA 2022 Results (Volume I), Tables I.B1.5.4 (Mathematics), I.B1.5.5 (Reading), I.B1.5.6 (Science)."
2009,Ciencia,Canadá,529,pais_economia,"OECD, PISA 2022 Results (Volume I), Tables I.B1.5.4 (Mathematics), I.B1.5.5 (Reading), I.B1.5.6 (Science)."
2009,Ciencia,Chequia,500,pais_economia,"OECD, PISA 2022 Results (Volume I), Tables I.B1.5.4 (Mathematics), I.B1.5.5 (Reading), I.B1.5.6 (Science)."
2009,Ciencia,Chile,447,pais_economia,"OECD, PISA 2022 Results (Volume I), Tables I.B1.5.4 (Mathematics), I.B1.5.5 (Reading), I.B1.5.6 (Science)."
2009,Ciencia,Chinese Taipei,520,pais_economia,"OECD, PISA 2022 Results (Volume I), Tables I.B1.5.4 (Mathematics), I.B1.5.5 (Reading), I.B1.5.6 (Science)."
2009,Ciencia,Colombia,402,pais_economia,"OECD, PISA 2022 Results (Volume I), Tables I.B1.5.4 (Mathematics), I.B1.5.5 (Reading), I.B1.5.6 (Science)."
2009,Ciencia,Corea,538,pais_economia,"OECD, PISA 2022 Results (Volume I), Tables I.B1.5.4 (Mathematics), I.B1.5.5 (Reading), I.B1.5.6 (Science)."
2009,Ciencia,Costa Rica,430,pais_economia,"OECD, PISA 2022 Results (Volume I), Tables I.B1.5.4 (Mathematics), I.B1.5.5 (Reading), I.B1.5.6 (Science)."
2009,Ciencia,Croacia,486,pais_economia,"OECD, PISA 2022 Results (Volume I), Tables I.B1.5.4 (Mathematics), I.B1.5.5 (Reading), I.B1.5.6 (Science)."
2009,Ciencia,Dinamarca,499,pais_economia,"OECD, PISA 2022 Results (Volume I), Tables I.B1.5.4 (Mathematics), I.B1.5.5 (Reading), I.B1.5.6 (Science)."
2009,Ciencia,Emiratos Árabes Unidos,438,pais_economia,"OECD, PISA 2022 Results (Volume I), Tables I.B1.5.4 (Mathematics), I.B1.5.5 (Reading), I.B1.5.6 (Science)."
2009,Ciencia,Eslovenia,512,pais_economia,"OECD, PISA 2022 Results (Volume I), Tables I.B1.5.4 (Mathematics), I.B1.5.5 (Reading), I.B1.5.6 (Science)."
2009,Ciencia,España,488,pais_economia,"OECD, PISA 2022 Results (Volume I), Tables I.B1.5.4 (Mathematics), I.B1.5.5 (Reading), I.B1.5.6 (Science)."
2009,Ciencia,Estados Unidos,502,pais_economia,"OECD, PISA 2022 Results (Volume I), Tables I.B1.5.4 (Mathematics), I.B1.5.5 (Reading), I.B1.5.6 (Science)."
2009,Ciencia,Estonia,528,pais_economia,"OECD, PISA 2022 Results (Volume I), Tables I.B1.5.4 (Mathematics), I.B1.5.5 (Reading), I.B1.5.6 (Science)."
2009,Ciencia,Finlandia,554,pais_economia,"OECD, PISA 2022 Results (Volume I), Tables I.B1.5.4 (Mathematics), I.B1.5.5 (Reading), I.B1.5.6 (Science)."
2009,Ciencia,Francia,498,pais_economia,"OECD, PISA 2022 Results (Volume I), Tables I.B1.5.4 (Mathematics), I.B1.5.5 (Reading), I.B1.5.6 (Science)."
2009,Ciencia,Georgia,373,pais_economia,"OECD, PISA 2022 Results (Volume I), Tables I.B1.5.4 (Mathematics), I.B1.5.5 (Reading), I.B1.5.6 (Science)."
2009,Ciencia,Grecia,470,pais_economia,"OECD, PISA 2022 Results (Volume I), Tables I.B1.5.4 (Mathematics), I.B1.5.5 (Reading), I.B1.5.6 (Science)."
2009,Ciencia,Hong Kong (China),549,pais_economia,"OECD, PISA 2022 Results (Volume I), Tables I.B1.5.4 (Mathematics), I.B1.5.5 (Reading), I.B1.5.6 (Science)."
2009,Ciencia,Hungría,503,pais_economia,"OECD, PISA 2022 Results (Volume I), Tables I.B1.5.4 (Mathematics), I.B1.5.5 (Reading), I.B1.5.6 (Science)."
2009,Ciencia,Indonesia,383,pais_economia,"OECD, PISA 2022 Results (Volume I), Tables I.B1.5.4 (Mathematics), I.B1.5.5 (Reading), I.B1.5.6 (Science)."
2009,Ciencia,Irlanda,508,pais_economia,"OECD, PISA 2022 Results (Volume I), Tables I.B1.5.4 (Mathematics), I.B1.5.5 (Reading), I.B1.5.6 (Science)."
2009,Ciencia,Islandia,496,pais_economia,"OECD, PISA 2022 Results (Volume I), Tables I.B1.5.4 (Mathematics), I.B1.5.5 (Reading), I.B1.5.6 (Science)."
2009,Ciencia,Israel,455,pais_economia,"OECD, PISA 2022 Results (Volume I), Tables I.B1.5.4 (Mathematics), I.B1.5.5 (Reading), I.B1.5.6 (Science)."
2009,Ciencia,Italia,489,pais_economia,"OECD, PISA 2022 Results (Volume I), Tables I.B1.5.4 (Mathematics), I.B1.5.5 (Reading), I.B1.5.6 (Science)."
2009,Ciencia,Japón,539,pais_economia,"OECD, PISA 2022 Results (Volume I), Tables I.B1.5.4 (Mathematics), I.B1.5.5 (Reading), I.B1.5.6 (Science)."
2009,Ciencia,Kazajistán,400,pais_economia,"OECD, PISA 2022 Results (Volume I), Tables I.B1.5.4 (Mathematics), I.B1.5.5 (Reading), I.B1.5.6 (Science)."
2009,Ciencia,Letonia,494,pais_economia,"OECD, PISA 2022 Results (Volume I), Tables I.B1.5.4 (Mathematics), I.B1.5.5 (Reading), I.B1.5.6 (Science)."
2009,Ciencia,Lituania,491,pais_economia,"OECD, PISA 2022 Results (Volume I), Tables I.B1.5.4 (Mathematics), I.B1.5.5 (Reading), I.B1.5.6 (Science)."
2009,Ciencia,Macao (China),511,pais_economia,"OECD, PISA 2022 Results (Volume I), Tables I.B1.5.4 (Mathematics), I.B1.5.5 (Reading), I.B1.5.6 (Science)."
2009,Ciencia,Malasia,422,pais_economia,"OECD, PISA 2022 Results (Volume I), Tables I.B1.5.4 (Mathematics), I.B1.5.5 (Reading), I.B1.5.6 (Science)."
2009,Ciencia,Malta,461,pais_economia,"OECD, PISA 2022 Results (Volume I), Tables I.B1.5.4 (Mathematics), I.B1.5.5 (Reading), I.B1.5.6 (Science)."
2009,Ciencia,Moldova,413,pais_economia,"OECD, PISA 2022 Results (Volume I), Tables I.B1.5.4 (Mathematics), I.B1.5.5 (Reading), I.B1.5.6 (Science)."
2009,Ciencia,Montenegro,401,pais_economia,"OECD, PISA 2022 Results (Volume I), Tables I.B1.5.4 (Mathematics), I.B1.5.5 (Reading), I.B1.5.6 (Science)."
2009,Ciencia,México,416,pais_economia,"OECD, PISA 2022 Results (Volume I), Tables I.B1.5.4 (Mathematics), I.B1.5.5 (Reading), I.B1.5.6 (Science)."
2009,Ciencia,Noruega,500,pais_economia,"OECD, PISA 2022 Results (Volume I), Tables I.B1.5.4 (Mathematics), I.B1.5.5 (Reading), I.B1.5.6 (Science)."
2009,Ciencia,Nueva Zelanda,532,pais_economia,"OECD, PISA 2022 Results (Volume I), Tables I.B1.5.4 (Mathematics), I.B1.5.5 (Reading), I.B1.5.6 (Science)."
2009,Ciencia,OCDE,498,referencia,"OECD, PISA 2022 Results (Volume I), Tables I.B1.5.4 (Mathematics), I.B1.5.5 (Reading), I.B1.5.6 (Science)."
2009,Ciencia,Panamá,376,pais_economia,"OECD, PISA 2022 Results (Volume I), Tables I.B1.5.4 (Mathematics), I.B1.5.5 (Reading), I.B1.5.6 (Science)."
2009,Ciencia,Países Bajos,522,pais_economia,"OECD, PISA 2022 Results (Volume I), Tables I.B1.5.4 (Mathematics), I.B1.5.5 (Reading), I.B1.5.6 (Science)."
2009,Ciencia,Perú,369,pais_economia,"OECD, PISA 2022 Results (Volume I), Tables I.B1.5.4 (Mathematics), I.B1.5.5 (Reading), I.B1.5.6 (Science)."
2009,Ciencia,Polonia,508,pais_economia,"OECD, PISA 2022 Results (Volume I), Tables I.B1.5.4 (Mathematics), I.B1.5.5 (Reading), I.B1.5.6 (Science)."
2009,Ciencia,Portugal,493,pais_economia,"OECD, PISA 2022 Results (Volume I), Tables I.B1.5.4 (Mathematics), I.B1.5.5 (Reading), I.B1.5.6 (Science)."
2009,Ciencia,Qatar,379,pais_economia,"OECD, PISA 2022 Results (Volume I), Tables I.B1.5.4 (Mathematics), I.B1.5.5 (Reading), I.B1.5.6 (Science)."
2009,Ciencia,Reino Unido,514,pais_economia,"OECD, PISA 2022 Results (Volume I), Tables I.B1.5.4 (Mathematics), I.B1.5.5 (Reading), I.B1.5.6 (Science)."
2009,Ciencia,República Eslovaca,490,pais_economia,"OECD, PISA 2022 Results (Volume I), Tables I.B1.5.4 (Mathematics), I.B1.5.5 (Reading), I.B1.5.6 (Science)."
2009,Ciencia,Rumanía,428,pais_economia,"OECD, PISA 2022 Results (Volume I), Tables I.B1.5.4 (Mathematics), I.B1.5.5 (Reading), I.B1.5.6 (Science)."
2009,Ciencia,Serbia,443,pais_economia,"OECD, PISA 2022 Results (Volume I), Tables I.B1.5.4 (Mathematics), I.B1.5.5 (Reading), I.B1.5.6 (Science)."
2009,Ciencia,Singapur,542,pais_economia,"OECD, PISA 2022 Results (Volume I), Tables I.B1.5.4 (Mathematics), I.B1.5.5 (Reading), I.B1.5.6 (Science)."
2009,Ciencia,Suecia,495,pais_economia,"OECD, PISA 2022 Results (Volume I), Tables I.B1.5.4 (Mathematics), I.B1.5.5 (Reading), I.B1.5.6 (Science)."
2009,Ciencia,Suiza,517,pais_economia,"OECD, PISA 2022 Results (Volume I), Tables I.B1.5.4 (Mathematics), I.B1.5.5 (Reading), I.B1.5.6 (Science)."
2009,Ciencia,Tailandia,425,pais_economia,"OECD, PISA 2022 Results (Volume I), Tables I.B1.5.4 (Mathematics), I.B1.5.5 (Reading), I.B1.5.6 (Science)."
2009,Ciencia,Türkiye,454,pais_economia,"OECD, PISA 2022 Results (Volume I), Tables I.B1.5.4 (Mathematics), I.B1.5.5 (Reading), I.B1.5.6 (Science)."
2009,Ciencia,Uruguay,427,pais_economia,"OECD, PISA 2022 Results (Volume I), Tables I.B1.5.4 (Mathematics), I.B1.5.5 (Reading), I.B1.5.6 (Science)."
2009,Lectura,Albania,385,pais_economia,"OECD, PISA 2022 Results (Volume I), Tables I.B1.5.4 (Mathematics), I.B1.5.5 (Reading), I.B1.5.6 (Science)."
2009,Lectura,Alemania,497,pais_economia,"OECD, PISA 2022 Results (Volume I), Tables I.B1.5.4 (Mathematics), I.B1.5.5 (Reading), I.B1.5.6 (Science)."
2009,Lectura,Argentina,398,pais_economia,"OECD, PISA 2022 Results (Volume I), Tables I.B1.5.4 (Mathematics), I.B1.5.5 (Reading), I.B1.5.6 (Science)."
2009,Lectura,Australia,515,pais_economia,"OECD, PISA 2022 Results (Volume I), Tables I.B1.5.4 (Mathematics), I.B1.5.5 (Reading), I.B1.5.6 (Science)."
2009,Lectura,Brasil,412,pais_economia,"OECD, PISA 2022 Results (Volume I), Tables I.B1.5.4 (Mathematics), I.B1.5.5 (Reading), I.B1.5.6 (Science)."
2009,Lectura,Bulgaria,429,pais_economia,"OECD, PISA 2022 Results (Volume I), Tables I.B1.5.4 (Mathematics), I.B1.5.5 (Reading), I.B1.5.6 (Science)."
2009,Lectura,Bélgica,506,pais_economia,"OECD, PISA 2022 Results (Volume I), Tables I.B1.5.4 (Mathematics), I.B1.5.5 (Reading), I.B1.5.6 (Science)."
2009,Lectura,Canadá,524,pais_economia,"OECD, PISA 2022 Results (Volume I), Tables I.B1.5.4 (Mathematics), I.B1.5.5 (Reading), I.B1.5.6 (Science)."
2009,Lectura,Chequia,478,pais_economia,"OECD, PISA 2022 Results (Volume I), Tables I.B1.5.4 (Mathematics), I.B1.5.5 (Reading), I.B1.5.6 (Science)."
2009,Lectura,Chile,449,pais_economia,"OECD, PISA 2022 Results (Volume I), Tables I.B1.5.4 (Mathematics), I.B1.5.5 (Reading), I.B1.5.6 (Science)."
2009,Lectura,Chinese Taipei,495,pais_economia,"OECD, PISA 2022 Results (Volume I), Tables I.B1.5.4 (Mathematics), I.B1.5.5 (Reading), I.B1.5.6 (Science)."
2009,Lectura,Colombia,413,pais_economia,"OECD, PISA 2022 Results (Volume I), Tables I.B1.5.4 (Mathematics), I.B1.5.5 (Reading), I.B1.5.6 (Science)."
2009,Lectura,Corea,539,pais_economia,"OECD, PISA 2022 Results (Volume I), Tables I.B1.5.4 (Mathematics), I.B1.5.5 (Reading), I.B1.5.6 (Science)."
2009,Lectura,Costa Rica,443,pais_economia,"OECD, PISA 2022 Results (Volume I), Tables I.B1.5.4 (Mathematics), I.B1.5.5 (Reading), I.B1.5.6 (Science)."
2009,Lectura,Croacia,476,pais_economia,"OECD, PISA 2022 Results (Volume I), Tables I.B1.5.4 (Mathematics), I.B1.5.5 (Reading), I.B1.5.6 (Science)."
2009,Lectura,Dinamarca,495,pais_economia,"OECD, PISA 2022 Results (Volume I), Tables I.B1.5.4 (Mathematics), I.B1.5.5 (Reading), I.B1.5.6 (Science)."
2009,Lectura,Emiratos Árabes Unidos,431,pais_economia,"OECD, PISA 2022 Results (Volume I), Tables I.B1.5.4 (Mathematics), I.B1.5.5 (Reading), I.B1.5.6 (Science)."
2009,Lectura,Eslovenia,483,pais_economia,"OECD, PISA 2022 Results (Volume I), Tables I.B1.5.4 (Mathematics), I.B1.5.5 (Reading), I.B1.5.6 (Science)."
2009,Lectura,España,481,pais_economia,"OECD, PISA 2022 Results (Volume I), Tables I.B1.5.4 (Mathematics), I.B1.5.5 (Reading), I.B1.5.6 (Science)."
2009,Lectura,Estados Unidos,500,pais_economia,"OECD, PISA 2022 Results (Volume I), Tables I.B1.5.4 (Mathematics), I.B1.5.5 (Reading), I.B1.5.6 (Science)."
2009,Lectura,Estonia,501,pais_economia,"OECD, PISA 2022 Results (Volume I), Tables I.B1.5.4 (Mathematics), I.B1.5.5 (Reading), I.B1.5.6 (Science)."
2009,Lectura,Finlandia,536,pais_economia,"OECD, PISA 2022 Results (Volume I), Tables I.B1.5.4 (Mathematics), I.B1.5.5 (Reading), I.B1.5.6 (Science)."
2009,Lectura,Francia,496,pais_economia,"OECD, PISA 2022 Results (Volume I), Tables I.B1.5.4 (Mathematics), I.B1.5.5 (Reading), I.B1.5.6 (Science)."
2009,Lectura,Georgia,374,pais_economia,"OECD, PISA 2022 Results (Volume I), Tables I.B1.5.4 (Mathematics), I.B1.5.5 (Reading), I.B1.5.6 (Science)."
2009,Lectura,Grecia,483,pais_economia,"OECD, PISA 2022 Results (Volume I), Tables I.B1.5.4 (Mathematics), I.B1.5.5 (Reading), I.B1.5.6 (Science)."
2009,Lectura,Hong Kong (China),533,pais_economia,"OECD, PISA 2022 Results (Volume I), Tables I.B1.5.4 (Mathematics), I.B1.5.5 (Reading), I.B1.5.6 (Science)."
2009,Lectura,Hungría,494,pais_economia,"OECD, PISA 2022 Results (Volume I), Tables I.B1.5.4 (Mathematics), I.B1.5.5 (Reading), I.B1.5.6 (Science)."
2009,Lectura,Indonesia,402,pais_economia,"OECD, PISA 2022 Results (Volume I), Tables I.B1.5.4 (Mathematics), I.B1.5.5 (Reading), I.B1.5.6 (Science)."
2009,Lectura,Irlanda,496,pais_economia,"OECD, PISA 2022 Results (Volume I), Tables I.B1.5.4 (Mathematics), I.B1.5.5 (Reading), I.B1.5.6 (Science)."
2009,Lectura,Islandia,500,pais_economia,"OECD, PISA 2022 Results (Volume I), Tables I.B1.5.4 (Mathematics), I.B1.5.5 (Reading), I.B1.5.6 (Science)."
2009,Lectura,Israel,474,pais_economia,"OECD, PISA 2022 Results (Volume I), Tables I.B1.5.4 (Mathematics), I.B1.5.5 (Reading), I.B1.5.6 (Science)."
2009,Lectura,Italia,486,pais_economia,"OECD, PISA 2022 Results (Volume I), Tables I.B1.5.4 (Mathematics), I.B1.5.5 (Reading), I.B1.5.6 (Science)."
2009,Lectura,Japón,520,pais_economia,"OECD, PISA 2022 Results (Volume I), Tables I.B1.5.4 (Mathematics), I.B1.5.5 (Reading), I.B1.5.6 (Science)."
2009,Lectura,Kazajistán,390,pais_economia,"OECD, PISA 2022 Results (Volume I), Tables I.B1.5.4 (Mathematics), I.B1.5.5 (Reading), I.B1.5.6 (Science)."
2009,Lectura,Letonia,484,pais_economia,"OECD, PISA 2022 Results (Volume I), Tables I.B1.5.4 (Mathematics), I.B1.5.5 (Reading), I.B1.5.6 (Science)."
2009,Lectura,Lituania,468,pais_economia,"OECD, PISA 2022 Results (Volume I), Tables I.B1.5.4 (Mathematics), I.B1.5.5 (Reading), I.B1.5.6 (Science)."
2009,Lectura,Macao (China),487,pais_economia,"OECD, PISA 2022 Results (Volume I), Tables I.B1.5.4 (Mathematics), I.B1.5.5 (Reading), I.B1.5.6 (Science)."
2009,Lectura,Malasia,414,pais_economia,"OECD, PISA 2022 Results (Volume I), Tables I.B1.5.4 (Mathematics), I.B1.5.5 (Reading), I.B1.5.6 (Science)."
2009,Lectura,Malta,442,pais_economia,"OECD, PISA 2022 Results (Volume I), Tables I.B1.5.4 (Mathematics), I.B1.5.5 (Reading), I.B1.5.6 (Science)."
2009,Lectura,Moldova,388,pais_economia,"OECD, PISA 2022 Results (Volume I), Tables I.B1.5.4 (Mathematics), I.B1.5.5 (Reading), I.B1.5.6 (Science)."
2009,Lectura,Montenegro,408,pais_economia,"OECD, PISA 2022 Results (Volume I), Tables I.B1.5.4 (Mathematics), I.B1.5.5 (Reading), I.B1.5.6 (Science)."
2009,Lectura,México,425,pais_economia,"OECD, PISA 2022 Results (Volume I), Tables I.B1.5.4 (Mathematics), I.B1.5.5 (Reading), I.B1.5.6 (Science)."
2009,Lectura,Noruega,503,pais_economia,"OECD, PISA 2022 Results (Volume I), Tables I.B1.5.4 (Mathematics), I.B1.5.5 (Reading), I.B1.5.6 (Science)."
2009,Lectura,Nueva Zelanda,521,pais_economia,"OECD, PISA 2022 Results (Volume I), Tables I.B1.5.4 (Mathematics), I.B1.5.5 (Reading), I.B1.5.6 (Science)."
2009,Lectura,OCDE,490,referencia,"OECD, PISA 2022 Results (Volume I), Tables I.B1.5.4 (Mathematics), I.B1.5.5 (Reading), I.B1.5.6 (Science)."
2009,Lectura,Panamá,371,pais_economia,"OECD, PISA 2022 Results (Volume I), Tables I.B1.5.4 (Mathematics), I.B1.5.5 (Reading), I.B1.5.6 (Science)."
2009,Lectura,Países Bajos,508,pais_economia,"OECD, PISA 2022 Results (Volume I), Tables I.B1.5.4 (Mathematics), I.B1.5.5 (Reading), I.B1.5.6 (Science)."
2009,Lectura,Perú,370,pais_economia,"OECD, PISA 2022 Results (Volume I), Tables I.B1.5.4 (Mathematics), I.B1.5.5 (Reading), I.B1.5.6 (Science)."
2009,Lectura,Polonia,500,pais_economia,"OECD, PISA 2022 Results (Volume I), Tables I.B1.5.4 (Mathematics), I.B1.5.5 (Reading), I.B1.5.6 (Science)."
2009,Lectura,Portugal,489,pais_economia,"OECD, PISA 2022 Results (Volume I), Tables I.B1.5.4 (Mathematics), I.B1.5.5 (Reading), I.B1.5.6 (Science)."
2009,Lectura,Qatar,372,pais_economia,"OECD, PISA 2022 Results (Volume I), Tables I.B1.5.4 (Mathematics), I.B1.5.5 (Reading), I.B1.5.6 (Science)."
2009,Lectura,Reino Unido,494,pais_economia,"OECD, PISA 2022 Results (Volume I), Tables I.B1.5.4 (Mathematics), I.B1.5.5 (Reading), I.B1.5.6 (Science)."
2009,Lectura,República Eslovaca,477,pais_economia,"OECD, PISA 2022 Results (Volume I), Tables I.B1.5.4 (Mathematics), I.B1.5.5 (Reading), I.B1.5.6 (Science)."
2009,Lectura,Rumanía,424,pais_economia,"OECD, PISA 2022 Results (Volume I), Tables I.B1.5.4 (Mathematics), I.B1.5.5 (Reading), I.B1.5.6 (Science)."
2009,Lectura,Serbia,442,pais_economia,"OECD, PISA 2022 Results (Volume I), Tables I.B1.5.4 (Mathematics), I.B1.5.5 (Reading), I.B1.5.6 (Science)."
2009,Lectura,Singapur,526,pais_economia,"OECD, PISA 2022 Results (Volume I), Tables I.B1.5.4 (Mathematics), I.B1.5.5 (Reading), I.B1.5.6 (Science)."
2009,Lectura,Suecia,497,pais_economia,"OECD, PISA 2022 Results (Volume I), Tables I.B1.5.4 (Mathematics), I.B1.5.5 (Reading), I.B1.5.6 (Science)."
2009,Lectura,Suiza,501,pais_economia,"OECD, PISA 2022 Results (Volume I), Tables I.B1.5.4 (Mathematics), I.B1.5.5 (Reading), I.B1.5.6 (Science)."
2009,Lectura,Tailandia,421,pais_economia,"OECD, PISA 2022 Results (Volume I), Tables I.B1.5.4 (Mathematics), I.B1.5.5 (Reading), I.B1.5.6 (Science)."
2009,Lectura,Türkiye,464,pais_economia,"OECD, PISA 2022 Results (Volume I), Tables I.B1.5.4 (Mathematics), I.B1.5.5 (Reading), I.B1.5.6 (Science)."
2009,Lectura,Uruguay,426,pais_economia,"OECD, PISA 2022 Results (Volume I), Tables I.B1.5.4 (Mathematics), I.B1.5.5 (Reading), I.B1.5.6 (Science)."
2009,Matemática,Albania,377,pais_economia,"OECD, PISA 2022 Results (Volume I), Tables I.B1.5.4 (Mathematics), I.B1.5.5 (Reading), I.B1.5.6 (Science)."
2009,Matemática,Alemania,513,pais_economia,"OECD, PISA 2022 Results (Volume I), Tables I.B1.5.4 (Mathematics), I.B1.5.5 (Reading), I.B1.5.6 (Science)."
2009,Matemática,Argentina,388,pais_economia,"OECD, PISA 2022 Results (Volume I), Tables I.B1.5.4 (Mathematics), I.B1.5.5 (Reading), I.B1.5.6 (Science)."
2009,Matemática,Australia,514,pais_economia,"OECD, PISA 2022 Results (Volume I), Tables I.B1.5.4 (Mathematics), I.B1.5.5 (Reading), I.B1.5.6 (Science)."
2009,Matemática,Brasil,386,pais_economia,"OECD, PISA 2022 Results (Volume I), Tables I.B1.5.4 (Mathematics), I.B1.5.5 (Reading), I.B1.5.6 (Science)."
2009,Matemática,Bulgaria,428,pais_economia,"OECD, PISA 2022 Results (Volume I), Tables I.B1.5.4 (Mathematics), I.B1.5.5 (Reading), I.B1.5.6 (Science)."
2009,Matemática,Bélgica,515,pais_economia,"OECD, PISA 2022 Results (Volume I), Tables I.B1.5.4 (Mathematics), I.B1.5.5 (Reading), I.B1.5.6 (Science)."
2009,Matemática,Canadá,527,pais_economia,"OECD, PISA 2022 Results (Volume I), Tables I.B1.5.4 (Mathematics), I.B1.5.5 (Reading), I.B1.5.6 (Science)."
2009,Matemática,Chequia,493,pais_economia,"OECD, PISA 2022 Results (Volume I), Tables I.B1.5.4 (Mathematics), I.B1.5.5 (Reading), I.B1.5.6 (Science)."
2009,Matemática,Chile,421,pais_economia,"OECD, PISA 2022 Results (Volume I), Tables I.B1.5.4 (Mathematics), I.B1.5.5 (Reading), I.B1.5.6 (Science)."
2009,Matemática,Chinese Taipei,543,pais_economia,"OECD, PISA 2022 Results (Volume I), Tables I.B1.5.4 (Mathematics), I.B1.5.5 (Reading), I.B1.5.6 (Science)."
2009,Matemática,Colombia,381,pais_economia,"OECD, PISA 2022 Results (Volume I), Tables I.B1.5.4 (Mathematics), I.B1.5.5 (Reading), I.B1.5.6 (Science)."
2009,Matemática,Corea,546,pais_economia,"OECD, PISA 2022 Results (Volume I), Tables I.B1.5.4 (Mathematics), I.B1.5.5 (Reading), I.B1.5.6 (Science)."
2009,Matemática,Costa Rica,409,pais_economia,"OECD, PISA 2022 Results (Volume I), Tables I.B1.5.4 (Mathematics), I.B1.5.5 (Reading), I.B1.5.6 (Science)."
2009,Matemática,Croacia,460,pais_economia,"OECD, PISA 2022 Results (Volume I), Tables I.B1.5.4 (Mathematics), I.B1.5.5 (Reading), I.B1.5.6 (Science)."
2009,Matemática,Dinamarca,503,pais_economia,"OECD, PISA 2022 Results (Volume I), Tables I.B1.5.4 (Mathematics), I.B1.5.5 (Reading), I.B1.5.6 (Science)."
2009,Matemática,Emiratos Árabes Unidos,421,pais_economia,"OECD, PISA 2022 Results (Volume I), Tables I.B1.5.4 (Mathematics), I.B1.5.5 (Reading), I.B1.5.6 (Science)."
2009,Matemática,Eslovenia,501,pais_economia,"OECD, PISA 2022 Results (Volume I), Tables I.B1.5.4 (Mathematics), I.B1.5.5 (Reading), I.B1.5.6 (Science)."
2009,Matemática,España,483,pais_economia,"OECD, PISA 2022 Results (Volume I), Tables I.B1.5.4 (Mathematics), I.B1.5.5 (Reading), I.B1.5.6 (Science)."
2009,Matemática,Estados Unidos,487,pais_economia,"OECD, PISA 2022 Results (Volume I), Tables I.B1.5.4 (Mathematics), I.B1.5.5 (Reading), I.B1.5.6 (Science)."
2009,Matemática,Estonia,512,pais_economia,"OECD, PISA 2022 Results (Volume I), Tables I.B1.5.4 (Mathematics), I.B1.5.5 (Reading), I.B1.5.6 (Science)."
2009,Matemática,Finlandia,541,pais_economia,"OECD, PISA 2022 Results (Volume I), Tables I.B1.5.4 (Mathematics), I.B1.5.5 (Reading), I.B1.5.6 (Science)."
2009,Matemática,Francia,497,pais_economia,"OECD, PISA 2022 Results (Volume I), Tables I.B1.5.4 (Mathematics), I.B1.5.5 (Reading), I.B1.5.6 (Science)."
2009,Matemática,Georgia,379,pais_economia,"OECD, PISA 2022 Results (Volume I), Tables I.B1.5.4 (Mathematics), I.B1.5.5 (Reading), I.B1.5.6 (Science)."
2009,Matemática,Grecia,466,pais_economia,"OECD, PISA 2022 Results (Volume I), Tables I.B1.5.4 (Mathematics), I.B1.5.5 (Reading), I.B1.5.6 (Science)."
2009,Matemática,Hong Kong (China),555,pais_economia,"OECD, PISA 2022 Results (Volume I), Tables I.B1.5.4 (Mathematics), I.B1.5.5 (Reading), I.B1.5.6 (Science)."
2009,Matemática,Hungría,490,pais_economia,"OECD, PISA 2022 Results (Volume I), Tables I.B1.5.4 (Mathematics), I.B1.5.5 (Reading), I.B1.5.6 (Science)."
2009,Matemática,Indonesia,371,pais_economia,"OECD, PISA 2022 Results (Volume I), Tables I.B1.5.4 (Mathematics), I.B1.5.5 (Reading), I.B1.5.6 (Science)."
2009,Matemática,Irlanda,487,pais_economia,"OECD, PISA 2022 Results (Volume I), Tables I.B1.5.4 (Mathematics), I.B1.5.5 (Reading), I.B1.5.6 (Science)."
2009,Matemática,Islandia,507,pais_economia,"OECD, PISA 2022 Results (Volume I), Tables I.B1.5.4 (Mathematics), I.B1.5.5 (Reading), I.B1.5.6 (Science)."
2009,Matemática,Israel,447,pais_economia,"OECD, PISA 2022 Results (Volume I), Tables I.B1.5.4 (Mathematics), I.B1.5.5 (Reading), I.B1.5.6 (Science)."
2009,Matemática,Italia,483,pais_economia,"OECD, PISA 2022 Results (Volume I), Tables I.B1.5.4 (Mathematics), I.B1.5.5 (Reading), I.B1.5.6 (Science)."
2009,Matemática,Japón,529,pais_economia,"OECD, PISA 2022 Results (Volume I), Tables I.B1.5.4 (Mathematics), I.B1.5.5 (Reading), I.B1.5.6 (Science)."
2009,Matemática,Jordania,387,pais_economia,"OECD, PISA 2022 Results (Volume I), Tables I.B1.5.4 (Mathematics), I.B1.5.5 (Reading), I.B1.5.6 (Science)."
2009,Matemática,Kazajistán,405,pais_economia,"OECD, PISA 2022 Results (Volume I), Tables I.B1.5.4 (Mathematics), I.B1.5.5 (Reading), I.B1.5.6 (Science)."
2009,Matemática,Letonia,482,pais_economia,"OECD, PISA 2022 Results (Volume I), Tables I.B1.5.4 (Mathematics), I.B1.5.5 (Reading), I.B1.5.6 (Science)."
2009,Matemática,Lituania,477,pais_economia,"OECD, PISA 2022 Results (Volume I), Tables I.B1.5.4 (Mathematics), I.B1.5.5 (Reading), I.B1.5.6 (Science)."
2009,Matemática,Macao (China),525,pais_economia,"OECD, PISA 2022 Results (Volume I), Tables I.B1.5.4 (Mathematics), I.B1.5.5 (Reading), I.B1.5.6 (Science)."
2009,Matemática,Malasia,404,pais_economia,"OECD, PISA 2022 Results (Volume I), Tables I.B1.5.4 (Mathematics), I.B1.5.5 (Reading), I.B1.5.6 (Science)."
2009,Matemática,Malta,463,pais_economia,"OECD, PISA 2022 Results (Volume I), Tables I.B1.5.4 (Mathematics), I.B1.5.5 (Reading), I.B1.5.6 (Science)."
2009,Matemática,Moldova,397,pais_economia,"OECD, PISA 2022 Results (Volume I), Tables I.B1.5.4 (Mathematics), I.B1.5.5 (Reading), I.B1.5.6 (Science)."
2009,Matemática,Montenegro,403,pais_economia,"OECD, PISA 2022 Results (Volume I), Tables I.B1.5.4 (Mathematics), I.B1.5.5 (Reading), I.B1.5.6 (Science)."
2009,Matemática,México,419,pais_economia,"OECD, PISA 2022 Results (Volume I), Tables I.B1.5.4 (Mathematics), I.B1.5.5 (Reading), I.B1.5.6 (Science)."
2009,Matemática,Noruega,498,pais_economia,"OECD, PISA 2022 Results (Volume I), Tables I.B1.5.4 (Mathematics), I.B1.5.5 (Reading), I.B1.5.6 (Science)."
2009,Matemática,Nueva Zelanda,519,pais_economia,"OECD, PISA 2022 Results (Volume I), Tables I.B1.5.4 (Mathematics), I.B1.5.5 (Reading), I.B1.5.6 (Science)."
2009,Matemática,OCDE,492,referencia,"OECD, PISA 2022 Results (Volume I), Tables I.B1.5.4 (Mathematics), I.B1.5.5 (Reading), I.B1.5.6 (Science)."
2009,Matemática,Panamá,360,pais_economia,"OECD, PISA 2022 Results (Volume I), Tables I.B1.5.4 (Mathematics), I.B1.5.5 (Reading), I.B1.5.6 (Science)."
2009,Matemática,Países Bajos,526,pais_economia,"OECD, PISA 2022 Results (Volume I), Tables I.B1.5.4 (Mathematics), I.B1.5.5 (Reading), I.B1.5.6 (Science)."
2009,Matemática,Perú,365,pais_economia,"OECD, PISA 2022 Results (Volume I), Tables I.B1.5.4 (Mathematics), I.B1.5.5 (Reading), I.B1.5.6 (Science)."
2009,Matemática,Polonia,495,pais_economia,"OECD, PISA 2022 Results (Volume I), Tables I.B1.5.4 (Mathematics), I.B1.5.5 (Reading), I.B1.5.6 (Science)."
2009,Matemática,Portugal,487,pais_economia,"OECD, PISA 2022 Results (Volume I), Tables I.B1.5.4 (Mathematics), I.B1.5.5 (Reading), I.B1.5.6 (Science)."
2009,Matemática,Qatar,368,pais_economia,"OECD, PISA 2022 Results (Volume I), Tables I.B1.5.4 (Mathematics), I.B1.5.5 (Reading), I.B1.5.6 (Science)."
2009,Matemática,Reino Unido,492,pais_economia,"OECD, PISA 2022 Results (Volume I), Tables I.B1.5.4 (Mathematics), I.B1.5.5 (Reading), I.B1.5.6 (Science)."
2009,Matemática,República Eslovaca,497,pais_economia,"OECD, PISA 2022 Results (Volume I), Tables I.B1.5.4 (Mathematics), I.B1.5.5 (Reading), I.B1.5.6 (Science)."
2009,Matemática,Rumanía,427,pais_economia,"OECD, PISA 2022 Results (Volume I), Tables I.B1.5.4 (Mathematics), I.B1.5.5 (Reading), I.B1.5.6 (Science)."
2009,Matemática,Serbia,442,pais_economia,"OECD, PISA 2022 Results (Volume I), Tables I.B1.5.4 (Mathematics), I.B1.5.5 (Reading), I.B1.5.6 (Science)."
2009,Matemática,Singapur,562,pais_economia,"OECD, PISA 2022 Results (Volume I), Tables I.B1.5.4 (Mathematics), I.B1.5.5 (Reading), I.B1.5.6 (Science)."
2009,Matemática,Suecia,494,pais_economia,"OECD, PISA 2022 Results (Volume I), Tables I.B1.5.4 (Mathematics), I.B1.5.5 (Reading), I.B1.5.6 (Science)."
2009,Matemática,Suiza,534,pais_economia,"OECD, PISA 2022 Results (Volume I), Tables I.B1.5.4 (Mathematics), I.B1.5.5 (Reading), I.B1.5.6 (Science)."
2009,Matemática,Tailandia,419,pais_economia,"OECD, PISA 2022 Results (Volume I), Tables I.B1.5.4 (Mathematics), I.B1.5.5 (Reading), I.B1.5.6 (Science)."
2009,Matemática,Türkiye,445,pais_economia,"OECD, PISA 2022 Results (Volume I), Tables I.B1.5.4 (Mathematics), I.B1.5.5 (Reading), I.B1.5.6 (Science)."
2009,Matemática,Uruguay,427,pais_economia,"OECD, PISA 2022 Results (Volume I), Tables I.B1.5.4 (Mathematics), I.B1.5.5 (Reading), I.B1.5.6 (Science)."
2012,Ciencia,Albania,397,pais_economia,"OECD, PISA 2022 Results (Volume I), Tables I.B1.5.4 (Mathematics), I.B1.5.5 (Reading), I.B1.5.6 (Science)."
2012,Ciencia,Alemania,524,pais_economia,"OECD, PISA 2022 Results (Volume I), Tables I.B1.5.4 (Mathematics), I.B1.5.5 (Reading), I.B1.5.6 (Science)."
2012,Ciencia,Argentina,406,pais_economia,"OECD, PISA 2022 Results (Volume I), Tables I.B1.5.4 (Mathematics), I.B1.5.5 (Reading), I.B1.5.6 (Science)."
2012,Ciencia,Australia,521,pais_economia,"OECD, PISA 2022 Results (Volume I), Tables I.B1.5.4 (Mathematics), I.B1.5.5 (Reading), I.B1.5.6 (Science)."
2012,Ciencia,Austria,506,pais_economia,"OECD, PISA 2022 Results (Volume I), Tables I.B1.5.4 (Mathematics), I.B1.5.5 (Reading), I.B1.5.6 (Science)."
2012,Ciencia,Brasil,402,pais_economia,"OECD, PISA 2022 Results (Volume I), Tables I.B1.5.4 (Mathematics), I.B1.5.5 (Reading), I.B1.5.6 (Science)."
2012,Ciencia,Bulgaria,446,pais_economia,"OECD, PISA 2022 Results (Volume I), Tables I.B1.5.4 (Mathematics), I.B1.5.5 (Reading), I.B1.5.6 (Science)."
2012,Ciencia,Bélgica,505,pais_economia,"OECD, PISA 2022 Results (Volume I), Tables I.B1.5.4 (Mathematics), I.B1.5.5 (Reading), I.B1.5.6 (Science)."
2012,Ciencia,Canadá,525,pais_economia,"OECD, PISA 2022 Results (Volume I), Tables I.B1.5.4 (Mathematics), I.B1.5.5 (Reading), I.B1.5.6 (Science)."
2012,Ciencia,Chequia,508,pais_economia,"OECD, PISA 2022 Results (Volume I), Tables I.B1.5.4 (Mathematics), I.B1.5.5 (Reading), I.B1.5.6 (Science)."
2012,Ciencia,Chile,445,pais_economia,"OECD, PISA 2022 Results (Volume I), Tables I.B1.5.4 (Mathematics), I.B1.5.5 (Reading), I.B1.5.6 (Science)."
2012,Ciencia,Chinese Taipei,523,pais_economia,"OECD, PISA 2022 Results (Volume I), Tables I.B1.5.4 (Mathematics), I.B1.5.5 (Reading), I.B1.5.6 (Science)."
2012,Ciencia,Chipre,438,pais_economia,"OECD, PISA 2022 Results (Volume I), Tables I.B1.5.4 (Mathematics), I.B1.5.5 (Reading), I.B1.5.6 (Science)."
2012,Ciencia,Colombia,399,pais_economia,"OECD, PISA 2022 Results (Volume I), Tables I.B1.5.4 (Mathematics), I.B1.5.5 (Reading), I.B1.5.6 (Science)."
2012,Ciencia,Corea,538,pais_economia,"OECD, PISA 2022 Results (Volume I), Tables I.B1.5.4 (Mathematics), I.B1.5.5 (Reading), I.B1.5.6 (Science)."
2012,Ciencia,Costa Rica,429,pais_economia,"OECD, PISA 2022 Results (Volume I), Tables I.B1.5.4 (Mathematics), I.B1.5.5 (Reading), I.B1.5.6 (Science)."
2012,Ciencia,Croacia,491,pais_economia,"OECD, PISA 2022 Results (Volume I), Tables I.B1.5.4 (Mathematics), I.B1.5.5 (Reading), I.B1.5.6 (Science)."
2012,Ciencia,Dinamarca,498,pais_economia,"OECD, PISA 2022 Results (Volume I), Tables I.B1.5.4 (Mathematics), I.B1.5.5 (Reading), I.B1.5.6 (Science)."
2012,Ciencia,Emiratos Árabes Unidos,448,pais_economia,"OECD, PISA 2022 Results (Volume I), Tables I.B1.5.4 (Mathematics), I.B1.5.5 (Reading), I.B1.5.6 (Science)."
2012,Ciencia,Eslovenia,514,pais_economia,"OECD, PISA 2022 Results (Volume I), Tables I.B1.5.4 (Mathematics), I.B1.5.5 (Reading), I.B1.5.6 (Science)."
2012,Ciencia,España,496,pais_economia,"OECD, PISA 2022 Results (Volume I), Tables I.B1.5.4 (Mathematics), I.B1.5.5 (Reading), I.B1.5.6 (Science)."
2012,Ciencia,Estados Unidos,497,pais_economia,"OECD, PISA 2022 Results (Volume I), Tables I.B1.5.4 (Mathematics), I.B1.5.5 (Reading), I.B1.5.6 (Science)."
2012,Ciencia,Estonia,541,pais_economia,"OECD, PISA 2022 Results (Volume I), Tables I.B1.5.4 (Mathematics), I.B1.5.5 (Reading), I.B1.5.6 (Science)."
2012,Ciencia,Finlandia,545,pais_economia,"OECD, PISA 2022 Results (Volume I), Tables I.B1.5.4 (Mathematics), I.B1.5.5 (Reading), I.B1.5.6 (Science)."
2012,Ciencia,Francia,499,pais_economia,"OECD, PISA 2022 Results (Volume I), Tables I.B1.5.4 (Mathematics), I.B1.5.5 (Reading), I.B1.5.6 (Science)."
2012,Ciencia,Grecia,467,pais_economia,"OECD, PISA 2022 Results (Volume I), Tables I.B1.5.4 (Mathematics), I.B1.5.5 (Reading), I.B1.5.6 (Science)."
2012,Ciencia,Hong Kong (China),555,pais_economia,"OECD, PISA 2022 Results (Volume I), Tables I.B1.5.4 (Mathematics), I.B1.5.5 (Reading), I.B1.5.6 (Science)."
2012,Ciencia,Hungría,494,pais_economia,"OECD, PISA 2022 Results (Volume I), Tables I.B1.5.4 (Mathematics), I.B1.5.5 (Reading), I.B1.5.6 (Science)."
2012,Ciencia,Indonesia,382,pais_economia,"OECD, PISA 2022 Results (Volume I), Tables I.B1.5.4 (Mathematics), I.B1.5.5 (Reading), I.B1.5.6 (Science)."
2012,Ciencia,Irlanda,522,pais_economia,"OECD, PISA 2022 Results (Volume I), Tables I.B1.5.4 (Mathematics), I.B1.5.5 (Reading), I.B1.5.6 (Science)."
2012,Ciencia,Islandia,478,pais_economia,"OECD, PISA 2022 Results (Volume I), Tables I.B1.5.4 (Mathematics), I.B1.5.5 (Reading), I.B1.5.6 (Science)."
2012,Ciencia,Israel,470,pais_economia,"OECD, PISA 2022 Results (Volume I), Tables I.B1.5.4 (Mathematics), I.B1.5.5 (Reading), I.B1.5.6 (Science)."
2012,Ciencia,Italia,494,pais_economia,"OECD, PISA 2022 Results (Volume I), Tables I.B1.5.4 (Mathematics), I.B1.5.5 (Reading), I.B1.5.6 (Science)."
2012,Ciencia,Japón,547,pais_economia,"OECD, PISA 2022 Results (Volume I), Tables I.B1.5.4 (Mathematics), I.B1.5.5 (Reading), I.B1.5.6 (Science)."
2012,Ciencia,Kazajistán,425,pais_economia,"OECD, PISA 2022 Results (Volume I), Tables I.B1.5.4 (Mathematics), I.B1.5.5 (Reading), I.B1.5.6 (Science)."
2012,Ciencia,Letonia,502,pais_economia,"OECD, PISA 2022 Results (Volume I), Tables I.B1.5.4 (Mathematics), I.B1.5.5 (Reading), I.B1.5.6 (Science)."
2012,Ciencia,Lituania,496,pais_economia,"OECD, PISA 2022 Results (Volume I), Tables I.B1.5.4 (Mathematics), I.B1.5.5 (Reading), I.B1.5.6 (Science)."
2012,Ciencia,Macao (China),521,pais_economia,"OECD, PISA 2022 Results (Volume I), Tables I.B1.5.4 (Mathematics), I.B1.5.5 (Reading), I.B1.5.6 (Science)."
2012,Ciencia,Malasia,420,pais_economia,"OECD, PISA 2022 Results (Volume I), Tables I.B1.5.4 (Mathematics), I.B1.5.5 (Reading), I.B1.5.6 (Science)."
2012,Ciencia,Montenegro,410,pais_economia,"OECD, PISA 2022 Results (Volume I), Tables I.B1.5.4 (Mathematics), I.B1.5.5 (Reading), I.B1.5.6 (Science)."
2012,Ciencia,México,415,pais_economia,"OECD, PISA 2022 Results (Volume I), Tables I.B1.5.4 (Mathematics), I.B1.5.5 (Reading), I.B1.5.6 (Science)."
2012,Ciencia,Noruega,495,pais_economia,"OECD, PISA 2022 Results (Volume I), Tables I.B1.5.4 (Mathematics), I.B1.5.5 (Reading), I.B1.5.6 (Science)."
2012,Ciencia,Nueva Zelanda,516,pais_economia,"OECD, PISA 2022 Results (Volume I), Tables I.B1.5.4 (Mathematics), I.B1.5.5 (Reading), I.B1.5.6 (Science)."
2012,Ciencia,OCDE,498,referencia,"OECD, PISA 2022 Results (Volume I), Tables I.B1.5.4 (Mathematics), I.B1.5.5 (Reading), I.B1.5.6 (Science)."
2012,Ciencia,Países Bajos,522,pais_economia,"OECD, PISA 2022 Results (Volume I), Tables I.B1.5.4 (Mathematics), I.B1.5.5 (Reading), I.B1.5.6 (Science)."
2012,Ciencia,Perú,373,pais_economia,"OECD, PISA 2022 Results (Volume I), Tables I.B1.5.4 (Mathematics), I.B1.5.5 (Reading), I.B1.5.6 (Science)."
2012,Ciencia,Polonia,526,pais_economia,"OECD, PISA 2022 Results (Volume I), Tables I.B1.5.4 (Mathematics), I.B1.5.5 (Reading), I.B1.5.6 (Science)."
2012,Ciencia,Portugal,489,pais_economia,"OECD, PISA 2022 Results (Volume I), Tables I.B1.5.4 (Mathematics), I.B1.5.5 (Reading), I.B1.5.6 (Science)."
2012,Ciencia,Qatar,384,pais_economia,"OECD, PISA 2022 Results (Volume I), Tables I.B1.5.4 (Mathematics), I.B1.5.5 (Reading), I.B1.5.6 (Science)."
2012,Ciencia,Reino Unido,514,pais_economia,"OECD, PISA 2022 Results (Volume I), Tables I.B1.5.4 (Mathematics), I.B1.5.5 (Reading), I.B1.5.6 (Science)."
2012,Ciencia,República Eslovaca,471,pais_economia,"OECD, PISA 2022 Results (Volume I), Tables I.B1.5.4 (Mathematics), I.B1.5.5 (Reading), I.B1.5.6 (Science)."
2012,Ciencia,Rumanía,439,pais_economia,"OECD, PISA 2022 Results (Volume I), Tables I.B1.5.4 (Mathematics), I.B1.5.5 (Reading), I.B1.5.6 (Science)."
2012,Ciencia,Serbia,445,pais_economia,"OECD, PISA 2022 Results (Volume I), Tables I.B1.5.4 (Mathematics), I.B1.5.5 (Reading), I.B1.5.6 (Science)."
2012,Ciencia,Singapur,551,pais_economia,"OECD, PISA 2022 Results (Volume I), Tables I.B1.5.4 (Mathematics), I.B1.5.5 (Reading), I.B1.5.6 (Science)."
2012,Ciencia,Suecia,485,pais_economia,"OECD, PISA 2022 Results (Volume I), Tables I.B1.5.4 (Mathematics), I.B1.5.5 (Reading), I.B1.5.6 (Science)."
2012,Ciencia,Suiza,515,pais_economia,"OECD, PISA 2022 Results (Volume I), Tables I.B1.5.4 (Mathematics), I.B1.5.5 (Reading), I.B1.5.6 (Science)."
2012,Ciencia,Tailandia,444,pais_economia,"OECD, PISA 2022 Results (Volume I), Tables I.B1.5.4 (Mathematics), I.B1.5.5 (Reading), I.B1.5.6 (Science)."
2012,Ciencia,Türkiye,463,pais_economia,"OECD, PISA 2022 Results (Volume I), Tables I.B1.5.4 (Mathematics), I.B1.5.5 (Reading), I.B1.5.6 (Science)."
2012,Ciencia,Uruguay,416,pais_economia,"OECD, PISA 2022 Results (Volume I), Tables I.B1.5.4 (Mathematics), I.B1.5.5 (Reading), I.B1.5.6 (Science)."
2012,Lectura,Albania,394,pais_economia,"OECD, PISA 2022 Results (Volume I), Tables I.B1.5.4 (Mathematics), I.B1.5.5 (Reading), I.B1.5.6 (Science)."
2012,Lectura,Alemania,508,pais_economia,"OECD, PISA 2022 Results (Volume I), Tables I.B1.5.4 (Mathematics), I.B1.5.5 (Reading), I.B1.5.6 (Science)."
2012,Lectura,Argentina,396,pais_economia,"OECD, PISA 2022 Results (Volume I), Tables I.B1.5.4 (Mathematics), I.B1.5.5 (Reading), I.B1.5.6 (Science)."
2012,Lectura,Australia,512,pais_economia,"OECD, PISA 2022 Results (Volume I), Tables I.B1.5.4 (Mathematics), I.B1.5.5 (Reading), I.B1.5.6 (Science)."
2012,Lectura,Austria,490,pais_economia,"OECD, PISA 2022 Results (Volume I), Tables I.B1.5.4 (Mathematics), I.B1.5.5 (Reading), I.B1.5.6 (Science)."
2012,Lectura,Brasil,407,pais_economia,"OECD, PISA 2022 Results (Volume I), Tables I.B1.5.4 (Mathematics), I.B1.5.5 (Reading), I.B1.5.6 (Science)."
2012,Lectura,Bulgaria,436,pais_economia,"OECD, PISA 2022 Results (Volume I), Tables I.B1.5.4 (Mathematics), I.B1.5.5 (Reading), I.B1.5.6 (Science)."
2012,Lectura,Bélgica,509,pais_economia,"OECD, PISA 2022 Results (Volume I), Tables I.B1.5.4 (Mathematics), I.B1.5.5 (Reading), I.B1.5.6 (Science)."
2012,Lectura,Canadá,523,pais_economia,"OECD, PISA 2022 Results (Volume I), Tables I.B1.5.4 (Mathematics), I.B1.5.5 (Reading), I.B1.5.6 (Science)."
2012,Lectura,Chequia,493,pais_economia,"OECD, PISA 2022 Results (Volume I), Tables I.B1.5.4 (Mathematics), I.B1.5.5 (Reading), I.B1.5.6 (Science)."
2012,Lectura,Chile,441,pais_economia,"OECD, PISA 2022 Results (Volume I), Tables I.B1.5.4 (Mathematics), I.B1.5.5 (Reading), I.B1.5.6 (Science)."
2012,Lectura,Chinese Taipei,523,pais_economia,"OECD, PISA 2022 Results (Volume I), Tables I.B1.5.4 (Mathematics), I.B1.5.5 (Reading), I.B1.5.6 (Science)."
2012,Lectura,Chipre,449,pais_economia,"OECD, PISA 2022 Results (Volume I), Tables I.B1.5.4 (Mathematics), I.B1.5.5 (Reading), I.B1.5.6 (Science)."
2012,Lectura,Colombia,403,pais_economia,"OECD, PISA 2022 Results (Volume I), Tables I.B1.5.4 (Mathematics), I.B1.5.5 (Reading), I.B1.5.6 (Science)."
2012,Lectura,Corea,536,pais_economia,"OECD, PISA 2022 Results (Volume I), Tables I.B1.5.4 (Mathematics), I.B1.5.5 (Reading), I.B1.5.6 (Science)."
2012,Lectura,Costa Rica,441,pais_economia,"OECD, PISA 2022 Results (Volume I), Tables I.B1.5.4 (Mathematics), I.B1.5.5 (Reading), I.B1.5.6 (Science)."
2012,Lectura,Croacia,485,pais_economia,"OECD, PISA 2022 Results (Volume I), Tables I.B1.5.4 (Mathematics), I.B1.5.5 (Reading), I.B1.5.6 (Science)."
2012,Lectura,Dinamarca,496,pais_economia,"OECD, PISA 2022 Results (Volume I), Tables I.B1.5.4 (Mathematics), I.B1.5.5 (Reading), I.B1.5.6 (Science)."
2012,Lectura,Emiratos Árabes Unidos,442,pais_economia,"OECD, PISA 2022 Results (Volume I), Tables I.B1.5.4 (Mathematics), I.B1.5.5 (Reading), I.B1.5.6 (Science)."
2012,Lectura,Eslovenia,481,pais_economia,"OECD, PISA 2022 Results (Volume I), Tables I.B1.5.4 (Mathematics), I.B1.5.5 (Reading), I.B1.5.6 (Science)."
2012,Lectura,España,488,pais_economia,"OECD, PISA 2022 Results (Volume I), Tables I.B1.5.4 (Mathematics), I.B1.5.5 (Reading), I.B1.5.6 (Science)."
2012,Lectura,Estados Unidos,498,pais_economia,"OECD, PISA 2022 Results (Volume I), Tables I.B1.5.4 (Mathematics), I.B1.5.5 (Reading), I.B1.5.6 (Science)."
2012,Lectura,Estonia,516,pais_economia,"OECD, PISA 2022 Results (Volume I), Tables I.B1.5.4 (Mathematics), I.B1.5.5 (Reading), I.B1.5.6 (Science)."
2012,Lectura,Finlandia,524,pais_economia,"OECD, PISA 2022 Results (Volume I), Tables I.B1.5.4 (Mathematics), I.B1.5.5 (Reading), I.B1.5.6 (Science)."
2012,Lectura,Francia,505,pais_economia,"OECD, PISA 2022 Results (Volume I), Tables I.B1.5.4 (Mathematics), I.B1.5.5 (Reading), I.B1.5.6 (Science)."
2012,Lectura,Grecia,477,pais_economia,"OECD, PISA 2022 Results (Volume I), Tables I.B1.5.4 (Mathematics), I.B1.5.5 (Reading), I.B1.5.6 (Science)."
2012,Lectura,Hong Kong (China),545,pais_economia,"OECD, PISA 2022 Results (Volume I), Tables I.B1.5.4 (Mathematics), I.B1.5.5 (Reading), I.B1.5.6 (Science)."
2012,Lectura,Hungría,488,pais_economia,"OECD, PISA 2022 Results (Volume I), Tables I.B1.5.4 (Mathematics), I.B1.5.5 (Reading), I.B1.5.6 (Science)."
2012,Lectura,Indonesia,396,pais_economia,"OECD, PISA 2022 Results (Volume I), Tables I.B1.5.4 (Mathematics), I.B1.5.5 (Reading), I.B1.5.6 (Science)."
2012,Lectura,Irlanda,523,pais_economia,"OECD, PISA 2022 Results (Volume I), Tables I.B1.5.4 (Mathematics), I.B1.5.5 (Reading), I.B1.5.6 (Science)."
2012,Lectura,Islandia,483,pais_economia,"OECD, PISA 2022 Results (Volume I), Tables I.B1.5.4 (Mathematics), I.B1.5.5 (Reading), I.B1.5.6 (Science)."
2012,Lectura,Israel,486,pais_economia,"OECD, PISA 2022 Results (Volume I), Tables I.B1.5.4 (Mathematics), I.B1.5.5 (Reading), I.B1.5.6 (Science)."
2012,Lectura,Italia,490,pais_economia,"OECD, PISA 2022 Results (Volume I), Tables I.B1.5.4 (Mathematics), I.B1.5.5 (Reading), I.B1.5.6 (Science)."
2012,Lectura,Japón,538,pais_economia,"OECD, PISA 2022 Results (Volume I), Tables I.B1.5.4 (Mathematics), I.B1.5.5 (Reading), I.B1.5.6 (Science)."
2012,Lectura,Kazajistán,393,pais_economia,"OECD, PISA 2022 Results (Volume I), Tables I.B1.5.4 (Mathematics), I.B1.5.5 (Reading), I.B1.5.6 (Science)."
2012,Lectura,Letonia,489,pais_economia,"OECD, PISA 2022 Results (Volume I), Tables I.B1.5.4 (Mathematics), I.B1.5.5 (Reading), I.B1.5.6 (Science)."
2012,Lectura,Lituania,477,pais_economia,"OECD, PISA 2022 Results (Volume I), Tables I.B1.5.4 (Mathematics), I.B1.5.5 (Reading), I.B1.5.6 (Science)."
2012,Lectura,Macao (China),509,pais_economia,"OECD, PISA 2022 Results (Volume I), Tables I.B1.5.4 (Mathematics), I.B1.5.5 (Reading), I.B1.5.6 (Science)."
2012,Lectura,Malasia,398,pais_economia,"OECD, PISA 2022 Results (Volume I), Tables I.B1.5.4 (Mathematics), I.B1.5.5 (Reading), I.B1.5.6 (Science)."
2012,Lectura,Montenegro,422,pais_economia,"OECD, PISA 2022 Results (Volume I), Tables I.B1.5.4 (Mathematics), I.B1.5.5 (Reading), I.B1.5.6 (Science)."
2012,Lectura,México,424,pais_economia,"OECD, PISA 2022 Results (Volume I), Tables I.B1.5.4 (Mathematics), I.B1.5.5 (Reading), I.B1.5.6 (Science)."
2012,Lectura,Noruega,504,pais_economia,"OECD, PISA 2022 Results (Volume I), Tables I.B1.5.4 (Mathematics), I.B1.5.5 (Reading), I.B1.5.6 (Science)."
2012,Lectura,Nueva Zelanda,512,pais_economia,"OECD, PISA 2022 Results (Volume I), Tables I.B1.5.4 (Mathematics), I.B1.5.5 (Reading), I.B1.5.6 (Science)."
2012,Lectura,OCDE,493,referencia,"OECD, PISA 2022 Results (Volume I), Tables I.B1.5.4 (Mathematics), I.B1.5.5 (Reading), I.B1.5.6 (Science)."
2012,Lectura,Países Bajos,511,pais_economia,"OECD, PISA 2022 Results (Volume I), Tables I.B1.5.4 (Mathematics), I.B1.5.5 (Reading), I.B1.5.6 (Science)."
2012,Lectura,Perú,384,pais_economia,"OECD, PISA 2022 Results (Volume I), Tables I.B1.5.4 (Mathematics), I.B1.5.5 (Reading), I.B1.5.6 (Science)."
2012,Lectura,Polonia,518,pais_economia,"OECD, PISA 2022 Results (Volume I), Tables I.B1.5.4 (Mathematics), I.B1.5.5 (Reading), I.B1.5.6 (Science)."
2012,Lectura,Portugal,488,pais_economia,"OECD, PISA 2022 Results (Volume I), Tables I.B1.5.4 (Mathematics), I.B1.5.5 (Reading), I.B1.5.6 (Science)."
2012,Lectura,Qatar,388,pais_economia,"OECD, PISA 2022 Results (Volume I), Tables I.B1.5.4 (Mathematics), I.B1.5.5 (Reading), I.B1.5.6 (Science)."
2012,Lectura,Reino Unido,499,pais_economia,"OECD, PISA 2022 Results (Volume I), Tables I.B1.5.4 (Mathematics), I.B1.5.5 (Reading), I.B1.5.6 (Science)."
2012,Lectura,República Eslovaca,463,pais_economia,"OECD, PISA 2022 Results (Volume I), Tables I.B1.5.4 (Mathematics), I.B1.5.5 (Reading), I.B1.5.6 (Science)."
2012,Lectura,Rumanía,438,pais_economia,"OECD, PISA 2022 Results (Volume I), Tables I.B1.5.4 (Mathematics), I.B1.5.5 (Reading), I.B1.5.6 (Science)."
2012,Lectura,Serbia,446,pais_economia,"OECD, PISA 2022 Results (Volume I), Tables I.B1.5.4 (Mathematics), I.B1.5.5 (Reading), I.B1.5.6 (Science)."
2012,Lectura,Singapur,542,pais_economia,"OECD, PISA 2022 Results (Volume I), Tables I.B1.5.4 (Mathematics), I.B1.5.5 (Reading), I.B1.5.6 (Science)."
2012,Lectura,Suecia,483,pais_economia,"OECD, PISA 2022 Results (Volume I), Tables I.B1.5.4 (Mathematics), I.B1.5.5 (Reading), I.B1.5.6 (Science)."
2012,Lectura,Suiza,509,pais_economia,"OECD, PISA 2022 Results (Volume I), Tables I.B1.5.4 (Mathematics), I.B1.5.5 (Reading), I.B1.5.6 (Science)."
2012,Lectura,Tailandia,441,pais_economia,"OECD, PISA 2022 Results (Volume I), Tables I.B1.5.4 (Mathematics), I.B1.5.5 (Reading), I.B1.5.6 (Science)."
2012,Lectura,Türkiye,475,pais_economia,"OECD, PISA 2022 Results (Volume I), Tables I.B1.5.4 (Mathematics), I.B1.5.5 (Reading), I.B1.5.6 (Science)."
2012,Lectura,Uruguay,411,pais_economia,"OECD, PISA 2022 Results (Volume I), Tables I.B1.5.4 (Mathematics), I.B1.5.5 (Reading), I.B1.5.6 (Science)."
2012,Matemática,Albania,394,pais_economia,"OECD, PISA 2022 Results (Volume I), Tables I.B1.5.4 (Mathematics), I.B1.5.5 (Reading), I.B1.5.6 (Science)."
2012,Matemática,Alemania,514,pais_economia,"OECD, PISA 2022 Results (Volume I), Tables I.B1.5.4 (Mathematics), I.B1.5.5 (Reading), I.B1.5.6 (Science)."
2012,Matemática,Argentina,388,pais_economia,"OECD, PISA 2022 Results (Volume I), Tables I.B1.5.4 (Mathematics), I.B1.5.5 (Reading), I.B1.5.6 (Science)."
2012,Matemática,Australia,504,pais_economia,"OECD, PISA 2022 Results (Volume I), Tables I.B1.5.4 (Mathematics), I.B1.5.5 (Reading), I.B1.5.6 (Science)."
2012,Matemática,Austria,506,pais_economia,"OECD, PISA 2022 Results (Volume I), Tables I.B1.5.4 (Mathematics), I.B1.5.5 (Reading), I.B1.5.6 (Science)."
2012,Matemática,Brasil,389,pais_economia,"OECD, PISA 2022 Results (Volume I), Tables I.B1.5.4 (Mathematics), I.B1.5.5 (Reading), I.B1.5.6 (Science)."
2012,Matemática,Bulgaria,439,pais_economia,"OECD, PISA 2022 Results (Volume I), Tables I.B1.5.4 (Mathematics), I.B1.5.5 (Reading), I.B1.5.6 (Science)."
2012,Matemática,Bélgica,515,pais_economia,"OECD, PISA 2022 Results (Volume I), Tables I.B1.5.4 (Mathematics), I.B1.5.5 (Reading), I.B1.5.6 (Science)."
2012,Matemática,Canadá,518,pais_economia,"OECD, PISA 2022 Results (Volume I), Tables I.B1.5.4 (Mathematics), I.B1.5.5 (Reading), I.B1.5.6 (Science)."
2012,Matemática,Chequia,499,pais_economia,"OECD, PISA 2022 Results (Volume I), Tables I.B1.5.4 (Mathematics), I.B1.5.5 (Reading), I.B1.5.6 (Science)."
2012,Matemática,Chile,423,pais_economia,"OECD, PISA 2022 Results (Volume I), Tables I.B1.5.4 (Mathematics), I.B1.5.5 (Reading), I.B1.5.6 (Science)."
2012,Matemática,Chinese Taipei,560,pais_economia,"OECD, PISA 2022 Results (Volume I), Tables I.B1.5.4 (Mathematics), I.B1.5.5 (Reading), I.B1.5.6 (Science)."
2012,Matemática,Chipre,440,pais_economia,"OECD, PISA 2022 Results (Volume I), Tables I.B1.5.4 (Mathematics), I.B1.5.5 (Reading), I.B1.5.6 (Science)."
2012,Matemática,Colombia,376,pais_economia,"OECD, PISA 2022 Results (Volume I), Tables I.B1.5.4 (Mathematics), I.B1.5.5 (Reading), I.B1.5.6 (Science)."
2012,Matemática,Corea,554,pais_economia,"OECD, PISA 2022 Results (Volume I), Tables I.B1.5.4 (Mathematics), I.B1.5.5 (Reading), I.B1.5.6 (Science)."
2012,Matemática,Costa Rica,407,pais_economia,"OECD, PISA 2022 Results (Volume I), Tables I.B1.5.4 (Mathematics), I.B1.5.5 (Reading), I.B1.5.6 (Science)."
2012,Matemática,Croacia,471,pais_economia,"OECD, PISA 2022 Results (Volume I), Tables I.B1.5.4 (Mathematics), I.B1.5.5 (Reading), I.B1.5.6 (Science)."
2012,Matemática,Dinamarca,500,pais_economia,"OECD, PISA 2022 Results (Volume I), Tables I.B1.5.4 (Mathematics), I.B1.5.5 (Reading), I.B1.5.6 (Science)."
2012,Matemática,Emiratos Árabes Unidos,434,pais_economia,"OECD, PISA 2022 Results (Volume I), Tables I.B1.5.4 (Mathematics), I.B1.5.5 (Reading), I.B1.5.6 (Science)."
2012,Matemática,Eslovenia,501,pais_economia,"OECD, PISA 2022 Results (Volume I), Tables I.B1.5.4 (Mathematics), I.B1.5.5 (Reading), I.B1.5.6 (Science)."
2012,Matemática,España,484,pais_economia,"OECD, PISA 2022 Results (Volume I), Tables I.B1.5.4 (Mathematics), I.B1.5.5 (Reading), I.B1.5.6 (Science)."
2012,Matemática,Estados Unidos,481,pais_economia,"OECD, PISA 2022 Results (Volume I), Tables I.B1.5.4 (Mathematics), I.B1.5.5 (Reading), I.B1.5.6 (Science)."
2012,Matemática,Estonia,521,pais_economia,"OECD, PISA 2022 Results (Volume I), Tables I.B1.5.4 (Mathematics), I.B1.5.5 (Reading), I.B1.5.6 (Science)."
2012,Matemática,Finlandia,519,pais_economia,"OECD, PISA 2022 Results (Volume I), Tables I.B1.5.4 (Mathematics), I.B1.5.5 (Reading), I.B1.5.6 (Science)."
2012,Matemática,Francia,495,pais_economia,"OECD, PISA 2022 Results (Volume I), Tables I.B1.5.4 (Mathematics), I.B1.5.5 (Reading), I.B1.5.6 (Science)."
2012,Matemática,Grecia,453,pais_economia,"OECD, PISA 2022 Results (Volume I), Tables I.B1.5.4 (Mathematics), I.B1.5.5 (Reading), I.B1.5.6 (Science)."
2012,Matemática,Hong Kong (China),561,pais_economia,"OECD, PISA 2022 Results (Volume I), Tables I.B1.5.4 (Mathematics), I.B1.5.5 (Reading), I.B1.5.6 (Science)."
2012,Matemática,Hungría,477,pais_economia,"OECD, PISA 2022 Results (Volume I), Tables I.B1.5.4 (Mathematics), I.B1.5.5 (Reading), I.B1.5.6 (Science)."
2012,Matemática,Indonesia,375,pais_economia,"OECD, PISA 2022 Results (Volume I), Tables I.B1.5.4 (Mathematics), I.B1.5.5 (Reading), I.B1.5.6 (Science)."
2012,Matemática,Irlanda,501,pais_economia,"OECD, PISA 2022 Results (Volume I), Tables I.B1.5.4 (Mathematics), I.B1.5.5 (Reading), I.B1.5.6 (Science)."
2012,Matemática,Islandia,493,pais_economia,"OECD, PISA 2022 Results (Volume I), Tables I.B1.5.4 (Mathematics), I.B1.5.5 (Reading), I.B1.5.6 (Science)."
2012,Matemática,Israel,466,pais_economia,"OECD, PISA 2022 Results (Volume I), Tables I.B1.5.4 (Mathematics), I.B1.5.5 (Reading), I.B1.5.6 (Science)."
2012,Matemática,Italia,485,pais_economia,"OECD, PISA 2022 Results (Volume I), Tables I.B1.5.4 (Mathematics), I.B1.5.5 (Reading), I.B1.5.6 (Science)."
2012,Matemática,Japón,536,pais_economia,"OECD, PISA 2022 Results (Volume I), Tables I.B1.5.4 (Mathematics), I.B1.5.5 (Reading), I.B1.5.6 (Science)."
2012,Matemática,Jordania,386,pais_economia,"OECD, PISA 2022 Results (Volume I), Tables I.B1.5.4 (Mathematics), I.B1.5.5 (Reading), I.B1.5.6 (Science)."
2012,Matemática,Kazajistán,432,pais_economia,"OECD, PISA 2022 Results (Volume I), Tables I.B1.5.4 (Mathematics), I.B1.5.5 (Reading), I.B1.5.6 (Science)."
2012,Matemática,Letonia,491,pais_economia,"OECD, PISA 2022 Results (Volume I), Tables I.B1.5.4 (Mathematics), I.B1.5.5 (Reading), I.B1.5.6 (Science)."
2012,Matemática,Lituania,479,pais_economia,"OECD, PISA 2022 Results (Volume I), Tables I.B1.5.4 (Mathematics), I.B1.5.5 (Reading), I.B1.5.6 (Science)."
2012,Matemática,Macao (China),538,pais_economia,"OECD, PISA 2022 Results (Volume I), Tables I.B1.5.4 (Mathematics), I.B1.5.5 (Reading), I.B1.5.6 (Science)."
2012,Matemática,Malasia,421,pais_economia,"OECD, PISA 2022 Results (Volume I), Tables I.B1.5.4 (Mathematics), I.B1.5.5 (Reading), I.B1.5.6 (Science)."
2012,Matemática,Montenegro,410,pais_economia,"OECD, PISA 2022 Results (Volume I), Tables I.B1.5.4 (Mathematics), I.B1.5.5 (Reading), I.B1.5.6 (Science)."
2012,Matemática,México,413,pais_economia,"OECD, PISA 2022 Results (Volume I), Tables I.B1.5.4 (Mathematics), I.B1.5.5 (Reading), I.B1.5.6 (Science)."
2012,Matemática,Noruega,489,pais_economia,"OECD, PISA 2022 Results (Volume I), Tables I.B1.5.4 (Mathematics), I.B1.5.5 (Reading), I.B1.5.6 (Science)."
2012,Matemática,Nueva Zelanda,500,pais_economia,"OECD, PISA 2022 Results (Volume I), Tables I.B1.5.4 (Mathematics), I.B1.5.5 (Reading), I.B1.5.6 (Science)."
2012,Matemática,OCDE,490,referencia,"OECD, PISA 2022 Results (Volume I), Tables I.B1.5.4 (Mathematics), I.B1.5.5 (Reading), I.B1.5.6 (Science)."
2012,Matemática,Países Bajos,523,pais_economia,"OECD, PISA 2022 Results (Volume I), Tables I.B1.5.4 (Mathematics), I.B1.5.5 (Reading), I.B1.5.6 (Science)."
2012,Matemática,Perú,368,pais_economia,"OECD, PISA 2022 Results (Volume I), Tables I.B1.5.4 (Mathematics), I.B1.5.5 (Reading), I.B1.5.6 (Science)."
2012,Matemática,Polonia,518,pais_economia,"OECD, PISA 2022 Results (Volume I), Tables I.B1.5.4 (Mathematics), I.B1.5.5 (Reading), I.B1.5.6 (Science)."
2012,Matemática,Portugal,487,pais_economia,"OECD, PISA 2022 Results (Volume I), Tables I.B1.5.4 (Mathematics), I.B1.5.5 (Reading), I.B1.5.6 (Science)."
2012,Matemática,Qatar,376,pais_economia,"OECD, PISA 2022 Results (Volume I), Tables I.B1.5.4 (Mathematics), I.B1.5.5 (Reading), I.B1.5.6 (Science)."
2012,Matemática,Reino Unido,494,pais_economia,"OECD, PISA 2022 Results (Volume I), Tables I.B1.5.4 (Mathematics), I.B1.5.5 (Reading), I.B1.5.6 (Science)."
2012,Matemática,República Eslovaca,482,pais_economia,"OECD, PISA 2022 Results (Volume I), Tables I.B1.5.4 (Mathematics), I.B1.5.5 (Reading), I.B1.5.6 (Science)."
2012,Matemática,Rumanía,445,pais_economia,"OECD, PISA 2022 Results (Volume I), Tables I.B1.5.4 (Mathematics), I.B1.5.5 (Reading), I.B1.5.6 (Science)."
2012,Matemática,Serbia,449,pais_economia,"OECD, PISA 2022 Results (Volume I), Tables I.B1.5.4 (Mathematics), I.B1.5.5 (Reading), I.B1.5.6 (Science)."
2012,Matemática,Singapur,573,pais_economia,"OECD, PISA 2022 Results (Volume I), Tables I.B1.5.4 (Mathematics), I.B1.5.5 (Reading), I.B1.5.6 (Science)."
2012,Matemática,Suecia,478,pais_economia,"OECD, PISA 2022 Results (Volume I), Tables I.B1.5.4 (Mathematics), I.B1.5.5 (Reading), I.B1.5.6 (Science)."
2012,Matemática,Suiza,531,pais_economia,"OECD, PISA 2022 Results (Volume I), Tables I.B1.5.4 (Mathematics), I.B1.5.5 (Reading), I.B1.5.6 (Science)."
2012,Matemática,Tailandia,427,pais_economia,"OECD, PISA 2022 Results (Volume I), Tables I.B1.5.4 (Mathematics), I.B1.5.5 (Reading), I.B1.5.6 (Science)."
2012,Matemática,Türkiye,448,pais_economia,"OECD, PISA 2022 Results (Volume I), Tables I.B1.5.4 (Mathematics), I.B1.5.5 (Reading), I.B1.5.6 (Science)."
2012,Matemática,Uruguay,409,pais_economia,"OECD, PISA 2022 Results (Volume I), Tables I.B1.5.4 (Mathematics), I.B1.5.5 (Reading), I.B1.5.6 (Science)."
2015,Ciencia,Albania,427,pais_economia,"OECD, PISA 2022 Results (Volume I), Tables I.B1.5.4 (Mathematics), I.B1.5.5 (Reading), I.B1.5.6 (Science)."
2015,Ciencia,Alemania,509,pais_economia,"OECD, PISA 2022 Results (Volume I), Tables I.B1.5.4 (Mathematics), I.B1.5.5 (Reading), I.B1.5.6 (Science)."
2015,Ciencia,Australia,510,pais_economia,"OECD, PISA 2022 Results (Volume I), Tables I.B1.5.4 (Mathematics), I.B1.5.5 (Reading), I.B1.5.6 (Science)."
2015,Ciencia,Austria,495,pais_economia,"OECD, PISA 2022 Results (Volume I), Tables I.B1.5.4 (Mathematics), I.B1.5.5 (Reading), I.B1.5.6 (Science)."
2015,Ciencia,Brasil,401,pais_economia,"OECD, PISA 2022 Results (Volume I), Tables I.B1.5.4 (Mathematics), I.B1.5.5 (Reading), I.B1.5.6 (Science)."
2015,Ciencia,Bulgaria,446,pais_economia,"OECD, PISA 2022 Results (Volume I), Tables I.B1.5.4 (Mathematics), I.B1.5.5 (Reading), I.B1.5.6 (Science)."
2015,Ciencia,Bélgica,502,pais_economia,"OECD, PISA 2022 Results (Volume I), Tables I.B1.5.4 (Mathematics), I.B1.5.5 (Reading), I.B1.5.6 (Science)."
2015,Ciencia,Canadá,528,pais_economia,"OECD, PISA 2022 Results (Volume I), Tables I.B1.5.4 (Mathematics), I.B1.5.5 (Reading), I.B1.5.6 (Science)."
2015,Ciencia,Chequia,493,pais_economia,"OECD, PISA 2022 Results (Volume I), Tables I.B1.5.4 (Mathematics), I.B1.5.5 (Reading), I.B1.5.6 (Science)."
2015,Ciencia,Chile,447,pais_economia,"OECD, PISA 2022 Results (Volume I), Tables I.B1.5.4 (Mathematics), I.B1.5.5 (Reading), I.B1.5.6 (Science)."
2015,Ciencia,Chinese Taipei,532,pais_economia,"OECD, PISA 2022 Results (Volume I), Tables I.B1.5.4 (Mathematics), I.B1.5.5 (Reading), I.B1.5.6 (Science)."
2015,Ciencia,Chipre,433,pais_economia,"OECD, PISA 2022 Results (Volume I), Tables I.B1.5.4 (Mathematics), I.B1.5.5 (Reading), I.B1.5.6 (Science)."
2015,Ciencia,Colombia,416,pais_economia,"OECD, PISA 2022 Results (Volume I), Tables I.B1.5.4 (Mathematics), I.B1.5.5 (Reading), I.B1.5.6 (Science)."
2015,Ciencia,Corea,516,pais_economia,"OECD, PISA 2022 Results (Volume I), Tables I.B1.5.4 (Mathematics), I.B1.5.5 (Reading), I.B1.5.6 (Science)."
2015,Ciencia,Costa Rica,420,pais_economia,"OECD, PISA 2022 Results (Volume I), Tables I.B1.5.4 (Mathematics), I.B1.5.5 (Reading), I.B1.5.6 (Science)."
2015,Ciencia,Croacia,475,pais_economia,"OECD, PISA 2022 Results (Volume I), Tables I.B1.5.4 (Mathematics), I.B1.5.5 (Reading), I.B1.5.6 (Science)."
2015,Ciencia,Dinamarca,502,pais_economia,"OECD, PISA 2022 Results (Volume I), Tables I.B1.5.4 (Mathematics), I.B1.5.5 (Reading), I.B1.5.6 (Science)."
2015,Ciencia,Emiratos Árabes Unidos,437,pais_economia,"OECD, PISA 2022 Results (Volume I), Tables I.B1.5.4 (Mathematics), I.B1.5.5 (Reading), I.B1.5.6 (Science)."
2015,Ciencia,Eslovenia,513,pais_economia,"OECD, PISA 2022 Results (Volume I), Tables I.B1.5.4 (Mathematics), I.B1.5.5 (Reading), I.B1.5.6 (Science)."
2015,Ciencia,España,493,pais_economia,"OECD, PISA 2022 Results (Volume I), Tables I.B1.5.4 (Mathematics), I.B1.5.5 (Reading), I.B1.5.6 (Science)."
2015,Ciencia,Estados Unidos,496,pais_economia,"OECD, PISA 2022 Results (Volume I), Tables I.B1.5.4 (Mathematics), I.B1.5.5 (Reading), I.B1.5.6 (Science)."
2015,Ciencia,Estonia,534,pais_economia,"OECD, PISA 2022 Results (Volume I), Tables I.B1.5.4 (Mathematics), I.B1.5.5 (Reading), I.B1.5.6 (Science)."
2015,Ciencia,Finlandia,531,pais_economia,"OECD, PISA 2022 Results (Volume I), Tables I.B1.5.4 (Mathematics), I.B1.5.5 (Reading), I.B1.5.6 (Science)."
2015,Ciencia,Francia,495,pais_economia,"OECD, PISA 2022 Results (Volume I), Tables I.B1.5.4 (Mathematics), I.B1.5.5 (Reading), I.B1.5.6 (Science)."
2015,Ciencia,Georgia,411,pais_economia,"OECD, PISA 2022 Results (Volume I), Tables I.B1.5.4 (Mathematics), I.B1.5.5 (Reading), I.B1.5.6 (Science)."
2015,Ciencia,Grecia,455,pais_economia,"OECD, PISA 2022 Results (Volume I), Tables I.B1.5.4 (Mathematics), I.B1.5.5 (Reading), I.B1.5.6 (Science)."
2015,Ciencia,Hong Kong (China),523,pais_economia,"OECD, PISA 2022 Results (Volume I), Tables I.B1.5.4 (Mathematics), I.B1.5.5 (Reading), I.B1.5.6 (Science)."
2015,Ciencia,Hungría,477,pais_economia,"OECD, PISA 2022 Results (Volume I), Tables I.B1.5.4 (Mathematics), I.B1.5.5 (Reading), I.B1.5.6 (Science)."
2015,Ciencia,Indonesia,403,pais_economia,"OECD, PISA 2022 Results (Volume I), Tables I.B1.5.4 (Mathematics), I.B1.5.5 (Reading), I.B1.5.6 (Science)."
2015,Ciencia,Irlanda,503,pais_economia,"OECD, PISA 2022 Results (Volume I), Tables I.B1.5.4 (Mathematics), I.B1.5.5 (Reading), I.B1.5.6 (Science)."
2015,Ciencia,Islandia,473,pais_economia,"OECD, PISA 2022 Results (Volume I), Tables I.B1.5.4 (Mathematics), I.B1.5.5 (Reading), I.B1.5.6 (Science)."
2015,Ciencia,Israel,467,pais_economia,"OECD, PISA 2022 Results (Volume I), Tables I.B1.5.4 (Mathematics), I.B1.5.5 (Reading), I.B1.5.6 (Science)."
2015,Ciencia,Italia,481,pais_economia,"OECD, PISA 2022 Results (Volume I), Tables I.B1.5.4 (Mathematics), I.B1.5.5 (Reading), I.B1.5.6 (Science)."
2015,Ciencia,Japón,538,pais_economia,"OECD, PISA 2022 Results (Volume I), Tables I.B1.5.4 (Mathematics), I.B1.5.5 (Reading), I.B1.5.6 (Science)."
2015,Ciencia,Kosovo,378,pais_economia,"OECD, PISA 2022 Results (Volume I), Tables I.B1.5.4 (Mathematics), I.B1.5.5 (Reading), I.B1.5.6 (Science)."
2015,Ciencia,Letonia,490,pais_economia,"OECD, PISA 2022 Results (Volume I), Tables I.B1.5.4 (Mathematics), I.B1.5.5 (Reading), I.B1.5.6 (Science)."
2015,Ciencia,Lituania,475,pais_economia,"OECD, PISA 2022 Results (Volume I), Tables I.B1.5.4 (Mathematics), I.B1.5.5 (Reading), I.B1.5.6 (Science)."
2015,Ciencia,Macao (China),529,pais_economia,"OECD, PISA 2022 Results (Volume I), Tables I.B1.5.4 (Mathematics), I.B1.5.5 (Reading), I.B1.5.6 (Science)."
2015,Ciencia,Macedonia del Norte,384,pais_economia,"OECD, PISA 2022 Results (Volume I), Tables I.B1.5.4 (Mathematics), I.B1.5.5 (Reading), I.B1.5.6 (Science)."
2015,Ciencia,Malta,465,pais_economia,"OECD, PISA 2022 Results (Volume I), Tables I.B1.5.4 (Mathematics), I.B1.5.5 (Reading), I.B1.5.6 (Science)."
2015,Ciencia,Moldova,428,pais_economia,"OECD, PISA 2022 Results (Volume I), Tables I.B1.5.4 (Mathematics), I.B1.5.5 (Reading), I.B1.5.6 (Science)."
2015,Ciencia,Montenegro,411,pais_economia,"OECD, PISA 2022 Results (Volume I), Tables I.B1.5.4 (Mathematics), I.B1.5.5 (Reading), I.B1.5.6 (Science)."
2015,Ciencia,México,416,pais_economia,"OECD, PISA 2022 Results (Volume I), Tables I.B1.5.4 (Mathematics), I.B1.5.5 (Reading), I.B1.5.6 (Science)."
2015,Ciencia,Noruega,498,pais_economia,"OECD, PISA 2022 Results (Volume I), Tables I.B1.5.4 (Mathematics), I.B1.5.5 (Reading), I.B1.5.6 (Science)."
2015,Ciencia,Nueva Zelanda,513,pais_economia,"OECD, PISA 2022 Results (Volume I), Tables I.B1.5.4 (Mathematics), I.B1.5.5 (Reading), I.B1.5.6 (Science)."
2015,Ciencia,OCDE,491,referencia,"OECD, PISA 2022 Results (Volume I), Tables I.B1.5.4 (Mathematics), I.B1.5.5 (Reading), I.B1.5.6 (Science)."
2015,Ciencia,Países Bajos,509,pais_economia,"OECD, PISA 2022 Results (Volume I), Tables I.B1.5.4 (Mathematics), I.B1.5.5 (Reading), I.B1.5.6 (Science)."
2015,Ciencia,Perú,397,pais_economia,"OECD, PISA 2022 Results (Volume I), Tables I.B1.5.4 (Mathematics), I.B1.5.5 (Reading), I.B1.5.6 (Science)."
2015,Ciencia,Polonia,501,pais_economia,"OECD, PISA 2022 Results (Volume I), Tables I.B1.5.4 (Mathematics), I.B1.5.5 (Reading), I.B1.5.6 (Science)."
2015,Ciencia,Portugal,501,pais_economia,"OECD, PISA 2022 Results (Volume I), Tables I.B1.5.4 (Mathematics), I.B1.5.5 (Reading), I.B1.5.6 (Science)."
2015,Ciencia,Qatar,418,pais_economia,"OECD, PISA 2022 Results (Volume I), Tables I.B1.5.4 (Mathematics), I.B1.5.5 (Reading), I.B1.5.6 (Science)."
2015,Ciencia,Reino Unido,509,pais_economia,"OECD, PISA 2022 Results (Volume I), Tables I.B1.5.4 (Mathematics), I.B1.5.5 (Reading), I.B1.5.6 (Science)."
2015,Ciencia,República Dominicana,332,pais_economia,"OECD, PISA 2022 Results (Volume I), Tables I.B1.5.4 (Mathematics), I.B1.5.5 (Reading), I.B1.5.6 (Science)."
2015,Ciencia,República Eslovaca,461,pais_economia,"OECD, PISA 2022 Results (Volume I), Tables I.B1.5.4 (Mathematics), I.B1.5.5 (Reading), I.B1.5.6 (Science)."
2015,Ciencia,Rumanía,435,pais_economia,"OECD, PISA 2022 Results (Volume I), Tables I.B1.5.4 (Mathematics), I.B1.5.5 (Reading), I.B1.5.6 (Science)."
2015,Ciencia,Singapur,556,pais_economia,"OECD, PISA 2022 Results (Volume I), Tables I.B1.5.4 (Mathematics), I.B1.5.5 (Reading), I.B1.5.6 (Science)."
2015,Ciencia,Suecia,493,pais_economia,"OECD, PISA 2022 Results (Volume I), Tables I.B1.5.4 (Mathematics), I.B1.5.5 (Reading), I.B1.5.6 (Science)."
2015,Ciencia,Suiza,506,pais_economia,"OECD, PISA 2022 Results (Volume I), Tables I.B1.5.4 (Mathematics), I.B1.5.5 (Reading), I.B1.5.6 (Science)."
2015,Ciencia,Tailandia,421,pais_economia,"OECD, PISA 2022 Results (Volume I), Tables I.B1.5.4 (Mathematics), I.B1.5.5 (Reading), I.B1.5.6 (Science)."
2015,Ciencia,Türkiye,425,pais_economia,"OECD, PISA 2022 Results (Volume I), Tables I.B1.5.4 (Mathematics), I.B1.5.5 (Reading), I.B1.5.6 (Science)."
2015,Ciencia,Uruguay,435,pais_economia,"OECD, PISA 2022 Results (Volume I), Tables I.B1.5.4 (Mathematics), I.B1.5.5 (Reading), I.B1.5.6 (Science)."
2015,Lectura,Albania,405,pais_economia,"OECD, PISA 2022 Results (Volume I), Tables I.B1.5.4 (Mathematics), I.B1.5.5 (Reading), I.B1.5.6 (Science)."
2015,Lectura,Alemania,509,pais_economia,"OECD, PISA 2022 Results (Volume I), Tables I.B1.5.4 (Mathematics), I.B1.5.5 (Reading), I.B1.5.6 (Science)."
2015,Lectura,Australia,503,pais_economia,"OECD, PISA 2022 Results (Volume I), Tables I.B1.5.4 (Mathematics), I.B1.5.5 (Reading), I.B1.5.6 (Science)."
2015,Lectura,Austria,485,pais_economia,"OECD, PISA 2022 Results (Volume I), Tables I.B1.5.4 (Mathematics), I.B1.5.5 (Reading), I.B1.5.6 (Science)."
2015,Lectura,Brasil,407,pais_economia,"OECD, PISA 2022 Results (Volume I), Tables I.B1.5.4 (Mathematics), I.B1.5.5 (Reading), I.B1.5.6 (Science)."
2015,Lectura,Bulgaria,432,pais_economia,"OECD, PISA 2022 Results (Volume I), Tables I.B1.5.4 (Mathematics), I.B1.5.5 (Reading), I.B1.5.6 (Science)."
2015,Lectura,Bélgica,499,pais_economia,"OECD, PISA 2022 Results (Volume I), Tables I.B1.5.4 (Mathematics), I.B1.5.5 (Reading), I.B1.5.6 (Science)."
2015,Lectura,Canadá,527,pais_economia,"OECD, PISA 2022 Results (Volume I), Tables I.B1.5.4 (Mathematics), I.B1.5.5 (Reading), I.B1.5.6 (Science)."
2015,Lectura,Chequia,487,pais_economia,"OECD, PISA 2022 Results (Volume I), Tables I.B1.5.4 (Mathematics), I.B1.5.5 (Reading), I.B1.5.6 (Science)."
2015,Lectura,Chile,459,pais_economia,"OECD, PISA 2022 Results (Volume I), Tables I.B1.5.4 (Mathematics), I.B1.5.5 (Reading), I.B1.5.6 (Science)."
2015,Lectura,Chinese Taipei,497,pais_economia,"OECD, PISA 2022 Results (Volume I), Tables I.B1.5.4 (Mathematics), I.B1.5.5 (Reading), I.B1.5.6 (Science)."
2015,Lectura,Chipre,443,pais_economia,"OECD, PISA 2022 Results (Volume I), Tables I.B1.5.4 (Mathematics), I.B1.5.5 (Reading), I.B1.5.6 (Science)."
2015,Lectura,Colombia,425,pais_economia,"OECD, PISA 2022 Results (Volume I), Tables I.B1.5.4 (Mathematics), I.B1.5.5 (Reading), I.B1.5.6 (Science)."
2015,Lectura,Corea,517,pais_economia,"OECD, PISA 2022 Results (Volume I), Tables I.B1.5.4 (Mathematics), I.B1.5.5 (Reading), I.B1.5.6 (Science)."
2015,Lectura,Costa Rica,427,pais_economia,"OECD, PISA 2022 Results (Volume I), Tables I.B1.5.4 (Mathematics), I.B1.5.5 (Reading), I.B1.5.6 (Science)."
2015,Lectura,Croacia,487,pais_economia,"OECD, PISA 2022 Results (Volume I), Tables I.B1.5.4 (Mathematics), I.B1.5.5 (Reading), I.B1.5.6 (Science)."
2015,Lectura,Dinamarca,500,pais_economia,"OECD, PISA 2022 Results (Volume I), Tables I.B1.5.4 (Mathematics), I.B1.5.5 (Reading), I.B1.5.6 (Science)."
2015,Lectura,Emiratos Árabes Unidos,434,pais_economia,"OECD, PISA 2022 Results (Volume I), Tables I.B1.5.4 (Mathematics), I.B1.5.5 (Reading), I.B1.5.6 (Science)."
2015,Lectura,Eslovenia,505,pais_economia,"OECD, PISA 2022 Results (Volume I), Tables I.B1.5.4 (Mathematics), I.B1.5.5 (Reading), I.B1.5.6 (Science)."
2015,Lectura,España,496,pais_economia,"OECD, PISA 2022 Results (Volume I), Tables I.B1.5.4 (Mathematics), I.B1.5.5 (Reading), I.B1.5.6 (Science)."
2015,Lectura,Estados Unidos,497,pais_economia,"OECD, PISA 2022 Results (Volume I), Tables I.B1.5.4 (Mathematics), I.B1.5.5 (Reading), I.B1.5.6 (Science)."
2015,Lectura,Estonia,519,pais_economia,"OECD, PISA 2022 Results (Volume I), Tables I.B1.5.4 (Mathematics), I.B1.5.5 (Reading), I.B1.5.6 (Science)."
2015,Lectura,Finlandia,526,pais_economia,"OECD, PISA 2022 Results (Volume I), Tables I.B1.5.4 (Mathematics), I.B1.5.5 (Reading), I.B1.5.6 (Science)."
2015,Lectura,Francia,499,pais_economia,"OECD, PISA 2022 Results (Volume I), Tables I.B1.5.4 (Mathematics), I.B1.5.5 (Reading), I.B1.5.6 (Science)."
2015,Lectura,Georgia,401,pais_economia,"OECD, PISA 2022 Results (Volume I), Tables I.B1.5.4 (Mathematics), I.B1.5.5 (Reading), I.B1.5.6 (Science)."
2015,Lectura,Grecia,467,pais_economia,"OECD, PISA 2022 Results (Volume I), Tables I.B1.5.4 (Mathematics), I.B1.5.5 (Reading), I.B1.5.6 (Science)."
2015,Lectura,Hong Kong (China),527,pais_economia,"OECD, PISA 2022 Results (Volume I), Tables I.B1.5.4 (Mathematics), I.B1.5.5 (Reading), I.B1.5.6 (Science)."
2015,Lectura,Hungría,470,pais_economia,"OECD, PISA 2022 Results (Volume I), Tables I.B1.5.4 (Mathematics), I.B1.5.5 (Reading), I.B1.5.6 (Science)."
2015,Lectura,Indonesia,397,pais_economia,"OECD, PISA 2022 Results (Volume I), Tables I.B1.5.4 (Mathematics), I.B1.5.5 (Reading), I.B1.5.6 (Science)."
2015,Lectura,Irlanda,521,pais_economia,"OECD, PISA 2022 Results (Volume I), Tables I.B1.5.4 (Mathematics), I.B1.5.5 (Reading), I.B1.5.6 (Science)."
2015,Lectura,Islandia,482,pais_economia,"OECD, PISA 2022 Results (Volume I), Tables I.B1.5.4 (Mathematics), I.B1.5.5 (Reading), I.B1.5.6 (Science)."
2015,Lectura,Israel,479,pais_economia,"OECD, PISA 2022 Results (Volume I), Tables I.B1.5.4 (Mathematics), I.B1.5.5 (Reading), I.B1.5.6 (Science)."
2015,Lectura,Italia,485,pais_economia,"OECD, PISA 2022 Results (Volume I), Tables I.B1.5.4 (Mathematics), I.B1.5.5 (Reading), I.B1.5.6 (Science)."
2015,Lectura,Japón,516,pais_economia,"OECD, PISA 2022 Results (Volume I), Tables I.B1.5.4 (Mathematics), I.B1.5.5 (Reading), I.B1.5.6 (Science)."
2015,Lectura,Kosovo,347,pais_economia,"OECD, PISA 2022 Results (Volume I), Tables I.B1.5.4 (Mathematics), I.B1.5.5 (Reading), I.B1.5.6 (Science)."
2015,Lectura,Letonia,488,pais_economia,"OECD, PISA 2022 Results (Volume I), Tables I.B1.5.4 (Mathematics), I.B1.5.5 (Reading), I.B1.5.6 (Science)."
2015,Lectura,Lituania,472,pais_economia,"OECD, PISA 2022 Results (Volume I), Tables I.B1.5.4 (Mathematics), I.B1.5.5 (Reading), I.B1.5.6 (Science)."
2015,Lectura,Macao (China),509,pais_economia,"OECD, PISA 2022 Results (Volume I), Tables I.B1.5.4 (Mathematics), I.B1.5.5 (Reading), I.B1.5.6 (Science)."
2015,Lectura,Macedonia del Norte,352,pais_economia,"OECD, PISA 2022 Results (Volume I), Tables I.B1.5.4 (Mathematics), I.B1.5.5 (Reading), I.B1.5.6 (Science)."
2015,Lectura,Malta,447,pais_economia,"OECD, PISA 2022 Results (Volume I), Tables I.B1.5.4 (Mathematics), I.B1.5.5 (Reading), I.B1.5.6 (Science)."
2015,Lectura,Moldova,416,pais_economia,"OECD, PISA 2022 Results (Volume I), Tables I.B1.5.4 (Mathematics), I.B1.5.5 (Reading), I.B1.5.6 (Science)."
2015,Lectura,Montenegro,427,pais_economia,"OECD, PISA 2022 Results (Volume I), Tables I.B1.5.4 (Mathematics), I.B1.5.5 (Reading), I.B1.5.6 (Science)."
2015,Lectura,México,423,pais_economia,"OECD, PISA 2022 Results (Volume I), Tables I.B1.5.4 (Mathematics), I.B1.5.5 (Reading), I.B1.5.6 (Science)."
2015,Lectura,Noruega,513,pais_economia,"OECD, PISA 2022 Results (Volume I), Tables I.B1.5.4 (Mathematics), I.B1.5.5 (Reading), I.B1.5.6 (Science)."
2015,Lectura,Nueva Zelanda,509,pais_economia,"OECD, PISA 2022 Results (Volume I), Tables I.B1.5.4 (Mathematics), I.B1.5.5 (Reading), I.B1.5.6 (Science)."
2015,Lectura,OCDE,490,referencia,"OECD, PISA 2022 Results (Volume I), Tables I.B1.5.4 (Mathematics), I.B1.5.5 (Reading), I.B1.5.6 (Science)."
2015,Lectura,Países Bajos,503,pais_economia,"OECD, PISA 2022 Results (Volume I), Tables I.B1.5.4 (Mathematics), I.B1.5.5 (Reading), I.B1.5.6 (Science)."
2015,Lectura,Perú,398,pais_economia,"OECD, PISA 2022 Results (Volume I), Tables I.B1.5.4 (Mathematics), I.B1.5.5 (Reading), I.B1.5.6 (Science)."
2015,Lectura,Polonia,506,pais_economia,"OECD, PISA 2022 Results (Volume I), Tables I.B1.5.4 (Mathematics), I.B1.5.5 (Reading), I.B1.5.6 (Science)."
2015,Lectura,Portugal,498,pais_economia,"OECD, PISA 2022 Results (Volume I), Tables I.B1.5.4 (Mathematics), I.B1.5.5 (Reading), I.B1.5.6 (Science)."
2015,Lectura,Qatar,402,pais_economia,"OECD, PISA 2022 Results (Volume I), Tables I.B1.5.4 (Mathematics), I.B1.5.5 (Reading), I.B1.5.6 (Science)."
2015,Lectura,Reino Unido,498,pais_economia,"OECD, PISA 2022 Results (Volume I), Tables I.B1.5.4 (Mathematics), I.B1.5.5 (Reading), I.B1.5.6 (Science)."
2015,Lectura,República Dominicana,358,pais_economia,"OECD, PISA 2022 Results (Volume I), Tables I.B1.5.4 (Mathematics), I.B1.5.5 (Reading), I.B1.5.6 (Science)."
2015,Lectura,República Eslovaca,453,pais_economia,"OECD, PISA 2022 Results (Volume I), Tables I.B1.5.4 (Mathematics), I.B1.5.5 (Reading), I.B1.5.6 (Science)."
2015,Lectura,Rumanía,434,pais_economia,"OECD, PISA 2022 Results (Volume I), Tables I.B1.5.4 (Mathematics), I.B1.5.5 (Reading), I.B1.5.6 (Science)."
2015,Lectura,Singapur,535,pais_economia,"OECD, PISA 2022 Results (Volume I), Tables I.B1.5.4 (Mathematics), I.B1.5.5 (Reading), I.B1.5.6 (Science)."
2015,Lectura,Suecia,500,pais_economia,"OECD, PISA 2022 Results (Volume I), Tables I.B1.5.4 (Mathematics), I.B1.5.5 (Reading), I.B1.5.6 (Science)."
2015,Lectura,Suiza,492,pais_economia,"OECD, PISA 2022 Results (Volume I), Tables I.B1.5.4 (Mathematics), I.B1.5.5 (Reading), I.B1.5.6 (Science)."
2015,Lectura,Tailandia,409,pais_economia,"OECD, PISA 2022 Results (Volume I), Tables I.B1.5.4 (Mathematics), I.B1.5.5 (Reading), I.B1.5.6 (Science)."
2015,Lectura,Türkiye,428,pais_economia,"OECD, PISA 2022 Results (Volume I), Tables I.B1.5.4 (Mathematics), I.B1.5.5 (Reading), I.B1.5.6 (Science)."
2015,Lectura,Uruguay,437,pais_economia,"OECD, PISA 2022 Results (Volume I), Tables I.B1.5.4 (Mathematics), I.B1.5.5 (Reading), I.B1.5.6 (Science)."
2015,Matemática,Albania,413,pais_economia,"OECD, PISA 2022 Results (Volume I), Tables I.B1.5.4 (Mathematics), I.B1.5.5 (Reading), I.B1.5.6 (Science)."
2015,Matemática,Alemania,506,pais_economia,"OECD, PISA 2022 Results (Volume I), Tables I.B1.5.4 (Mathematics), I.B1.5.5 (Reading), I.B1.5.6 (Science)."
2015,Matemática,Australia,494,pais_economia,"OECD, PISA 2022 Results (Volume I), Tables I.B1.5.4 (Mathematics), I.B1.5.5 (Reading), I.B1.5.6 (Science)."
2015,Matemática,Austria,497,pais_economia,"OECD, PISA 2022 Results (Volume I), Tables I.B1.5.4 (Mathematics), I.B1.5.5 (Reading), I.B1.5.6 (Science)."
2015,Matemática,Brasil,377,pais_economia,"OECD, PISA 2022 Results (Volume I), Tables I.B1.5.4 (Mathematics), I.B1.5.5 (Reading), I.B1.5.6 (Science)."
2015,Matemática,Bulgaria,441,pais_economia,"OECD, PISA 2022 Results (Volume I), Tables I.B1.5.4 (Mathematics), I.B1.5.5 (Reading), I.B1.5.6 (Science)."
2015,Matemática,Bélgica,507,pais_economia,"OECD, PISA 2022 Results (Volume I), Tables I.B1.5.4 (Mathematics), I.B1.5.5 (Reading), I.B1.5.6 (Science)."
2015,Matemática,Canadá,516,pais_economia,"OECD, PISA 2022 Results (Volume I), Tables I.B1.5.4 (Mathematics), I.B1.5.5 (Reading), I.B1.5.6 (Science)."
2015,Matemática,Chequia,492,pais_economia,"OECD, PISA 2022 Results (Volume I), Tables I.B1.5.4 (Mathematics), I.B1.5.5 (Reading), I.B1.5.6 (Science)."
2015,Matemática,Chile,423,pais_economia,"OECD, PISA 2022 Results (Volume I), Tables I.B1.5.4 (Mathematics), I.B1.5.5 (Reading), I.B1.5.6 (Science)."
2015,Matemática,Chinese Taipei,542,pais_economia,"OECD, PISA 2022 Results (Volume I), Tables I.B1.5.4 (Mathematics), I.B1.5.5 (Reading), I.B1.5.6 (Science)."
2015,Matemática,Chipre,437,pais_economia,"OECD, PISA 2022 Results (Volume I), Tables I.B1.5.4 (Mathematics), I.B1.5.5 (Reading), I.B1.5.6 (Science)."
2015,Matemática,Colombia,390,pais_economia,"OECD, PISA 2022 Results (Volume I), Tables I.B1.5.4 (Mathematics), I.B1.5.5 (Reading), I.B1.5.6 (Science)."
2015,Matemática,Corea,524,pais_economia,"OECD, PISA 2022 Results (Volume I), Tables I.B1.5.4 (Mathematics), I.B1.5.5 (Reading), I.B1.5.6 (Science)."
2015,Matemática,Costa Rica,400,pais_economia,"OECD, PISA 2022 Results (Volume I), Tables I.B1.5.4 (Mathematics), I.B1.5.5 (Reading), I.B1.5.6 (Science)."
2015,Matemática,Croacia,464,pais_economia,"OECD, PISA 2022 Results (Volume I), Tables I.B1.5.4 (Mathematics), I.B1.5.5 (Reading), I.B1.5.6 (Science)."
2015,Matemática,Dinamarca,511,pais_economia,"OECD, PISA 2022 Results (Volume I), Tables I.B1.5.4 (Mathematics), I.B1.5.5 (Reading), I.B1.5.6 (Science)."
2015,Matemática,Emiratos Árabes Unidos,427,pais_economia,"OECD, PISA 2022 Results (Volume I), Tables I.B1.5.4 (Mathematics), I.B1.5.5 (Reading), I.B1.5.6 (Science)."
2015,Matemática,Eslovenia,510,pais_economia,"OECD, PISA 2022 Results (Volume I), Tables I.B1.5.4 (Mathematics), I.B1.5.5 (Reading), I.B1.5.6 (Science)."
2015,Matemática,España,486,pais_economia,"OECD, PISA 2022 Results (Volume I), Tables I.B1.5.4 (Mathematics), I.B1.5.5 (Reading), I.B1.5.6 (Science)."
2015,Matemática,Estados Unidos,470,pais_economia,"OECD, PISA 2022 Results (Volume I), Tables I.B1.5.4 (Mathematics), I.B1.5.5 (Reading), I.B1.5.6 (Science)."
2015,Matemática,Estonia,520,pais_economia,"OECD, PISA 2022 Results (Volume I), Tables I.B1.5.4 (Mathematics), I.B1.5.5 (Reading), I.B1.5.6 (Science)."
2015,Matemática,Finlandia,511,pais_economia,"OECD, PISA 2022 Results (Volume I), Tables I.B1.5.4 (Mathematics), I.B1.5.5 (Reading), I.B1.5.6 (Science)."
2015,Matemática,Francia,493,pais_economia,"OECD, PISA 2022 Results (Volume I), Tables I.B1.5.4 (Mathematics), I.B1.5.5 (Reading), I.B1.5.6 (Science)."
2015,Matemática,Georgia,404,pais_economia,"OECD, PISA 2022 Results (Volume I), Tables I.B1.5.4 (Mathematics), I.B1.5.5 (Reading), I.B1.5.6 (Science)."
2015,Matemática,Grecia,454,pais_economia,"OECD, PISA 2022 Results (Volume I), Tables I.B1.5.4 (Mathematics), I.B1.5.5 (Reading), I.B1.5.6 (Science)."
2015,Matemática,Hong Kong (China),548,pais_economia,"OECD, PISA 2022 Results (Volume I), Tables I.B1.5.4 (Mathematics), I.B1.5.5 (Reading), I.B1.5.6 (Science)."
2015,Matemática,Hungría,477,pais_economia,"OECD, PISA 2022 Results (Volume I), Tables I.B1.5.4 (Mathematics), I.B1.5.5 (Reading), I.B1.5.6 (Science)."
2015,Matemática,Indonesia,386,pais_economia,"OECD, PISA 2022 Results (Volume I), Tables I.B1.5.4 (Mathematics), I.B1.5.5 (Reading), I.B1.5.6 (Science)."
2015,Matemática,Irlanda,504,pais_economia,"OECD, PISA 2022 Results (Volume I), Tables I.B1.5.4 (Mathematics), I.B1.5.5 (Reading), I.B1.5.6 (Science)."
2015,Matemática,Islandia,488,pais_economia,"OECD, PISA 2022 Results (Volume I), Tables I.B1.5.4 (Mathematics), I.B1.5.5 (Reading), I.B1.5.6 (Science)."
2015,Matemática,Israel,470,pais_economia,"OECD, PISA 2022 Results (Volume I), Tables I.B1.5.4 (Mathematics), I.B1.5.5 (Reading), I.B1.5.6 (Science)."
2015,Matemática,Italia,490,pais_economia,"OECD, PISA 2022 Results (Volume I), Tables I.B1.5.4 (Mathematics), I.B1.5.5 (Reading), I.B1.5.6 (Science)."
2015,Matemática,Japón,532,pais_economia,"OECD, PISA 2022 Results (Volume I), Tables I.B1.5.4 (Mathematics), I.B1.5.5 (Reading), I.B1.5.6 (Science)."
2015,Matemática,Jordania,380,pais_economia,"OECD, PISA 2022 Results (Volume I), Tables I.B1.5.4 (Mathematics), I.B1.5.5 (Reading), I.B1.5.6 (Science)."
2015,Matemática,Kosovo,362,pais_economia,"OECD, PISA 2022 Results (Volume I), Tables I.B1.5.4 (Mathematics), I.B1.5.5 (Reading), I.B1.5.6 (Science)."
2015,Matemática,Letonia,482,pais_economia,"OECD, PISA 2022 Results (Volume I), Tables I.B1.5.4 (Mathematics), I.B1.5.5 (Reading), I.B1.5.6 (Science)."
2015,Matemática,Lituania,478,pais_economia,"OECD, PISA 2022 Results (Volume I), Tables I.B1.5.4 (Mathematics), I.B1.5.5 (Reading), I.B1.5.6 (Science)."
2015,Matemática,Macao (China),544,pais_economia,"OECD, PISA 2022 Results (Volume I), Tables I.B1.5.4 (Mathematics), I.B1.5.5 (Reading), I.B1.5.6 (Science)."
2015,Matemática,Macedonia del Norte,371,pais_economia,"OECD, PISA 2022 Results (Volume I), Tables I.B1.5.4 (Mathematics), I.B1.5.5 (Reading), I.B1.5.6 (Science)."
2015,Matemática,Malta,479,pais_economia,"OECD, PISA 2022 Results (Volume I), Tables I.B1.5.4 (Mathematics), I.B1.5.5 (Reading), I.B1.5.6 (Science)."
2015,Matemática,Moldova,420,pais_economia,"OECD, PISA 2022 Results (Volume I), Tables I.B1.5.4 (Mathematics), I.B1.5.5 (Reading), I.B1.5.6 (Science)."
2015,Matemática,Montenegro,418,pais_economia,"OECD, PISA 2022 Results (Volume I), Tables I.B1.5.4 (Mathematics), I.B1.5.5 (Reading), I.B1.5.6 (Science)."
2015,Matemática,México,408,pais_economia,"OECD, PISA 2022 Results (Volume I), Tables I.B1.5.4 (Mathematics), I.B1.5.5 (Reading), I.B1.5.6 (Science)."
2015,Matemática,Noruega,502,pais_economia,"OECD, PISA 2022 Results (Volume I), Tables I.B1.5.4 (Mathematics), I.B1.5.5 (Reading), I.B1.5.6 (Science)."
2015,Matemática,Nueva Zelanda,495,pais_economia,"OECD, PISA 2022 Results (Volume I), Tables I.B1.5.4 (Mathematics), I.B1.5.5 (Reading), I.B1.5.6 (Science)."
2015,Matemática,OCDE,487,referencia,"OECD, PISA 2022 Results (Volume I), Tables I.B1.5.4 (Mathematics), I.B1.5.5 (Reading), I.B1.5.6 (Science)."
2015,Matemática,Países Bajos,512,pais_economia,"OECD, PISA 2022 Results (Volume I), Tables I.B1.5.4 (Mathematics), I.B1.5.5 (Reading), I.B1.5.6 (Science)."
2015,Matemática,Perú,387,pais_economia,"OECD, PISA 2022 Results (Volume I), Tables I.B1.5.4 (Mathematics), I.B1.5.5 (Reading), I.B1.5.6 (Science)."
2015,Matemática,Polonia,504,pais_economia,"OECD, PISA 2022 Results (Volume I), Tables I.B1.5.4 (Mathematics), I.B1.5.5 (Reading), I.B1.5.6 (Science)."
2015,Matemática,Portugal,492,pais_economia,"OECD, PISA 2022 Results (Volume I), Tables I.B1.5.4 (Mathematics), I.B1.5.5 (Reading), I.B1.5.6 (Science)."
2015,Matemática,Qatar,402,pais_economia,"OECD, PISA 2022 Results (Volume I), Tables I.B1.5.4 (Mathematics), I.B1.5.5 (Reading), I.B1.5.6 (Science)."
2015,Matemática,Reino Unido,492,pais_economia,"OECD, PISA 2022 Results (Volume I), Tables I.B1.5.4 (Mathematics), I.B1.5.5 (Reading), I.B1.5.6 (Science)."
2015,Matemática,República Dominicana,328,pais_economia,"OECD, PISA 2022 Results (Volume I), Tables I.B1.5.4 (Mathematics), I.B1.5.5 (Reading), I.B1.5.6 (Science)."
2015,Matemática,República Eslovaca,475,pais_economia,"OECD, PISA 2022 Results (Volume I), Tables I.B1.5.4 (Mathematics), I.B1.5.5 (Reading), I.B1.5.6 (Science)."
2015,Matemática,Rumanía,444,pais_economia,"OECD, PISA 2022 Results (Volume I), Tables I.B1.5.4 (Mathematics), I.B1.5.5 (Reading), I.B1.5.6 (Science)."
2015,Matemática,Singapur,564,pais_economia,"OECD, PISA 2022 Results (Volume I), Tables I.B1.5.4 (Mathematics), I.B1.5.5 (Reading), I.B1.5.6 (Science)."
2015,Matemática,Suecia,494,pais_economia,"OECD, PISA 2022 Results (Volume I), Tables I.B1.5.4 (Mathematics), I.B1.5.5 (Reading), I.B1.5.6 (Science)."
2015,Matemática,Suiza,521,pais_economia,"OECD, PISA 2022 Results (Volume I), Tables I.B1.5.4 (Mathematics), I.B1.5.5 (Reading), I.B1.5.6 (Science)."
2015,Matemática,Tailandia,415,pais_economia,"OECD, PISA 2022 Results (Volume I), Tables I.B1.5.4 (Mathematics), I.B1.5.5 (Reading), I.B1.5.6 (Science)."
2015,Matemática,Türkiye,420,pais_economia,"OECD, PISA 2022 Results (Volume I), Tables I.B1.5.4 (Mathematics), I.B1.5.5 (Reading), I.B1.5.6 (Science)."
2015,Matemática,Uruguay,418,pais_economia,"OECD, PISA 2022 Results (Volume I), Tables I.B1.5.4 (Mathematics), I.B1.5.5 (Reading), I.B1.5.6 (Science)."
2018,Ciencia,Albania,417,pais_economia,"OECD, PISA 2022 Results (Volume I), Tables I.B1.5.4 (Mathematics), I.B1.5.5 (Reading), I.B1.5.6 (Science)."
2018,Ciencia,Alemania,503,pais_economia,"OECD, PISA 2022 Results (Volume I), Tables I.B1.5.4 (Mathematics), I.B1.5.5 (Reading), I.B1.5.6 (Science)."
2018,Ciencia,Arabia Saudita,386,pais_economia,"OECD, PISA 2022 Results (Volume I), Tables I.B1.5.4 (Mathematics), I.B1.5.5 (Reading), I.B1.5.6 (Science)."
2018,Ciencia,Argentina,404,pais_economia,"OECD, PISA 2022 Results (Volume I), Tables I.B1.5.4 (Mathematics), I.B1.5.5 (Reading), I.B1.5.6 (Science)."
2018,Ciencia,Australia,503,pais_economia,"OECD, PISA 2022 Results (Volume I), Tables I.B1.5.4 (Mathematics), I.B1.5.5 (Reading), I.B1.5.6 (Science)."
2018,Ciencia,Austria,490,pais_economia,"OECD, PISA 2022 Results (Volume I), Tables I.B1.5.4 (Mathematics), I.B1.5.5 (Reading), I.B1.5.6 (Science)."
2018,Ciencia,Bakú (Azerbaiyán),398,pais_economia,"OECD, PISA 2022 Results (Volume I), Tables I.B1.5.4 (Mathematics), I.B1.5.5 (Reading), I.B1.5.6 (Science)."
2018,Ciencia,Brasil,404,pais_economia,"OECD, PISA 2022 Results (Volume I), Tables I.B1.5.4 (Mathematics), I.B1.5.5 (Reading), I.B1.5.6 (Science)."
2018,Ciencia,Brunéi Darussalam,431,pais_economia,"OECD, PISA 2022 Results (Volume I), Tables I.B1.5.4 (Mathematics), I.B1.5.5 (Reading), I.B1.5.6 (Science)."
2018,Ciencia,Bulgaria,424,pais_economia,"OECD, PISA 2022 Results (Volume I), Tables I.B1.5.4 (Mathematics), I.B1.5.5 (Reading), I.B1.5.6 (Science)."
2018,Ciencia,Bélgica,499,pais_economia,"OECD, PISA 2022 Results (Volume I), Tables I.B1.5.4 (Mathematics), I.B1.5.5 (Reading), I.B1.5.6 (Science)."
2018,Ciencia,Camboya,330,pais_economia,"OECD, PISA 2022 Results (Volume I), Tables I.B1.5.4 (Mathematics), I.B1.5.5 (Reading), I.B1.5.6 (Science)."
2018,Ciencia,Canadá,518,pais_economia,"OECD, PISA 2022 Results (Volume I), Tables I.B1.5.4 (Mathematics), I.B1.5.5 (Reading), I.B1.5.6 (Science)."
2018,Ciencia,Chequia,497,pais_economia,"OECD, PISA 2022 Results (Volume I), Tables I.B1.5.4 (Mathematics), I.B1.5.5 (Reading), I.B1.5.6 (Science)."
2018,Ciencia,Chile,444,pais_economia,"OECD, PISA 2022 Results (Volume I), Tables I.B1.5.4 (Mathematics), I.B1.5.5 (Reading), I.B1.5.6 (Science)."
2018,Ciencia,Chinese Taipei,516,pais_economia,"OECD, PISA 2022 Results (Volume I), Tables I.B1.5.4 (Mathematics), I.B1.5.5 (Reading), I.B1.5.6 (Science)."
2018,Ciencia,Chipre,439,pais_economia,"OECD, PISA 2022 Results (Volume I), Tables I.B1.5.4 (Mathematics), I.B1.5.5 (Reading), I.B1.5.6 (Science)."
2018,Ciencia,Colombia,413,pais_economia,"OECD, PISA 2022 Results (Volume I), Tables I.B1.5.4 (Mathematics), I.B1.5.5 (Reading), I.B1.5.6 (Science)."
2018,Ciencia,Corea,519,pais_economia,"OECD, PISA 2022 Results (Volume I), Tables I.B1.5.4 (Mathematics), I.B1.5.5 (Reading), I.B1.5.6 (Science)."
2018,Ciencia,Costa Rica,416,pais_economia,"OECD, PISA 2022 Results (Volume I), Tables I.B1.5.4 (Mathematics), I.B1.5.5 (Reading), I.B1.5.6 (Science)."
2018,Ciencia,Croacia,472,pais_economia,"OECD, PISA 2022 Results (Volume I), Tables I.B1.5.4 (Mathematics), I.B1.5.5 (Reading), I.B1.5.6 (Science)."
2018,Ciencia,Dinamarca,493,pais_economia,"OECD, PISA 2022 Results (Volume I), Tables I.B1.5.4 (Mathematics), I.B1.5.5 (Reading), I.B1.5.6 (Science)."
2018,Ciencia,Emiratos Árabes Unidos,434,pais_economia,"OECD, PISA 2022 Results (Volume I), Tables I.B1.5.4 (Mathematics), I.B1.5.5 (Reading), I.B1.5.6 (Science)."
2018,Ciencia,Eslovenia,507,pais_economia,"OECD, PISA 2022 Results (Volume I), Tables I.B1.5.4 (Mathematics), I.B1.5.5 (Reading), I.B1.5.6 (Science)."
2018,Ciencia,Estados Unidos,502,pais_economia,"OECD, PISA 2022 Results (Volume I), Tables I.B1.5.4 (Mathematics), I.B1.5.5 (Reading), I.B1.5.6 (Science)."
2018,Ciencia,Estonia,530,pais_economia,"OECD, PISA 2022 Results (Volume I), Tables I.B1.5.4 (Mathematics), I.B1.5.5 (Reading), I.B1.5.6 (Science)."
2018,Ciencia,Filipinas,357,pais_economia,"OECD, PISA 2022 Results (Volume I), Tables I.B1.5.4 (Mathematics), I.B1.5.5 (Reading), I.B1.5.6 (Science)."
2018,Ciencia,Finlandia,522,pais_economia,"OECD, PISA 2022 Results (Volume I), Tables I.B1.5.4 (Mathematics), I.B1.5.5 (Reading), I.B1.5.6 (Science)."
2018,Ciencia,Francia,493,pais_economia,"OECD, PISA 2022 Results (Volume I), Tables I.B1.5.4 (Mathematics), I.B1.5.5 (Reading), I.B1.5.6 (Science)."
2018,Ciencia,Georgia,383,pais_economia,"OECD, PISA 2022 Results (Volume I), Tables I.B1.5.4 (Mathematics), I.B1.5.5 (Reading), I.B1.5.6 (Science)."
2018,Ciencia,Grecia,452,pais_economia,"OECD, PISA 2022 Results (Volume I), Tables I.B1.5.4 (Mathematics), I.B1.5.5 (Reading), I.B1.5.6 (Science)."
2018,Ciencia,Guatemala,365,pais_economia,"OECD, PISA 2022 Results (Volume I), Tables I.B1.5.4 (Mathematics), I.B1.5.5 (Reading), I.B1.5.6 (Science)."
2018,Ciencia,Hong Kong (China),517,pais_economia,"OECD, PISA 2022 Results (Volume I), Tables I.B1.5.4 (Mathematics), I.B1.5.5 (Reading), I.B1.5.6 (Science)."
2018,Ciencia,Hungría,481,pais_economia,"OECD, PISA 2022 Results (Volume I), Tables I.B1.5.4 (Mathematics), I.B1.5.5 (Reading), I.B1.5.6 (Science)."
2018,Ciencia,Indonesia,396,pais_economia,"OECD, PISA 2022 Results (Volume I), Tables I.B1.5.4 (Mathematics), I.B1.5.5 (Reading), I.B1.5.6 (Science)."
2018,Ciencia,Irlanda,496,pais_economia,"OECD, PISA 2022 Results (Volume I), Tables I.B1.5.4 (Mathematics), I.B1.5.5 (Reading), I.B1.5.6 (Science)."
2018,Ciencia,Islandia,475,pais_economia,"OECD, PISA 2022 Results (Volume I), Tables I.B1.5.4 (Mathematics), I.B1.5.5 (Reading), I.B1.5.6 (Science)."
2018,Ciencia,Israel,462,pais_economia,"OECD, PISA 2022 Results (Volume I), Tables I.B1.5.4 (Mathematics), I.B1.5.5 (Reading), I.B1.5.6 (Science)."
2018,Ciencia,Italia,468,pais_economia,"OECD, PISA 2022 Results (Volume I), Tables I.B1.5.4 (Mathematics), I.B1.5.5 (Reading), I.B1.5.6 (Science)."
2018,Ciencia,Japón,529,pais_economia,"OECD, PISA 2022 Results (Volume I), Tables I.B1.5.4 (Mathematics), I.B1.5.5 (Reading), I.B1.5.6 (Science)."
2018,Ciencia,Kazajistán,397,pais_economia,"OECD, PISA 2022 Results (Volume I), Tables I.B1.5.4 (Mathematics), I.B1.5.5 (Reading), I.B1.5.6 (Science)."
2018,Ciencia,Kosovo,365,pais_economia,"OECD, PISA 2022 Results (Volume I), Tables I.B1.5.4 (Mathematics), I.B1.5.5 (Reading), I.B1.5.6 (Science)."
2018,Ciencia,Letonia,487,pais_economia,"OECD, PISA 2022 Results (Volume I), Tables I.B1.5.4 (Mathematics), I.B1.5.5 (Reading), I.B1.5.6 (Science)."
2018,Ciencia,Lituania,482,pais_economia,"OECD, PISA 2022 Results (Volume I), Tables I.B1.5.4 (Mathematics), I.B1.5.5 (Reading), I.B1.5.6 (Science)."
2018,Ciencia,Macao (China),544,pais_economia,"OECD, PISA 2022 Results (Volume I), Tables I.B1.5.4 (Mathematics), I.B1.5.5 (Reading), I.B1.5.6 (Science)."
2018,Ciencia,Macedonia del Norte,413,pais_economia,"OECD, PISA 2022 Results (Volume I), Tables I.B1.5.4 (Mathematics), I.B1.5.5 (Reading), I.B1.5.6 (Science)."
2018,Ciencia,Malasia,438,pais_economia,"OECD, PISA 2022 Results (Volume I), Tables I.B1.5.4 (Mathematics), I.B1.5.5 (Reading), I.B1.5.6 (Science)."
2018,Ciencia,Malta,457,pais_economia,"OECD, PISA 2022 Results (Volume I), Tables I.B1.5.4 (Mathematics), I.B1.5.5 (Reading), I.B1.5.6 (Science)."
2018,Ciencia,Marruecos,377,pais_economia,"OECD, PISA 2022 Results (Volume I), Tables I.B1.5.4 (Mathematics), I.B1.5.5 (Reading), I.B1.5.6 (Science)."
2018,Ciencia,Moldova,428,pais_economia,"OECD, PISA 2022 Results (Volume I), Tables I.B1.5.4 (Mathematics), I.B1.5.5 (Reading), I.B1.5.6 (Science)."
2018,Ciencia,Montenegro,415,pais_economia,"OECD, PISA 2022 Results (Volume I), Tables I.B1.5.4 (Mathematics), I.B1.5.5 (Reading), I.B1.5.6 (Science)."
2018,Ciencia,México,419,pais_economia,"OECD, PISA 2022 Results (Volume I), Tables I.B1.5.4 (Mathematics), I.B1.5.5 (Reading), I.B1.5.6 (Science)."
2018,Ciencia,Noruega,490,pais_economia,"OECD, PISA 2022 Results (Volume I), Tables I.B1.5.4 (Mathematics), I.B1.5.5 (Reading), I.B1.5.6 (Science)."
2018,Ciencia,Nueva Zelanda,508,pais_economia,"OECD, PISA 2022 Results (Volume I), Tables I.B1.5.4 (Mathematics), I.B1.5.5 (Reading), I.B1.5.6 (Science)."
2018,Ciencia,OCDE,489,referencia,"OECD, PISA 2022 Results (Volume I), Tables I.B1.5.4 (Mathematics), I.B1.5.5 (Reading), I.B1.5.6 (Science)."
2018,Ciencia,Panamá,365,pais_economia,"OECD, PISA 2022 Results (Volume I), Tables I.B1.5.4 (Mathematics), I.B1.5.5 (Reading), I.B1.5.6 (Science)."
2018,Ciencia,Paraguay,358,pais_economia,"OECD, PISA 2022 Results (Volume I), Tables I.B1.5.4 (Mathematics), I.B1.5.5 (Reading), I.B1.5.6 (Science)."
2018,Ciencia,Países Bajos,503,pais_economia,"OECD, PISA 2022 Results (Volume I), Tables I.B1.5.4 (Mathematics), I.B1.5.5 (Reading), I.B1.5.6 (Science)."
2018,Ciencia,Perú,404,pais_economia,"OECD, PISA 2022 Results (Volume I), Tables I.B1.5.4 (Mathematics), I.B1.5.5 (Reading), I.B1.5.6 (Science)."
2018,Ciencia,Polonia,511,pais_economia,"OECD, PISA 2022 Results (Volume I), Tables I.B1.5.4 (Mathematics), I.B1.5.5 (Reading), I.B1.5.6 (Science)."
2018,Ciencia,Portugal,492,pais_economia,"OECD, PISA 2022 Results (Volume I), Tables I.B1.5.4 (Mathematics), I.B1.5.5 (Reading), I.B1.5.6 (Science)."
2018,Ciencia,Qatar,419,pais_economia,"OECD, PISA 2022 Results (Volume I), Tables I.B1.5.4 (Mathematics), I.B1.5.5 (Reading), I.B1.5.6 (Science)."
2018,Ciencia,Reino Unido,505,pais_economia,"OECD, PISA 2022 Results (Volume I), Tables I.B1.5.4 (Mathematics), I.B1.5.5 (Reading), I.B1.5.6 (Science)."
2018,Ciencia,República Dominicana,336,pais_economia,"OECD, PISA 2022 Results (Volume I), Tables I.B1.5.4 (Mathematics), I.B1.5.5 (Reading), I.B1.5.6 (Science)."
2018,Ciencia,República Eslovaca,464,pais_economia,"OECD, PISA 2022 Results (Volume I), Tables I.B1.5.4 (Mathematics), I.B1.5.5 (Reading), I.B1.5.6 (Science)."
2018,Ciencia,Rumanía,426,pais_economia,"OECD, PISA 2022 Results (Volume I), Tables I.B1.5.4 (Mathematics), I.B1.5.5 (Reading), I.B1.5.6 (Science)."
2018,Ciencia,Serbia,440,pais_economia,"OECD, PISA 2022 Results (Volume I), Tables I.B1.5.4 (Mathematics), I.B1.5.5 (Reading), I.B1.5.6 (Science)."
2018,Ciencia,Singapur,551,pais_economia,"OECD, PISA 2022 Results (Volume I), Tables I.B1.5.4 (Mathematics), I.B1.5.5 (Reading), I.B1.5.6 (Science)."
2018,Ciencia,Suecia,499,pais_economia,"OECD, PISA 2022 Results (Volume I), Tables I.B1.5.4 (Mathematics), I.B1.5.5 (Reading), I.B1.5.6 (Science)."
2018,Ciencia,Suiza,495,pais_economia,"OECD, PISA 2022 Results (Volume I), Tables I.B1.5.4 (Mathematics), I.B1.5.5 (Reading), I.B1.5.6 (Science)."
2018,Ciencia,Tailandia,426,pais_economia,"OECD, PISA 2022 Results (Volume I), Tables I.B1.5.4 (Mathematics), I.B1.5.5 (Reading), I.B1.5.6 (Science)."
2018,Ciencia,Türkiye,468,pais_economia,"OECD, PISA 2022 Results (Volume I), Tables I.B1.5.4 (Mathematics), I.B1.5.5 (Reading), I.B1.5.6 (Science)."
2018,Ciencia,Uruguay,426,pais_economia,"OECD, PISA 2022 Results (Volume I), Tables I.B1.5.4 (Mathematics), I.B1.5.5 (Reading), I.B1.5.6 (Science)."
2018,Lectura,Albania,405,pais_economia,"OECD, PISA 2022 Results (Volume I), Tables I.B1.5.4 (Mathematics), I.B1.5.5 (Reading), I.B1.5.6 (Science)."
2018,Lectura,Alemania,498,pais_economia,"OECD, PISA 2022 Results (Volume I), Tables I.B1.5.4 (Mathematics), I.B1.5.5 (Reading), I.B1.5.6 (Science)."
2018,Lectura,Arabia Saudita,399,pais_economia,"OECD, PISA 2022 Results (Volume I), Tables I.B1.5.4 (Mathematics), I.B1.5.5 (Reading), I.B1.5.6 (Science)."
2018,Lectura,Argentina,402,pais_economia,"OECD, PISA 2022 Results (Volume I), Tables I.B1.5.4 (Mathematics), I.B1.5.5 (Reading), I.B1.5.6 (Science)."
2018,Lectura,Australia,503,pais_economia,"OECD, PISA 2022 Results (Volume I), Tables I.B1.5.4 (Mathematics), I.B1.5.5 (Reading), I.B1.5.6 (Science)."
2018,Lectura,Austria,484,pais_economia,"OECD, PISA 2022 Results (Volume I), Tables I.B1.5.4 (Mathematics), I.B1.5.5 (Reading), I.B1.5.6 (Science)."
2018,Lectura,Bakú (Azerbaiyán),389,pais_economia,"OECD, PISA 2022 Results (Volume I), Tables I.B1.5.4 (Mathematics), I.B1.5.5 (Reading), I.B1.5.6 (Science)."
2018,Lectura,Brasil,413,pais_economia,"OECD, PISA 2022 Results (Volume I), Tables I.B1.5.4 (Mathematics), I.B1.5.5 (Reading), I.B1.5.6 (Science)."
2018,Lectura,Brunéi Darussalam,408,pais_economia,"OECD, PISA 2022 Results (Volume I), Tables I.B1.5.4 (Mathematics), I.B1.5.5 (Reading), I.B1.5.6 (Science)."
2018,Lectura,Bulgaria,420,pais_economia,"OECD, PISA 2022 Results (Volume I), Tables I.B1.5.4 (Mathematics), I.B1.5.5 (Reading), I.B1.5.6 (Science)."
2018,Lectura,Bélgica,493,pais_economia,"OECD, PISA 2022 Results (Volume I), Tables I.B1.5.4 (Mathematics), I.B1.5.5 (Reading), I.B1.5.6 (Science)."
2018,Lectura,Camboya,321,pais_economia,"OECD, PISA 2022 Results (Volume I), Tables I.B1.5.4 (Mathematics), I.B1.5.5 (Reading), I.B1.5.6 (Science)."
2018,Lectura,Canadá,520,pais_economia,"OECD, PISA 2022 Results (Volume I), Tables I.B1.5.4 (Mathematics), I.B1.5.5 (Reading), I.B1.5.6 (Science)."
2018,Lectura,Chequia,490,pais_economia,"OECD, PISA 2022 Results (Volume I), Tables I.B1.5.4 (Mathematics), I.B1.5.5 (Reading), I.B1.5.6 (Science)."
2018,Lectura,Chile,452,pais_economia,"OECD, PISA 2022 Results (Volume I), Tables I.B1.5.4 (Mathematics), I.B1.5.5 (Reading), I.B1.5.6 (Science)."
2018,Lectura,Chinese Taipei,503,pais_economia,"OECD, PISA 2022 Results (Volume I), Tables I.B1.5.4 (Mathematics), I.B1.5.5 (Reading), I.B1.5.6 (Science)."
2018,Lectura,Chipre,424,pais_economia,"OECD, PISA 2022 Results (Volume I), Tables I.B1.5.4 (Mathematics), I.B1.5.5 (Reading), I.B1.5.6 (Science)."
2018,Lectura,Colombia,412,pais_economia,"OECD, PISA 2022 Results (Volume I), Tables I.B1.5.4 (Mathematics), I.B1.5.5 (Reading), I.B1.5.6 (Science)."
2018,Lectura,Corea,514,pais_economia,"OECD, PISA 2022 Results (Volume I), Tables I.B1.5.4 (Mathematics), I.B1.5.5 (Reading), I.B1.5.6 (Science)."
2018,Lectura,Costa Rica,426,pais_economia,"OECD, PISA 2022 Results (Volume I), Tables I.B1.5.4 (Mathematics), I.B1.5.5 (Reading), I.B1.5.6 (Science)."
2018,Lectura,Croacia,479,pais_economia,"OECD, PISA 2022 Results (Volume I), Tables I.B1.5.4 (Mathematics), I.B1.5.5 (Reading), I.B1.5.6 (Science)."
2018,Lectura,Dinamarca,501,pais_economia,"OECD, PISA 2022 Results (Volume I), Tables I.B1.5.4 (Mathematics), I.B1.5.5 (Reading), I.B1.5.6 (Science)."
2018,Lectura,Emiratos Árabes Unidos,432,pais_economia,"OECD, PISA 2022 Results (Volume I), Tables I.B1.5.4 (Mathematics), I.B1.5.5 (Reading), I.B1.5.6 (Science)."
2018,Lectura,Eslovenia,495,pais_economia,"OECD, PISA 2022 Results (Volume I), Tables I.B1.5.4 (Mathematics), I.B1.5.5 (Reading), I.B1.5.6 (Science)."
2018,Lectura,Estados Unidos,505,pais_economia,"OECD, PISA 2022 Results (Volume I), Tables I.B1.5.4 (Mathematics), I.B1.5.5 (Reading), I.B1.5.6 (Science)."
2018,Lectura,Estonia,523,pais_economia,"OECD, PISA 2022 Results (Volume I), Tables I.B1.5.4 (Mathematics), I.B1.5.5 (Reading), I.B1.5.6 (Science)."
2018,Lectura,Filipinas,340,pais_economia,"OECD, PISA 2022 Results (Volume I), Tables I.B1.5.4 (Mathematics), I.B1.5.5 (Reading), I.B1.5.6 (Science)."
2018,Lectura,Finlandia,520,pais_economia,"OECD, PISA 2022 Results (Volume I), Tables I.B1.5.4 (Mathematics), I.B1.5.5 (Reading), I.B1.5.6 (Science)."
2018,Lectura,Francia,493,pais_economia,"OECD, PISA 2022 Results (Volume I), Tables I.B1.5.4 (Mathematics), I.B1.5.5 (Reading), I.B1.5.6 (Science)."
2018,Lectura,Georgia,380,pais_economia,"OECD, PISA 2022 Results (Volume I), Tables I.B1.5.4 (Mathematics), I.B1.5.5 (Reading), I.B1.5.6 (Science)."
2018,Lectura,Grecia,457,pais_economia,"OECD, PISA 2022 Results (Volume I), Tables I.B1.5.4 (Mathematics), I.B1.5.5 (Reading), I.B1.5.6 (Science)."
2018,Lectura,Guatemala,369,pais_economia,"OECD, PISA 2022 Results (Volume I), Tables I.B1.5.4 (Mathematics), I.B1.5.5 (Reading), I.B1.5.6 (Science)."
2018,Lectura,Hong Kong (China),524,pais_economia,"OECD, PISA 2022 Results (Volume I), Tables I.B1.5.4 (Mathematics), I.B1.5.5 (Reading), I.B1.5.6 (Science)."
2018,Lectura,Hungría,476,pais_economia,"OECD, PISA 2022 Results (Volume I), Tables I.B1.5.4 (Mathematics), I.B1.5.5 (Reading), I.B1.5.6 (Science)."
2018,Lectura,Indonesia,371,pais_economia,"OECD, PISA 2022 Results (Volume I), Tables I.B1.5.4 (Mathematics), I.B1.5.5 (Reading), I.B1.5.6 (Science)."
2018,Lectura,Irlanda,518,pais_economia,"OECD, PISA 2022 Results (Volume I), Tables I.B1.5.4 (Mathematics), I.B1.5.5 (Reading), I.B1.5.6 (Science)."
2018,Lectura,Islandia,474,pais_economia,"OECD, PISA 2022 Results (Volume I), Tables I.B1.5.4 (Mathematics), I.B1.5.5 (Reading), I.B1.5.6 (Science)."
2018,Lectura,Israel,470,pais_economia,"OECD, PISA 2022 Results (Volume I), Tables I.B1.5.4 (Mathematics), I.B1.5.5 (Reading), I.B1.5.6 (Science)."
2018,Lectura,Italia,476,pais_economia,"OECD, PISA 2022 Results (Volume I), Tables I.B1.5.4 (Mathematics), I.B1.5.5 (Reading), I.B1.5.6 (Science)."
2018,Lectura,Japón,504,pais_economia,"OECD, PISA 2022 Results (Volume I), Tables I.B1.5.4 (Mathematics), I.B1.5.5 (Reading), I.B1.5.6 (Science)."
2018,Lectura,Kazajistán,387,pais_economia,"OECD, PISA 2022 Results (Volume I), Tables I.B1.5.4 (Mathematics), I.B1.5.5 (Reading), I.B1.5.6 (Science)."
2018,Lectura,Kosovo,353,pais_economia,"OECD, PISA 2022 Results (Volume I), Tables I.B1.5.4 (Mathematics), I.B1.5.5 (Reading), I.B1.5.6 (Science)."
2018,Lectura,Letonia,479,pais_economia,"OECD, PISA 2022 Results (Volume I), Tables I.B1.5.4 (Mathematics), I.B1.5.5 (Reading), I.B1.5.6 (Science)."
2018,Lectura,Lituania,476,pais_economia,"OECD, PISA 2022 Results (Volume I), Tables I.B1.5.4 (Mathematics), I.B1.5.5 (Reading), I.B1.5.6 (Science)."
2018,Lectura,Macao (China),525,pais_economia,"OECD, PISA 2022 Results (Volume I), Tables I.B1.5.4 (Mathematics), I.B1.5.5 (Reading), I.B1.5.6 (Science)."
2018,Lectura,Macedonia del Norte,393,pais_economia,"OECD, PISA 2022 Results (Volume I), Tables I.B1.5.4 (Mathematics), I.B1.5.5 (Reading), I.B1.5.6 (Science)."
2018,Lectura,Malasia,415,pais_economia,"OECD, PISA 2022 Results (Volume I), Tables I.B1.5.4 (Mathematics), I.B1.5.5 (Reading), I.B1.5.6 (Science)."
2018,Lectura,Malta,448,pais_economia,"OECD, PISA 2022 Results (Volume I), Tables I.B1.5.4 (Mathematics), I.B1.5.5 (Reading), I.B1.5.6 (Science)."
2018,Lectura,Marruecos,359,pais_economia,"OECD, PISA 2022 Results (Volume I), Tables I.B1.5.4 (Mathematics), I.B1.5.5 (Reading), I.B1.5.6 (Science)."
2018,Lectura,Moldova,424,pais_economia,"OECD, PISA 2022 Results (Volume I), Tables I.B1.5.4 (Mathematics), I.B1.5.5 (Reading), I.B1.5.6 (Science)."
2018,Lectura,Montenegro,421,pais_economia,"OECD, PISA 2022 Results (Volume I), Tables I.B1.5.4 (Mathematics), I.B1.5.5 (Reading), I.B1.5.6 (Science)."
2018,Lectura,México,420,pais_economia,"OECD, PISA 2022 Results (Volume I), Tables I.B1.5.4 (Mathematics), I.B1.5.5 (Reading), I.B1.5.6 (Science)."
2018,Lectura,Noruega,499,pais_economia,"OECD, PISA 2022 Results (Volume I), Tables I.B1.5.4 (Mathematics), I.B1.5.5 (Reading), I.B1.5.6 (Science)."
2018,Lectura,Nueva Zelanda,506,pais_economia,"OECD, PISA 2022 Results (Volume I), Tables I.B1.5.4 (Mathematics), I.B1.5.5 (Reading), I.B1.5.6 (Science)."
2018,Lectura,OCDE,487,referencia,"OECD, PISA 2022 Results (Volume I), Tables I.B1.5.4 (Mathematics), I.B1.5.5 (Reading), I.B1.5.6 (Science)."
2018,Lectura,Panamá,377,pais_economia,"OECD, PISA 2022 Results (Volume I), Tables I.B1.5.4 (Mathematics), I.B1.5.5 (Reading), I.B1.5.6 (Science)."
2018,Lectura,Paraguay,370,pais_economia,"OECD, PISA 2022 Results (Volume I), Tables I.B1.5.4 (Mathematics), I.B1.5.5 (Reading), I.B1.5.6 (Science)."
2018,Lectura,Países Bajos,485,pais_economia,"OECD, PISA 2022 Results (Volume I), Tables I.B1.5.4 (Mathematics), I.B1.5.5 (Reading), I.B1.5.6 (Science)."
2018,Lectura,Perú,401,pais_economia,"OECD, PISA 2022 Results (Volume I), Tables I.B1.5.4 (Mathematics), I.B1.5.5 (Reading), I.B1.5.6 (Science)."
2018,Lectura,Polonia,512,pais_economia,"OECD, PISA 2022 Results (Volume I), Tables I.B1.5.4 (Mathematics), I.B1.5.5 (Reading), I.B1.5.6 (Science)."
2018,Lectura,Portugal,492,pais_economia,"OECD, PISA 2022 Results (Volume I), Tables I.B1.5.4 (Mathematics), I.B1.5.5 (Reading), I.B1.5.6 (Science)."
2018,Lectura,Qatar,407,pais_economia,"OECD, PISA 2022 Results (Volume I), Tables I.B1.5.4 (Mathematics), I.B1.5.5 (Reading), I.B1.5.6 (Science)."
2018,Lectura,Reino Unido,504,pais_economia,"OECD, PISA 2022 Results (Volume I), Tables I.B1.5.4 (Mathematics), I.B1.5.5 (Reading), I.B1.5.6 (Science)."
2018,Lectura,República Dominicana,342,pais_economia,"OECD, PISA 2022 Results (Volume I), Tables I.B1.5.4 (Mathematics), I.B1.5.5 (Reading), I.B1.5.6 (Science)."
2018,Lectura,República Eslovaca,458,pais_economia,"OECD, PISA 2022 Results (Volume I), Tables I.B1.5.4 (Mathematics), I.B1.5.5 (Reading), I.B1.5.6 (Science)."
2018,Lectura,Rumanía,428,pais_economia,"OECD, PISA 2022 Results (Volume I), Tables I.B1.5.4 (Mathematics), I.B1.5.5 (Reading), I.B1.5.6 (Science)."
2018,Lectura,Serbia,439,pais_economia,"OECD, PISA 2022 Results (Volume I), Tables I.B1.5.4 (Mathematics), I.B1.5.5 (Reading), I.B1.5.6 (Science)."
2018,Lectura,Singapur,549,pais_economia,"OECD, PISA 2022 Results (Volume I), Tables I.B1.5.4 (Mathematics), I.B1.5.5 (Reading), I.B1.5.6 (Science)."
2018,Lectura,Suecia,506,pais_economia,"OECD, PISA 2022 Results (Volume I), Tables I.B1.5.4 (Mathematics), I.B1.5.5 (Reading), I.B1.5.6 (Science)."
2018,Lectura,Suiza,484,pais_economia,"OECD, PISA 2022 Results (Volume I), Tables I.B1.5.4 (Mathematics), I.B1.5.5 (Reading), I.B1.5.6 (Science)."
2018,Lectura,Tailandia,393,pais_economia,"OECD, PISA 2022 Results (Volume I), Tables I.B1.5.4 (Mathematics), I.B1.5.5 (Reading), I.B1.5.6 (Science)."
2018,Lectura,Türkiye,466,pais_economia,"OECD, PISA 2022 Results (Volume I), Tables I.B1.5.4 (Mathematics), I.B1.5.5 (Reading), I.B1.5.6 (Science)."
2018,Lectura,Uruguay,427,pais_economia,"OECD, PISA 2022 Results (Volume I), Tables I.B1.5.4 (Mathematics), I.B1.5.5 (Reading), I.B1.5.6 (Science)."
2018,Matemática,Albania,437,pais_economia,"OECD, PISA 2022 Results (Volume I), Tables I.B1.5.4 (Mathematics), I.B1.5.5 (Reading), I.B1.5.6 (Science)."
2018,Matemática,Alemania,500,pais_economia,"OECD, PISA 2022 Results (Volume I), Tables I.B1.5.4 (Mathematics), I.B1.5.5 (Reading), I.B1.5.6 (Science)."
2018,Matemática,Arabia Saudita,373,pais_economia,"OECD, PISA 2022 Results (Volume I), Tables I.B1.5.4 (Mathematics), I.B1.5.5 (Reading), I.B1.5.6 (Science)."
2018,Matemática,Argentina,379,pais_economia,"OECD, PISA 2022 Results (Volume I), Tables I.B1.5.4 (Mathematics), I.B1.5.5 (Reading), I.B1.5.6 (Science)."
2018,Matemática,Australia,491,pais_economia,"OECD, PISA 2022 Results (Volume I), Tables I.B1.5.4 (Mathematics), I.B1.5.5 (Reading), I.B1.5.6 (Science)."
2018,Matemática,Austria,499,pais_economia,"OECD, PISA 2022 Results (Volume I), Tables I.B1.5.4 (Mathematics), I.B1.5.5 (Reading), I.B1.5.6 (Science)."
2018,Matemática,Bakú (Azerbaiyán),420,pais_economia,"OECD, PISA 2022 Results (Volume I), Tables I.B1.5.4 (Mathematics), I.B1.5.5 (Reading), I.B1.5.6 (Science)."
2018,Matemática,Brasil,384,pais_economia,"OECD, PISA 2022 Results (Volume I), Tables I.B1.5.4 (Mathematics), I.B1.5.5 (Reading), I.B1.5.6 (Science)."
2018,Matemática,Brunéi Darussalam,430,pais_economia,"OECD, PISA 2022 Results (Volume I), Tables I.B1.5.4 (Mathematics), I.B1.5.5 (Reading), I.B1.5.6 (Science)."
2018,Matemática,Bulgaria,436,pais_economia,"OECD, PISA 2022 Results (Volume I), Tables I.B1.5.4 (Mathematics), I.B1.5.5 (Reading), I.B1.5.6 (Science)."
2018,Matemática,Bélgica,508,pais_economia,"OECD, PISA 2022 Results (Volume I), Tables I.B1.5.4 (Mathematics), I.B1.5.5 (Reading), I.B1.5.6 (Science)."
2018,Matemática,Camboya,325,pais_economia,"OECD, PISA 2022 Results (Volume I), Tables I.B1.5.4 (Mathematics), I.B1.5.5 (Reading), I.B1.5.6 (Science)."
2018,Matemática,Canadá,512,pais_economia,"OECD, PISA 2022 Results (Volume I), Tables I.B1.5.4 (Mathematics), I.B1.5.5 (Reading), I.B1.5.6 (Science)."
2018,Matemática,Chequia,499,pais_economia,"OECD, PISA 2022 Results (Volume I), Tables I.B1.5.4 (Mathematics), I.B1.5.5 (Reading), I.B1.5.6 (Science)."
2018,Matemática,Chile,417,pais_economia,"OECD, PISA 2022 Results (Volume I), Tables I.B1.5.4 (Mathematics), I.B1.5.5 (Reading), I.B1.5.6 (Science)."
2018,Matemática,Chinese Taipei,531,pais_economia,"OECD, PISA 2022 Results (Volume I), Tables I.B1.5.4 (Mathematics), I.B1.5.5 (Reading), I.B1.5.6 (Science)."
2018,Matemática,Chipre,451,pais_economia,"OECD, PISA 2022 Results (Volume I), Tables I.B1.5.4 (Mathematics), I.B1.5.5 (Reading), I.B1.5.6 (Science)."
2018,Matemática,Colombia,391,pais_economia,"OECD, PISA 2022 Results (Volume I), Tables I.B1.5.4 (Mathematics), I.B1.5.5 (Reading), I.B1.5.6 (Science)."
2018,Matemática,Corea,526,pais_economia,"OECD, PISA 2022 Results (Volume I), Tables I.B1.5.4 (Mathematics), I.B1.5.5 (Reading), I.B1.5.6 (Science)."
2018,Matemática,Costa Rica,402,pais_economia,"OECD, PISA 2022 Results (Volume I), Tables I.B1.5.4 (Mathematics), I.B1.5.5 (Reading), I.B1.5.6 (Science)."
2018,Matemática,Croacia,464,pais_economia,"OECD, PISA 2022 Results (Volume I), Tables I.B1.5.4 (Mathematics), I.B1.5.5 (Reading), I.B1.5.6 (Science)."
2018,Matemática,Dinamarca,509,pais_economia,"OECD, PISA 2022 Results (Volume I), Tables I.B1.5.4 (Mathematics), I.B1.5.5 (Reading), I.B1.5.6 (Science)."
2018,Matemática,Emiratos Árabes Unidos,435,pais_economia,"OECD, PISA 2022 Results (Volume I), Tables I.B1.5.4 (Mathematics), I.B1.5.5 (Reading), I.B1.5.6 (Science)."
2018,Matemática,Eslovenia,509,pais_economia,"OECD, PISA 2022 Results (Volume I), Tables I.B1.5.4 (Mathematics), I.B1.5.5 (Reading), I.B1.5.6 (Science)."
2018,Matemática,Estados Unidos,478,pais_economia,"OECD, PISA 2022 Results (Volume I), Tables I.B1.5.4 (Mathematics), I.B1.5.5 (Reading), I.B1.5.6 (Science)."
2018,Matemática,Estonia,523,pais_economia,"OECD, PISA 2022 Results (Volume I), Tables I.B1.5.4 (Mathematics), I.B1.5.5 (Reading), I.B1.5.6 (Science)."
2018,Matemática,Filipinas,353,pais_economia,"OECD, PISA 2022 Results (Volume I), Tables I.B1.5.4 (Mathematics), I.B1.5.5 (Reading), I.B1.5.6 (Science)."
2018,Matemática,Finlandia,507,pais_economia,"OECD, PISA 2022 Results (Volume I), Tables I.B1.5.4 (Mathematics), I.B1.5.5 (Reading), I.B1.5.6 (Science)."
2018,Matemática,Francia,495,pais_economia,"OECD, PISA 2022 Results (Volume I), Tables I.B1.5.4 (Mathematics), I.B1.5.5 (Reading), I.B1.5.6 (Science)."
2018,Matemática,Georgia,398,pais_economia,"OECD, PISA 2022 Results (Volume I), Tables I.B1.5.4 (Mathematics), I.B1.5.5 (Reading), I.B1.5.6 (Science)."
2018,Matemática,Grecia,451,pais_economia,"OECD, PISA 2022 Results (Volume I), Tables I.B1.5.4 (Mathematics), I.B1.5.5 (Reading), I.B1.5.6 (Science)."
2018,Matemática,Guatemala,334,pais_economia,"OECD, PISA 2022 Results (Volume I), Tables I.B1.5.4 (Mathematics), I.B1.5.5 (Reading), I.B1.5.6 (Science)."
2018,Matemática,Hong Kong (China),551,pais_economia,"OECD, PISA 2022 Results (Volume I), Tables I.B1.5.4 (Mathematics), I.B1.5.5 (Reading), I.B1.5.6 (Science)."
2018,Matemática,Hungría,481,pais_economia,"OECD, PISA 2022 Results (Volume I), Tables I.B1.5.4 (Mathematics), I.B1.5.5 (Reading), I.B1.5.6 (Science)."
2018,Matemática,Indonesia,379,pais_economia,"OECD, PISA 2022 Results (Volume I), Tables I.B1.5.4 (Mathematics), I.B1.5.5 (Reading), I.B1.5.6 (Science)."
2018,Matemática,Irlanda,500,pais_economia,"OECD, PISA 2022 Results (Volume I), Tables I.B1.5.4 (Mathematics), I.B1.5.5 (Reading), I.B1.5.6 (Science)."
2018,Matemática,Islandia,495,pais_economia,"OECD, PISA 2022 Results (Volume I), Tables I.B1.5.4 (Mathematics), I.B1.5.5 (Reading), I.B1.5.6 (Science)."
2018,Matemática,Israel,463,pais_economia,"OECD, PISA 2022 Results (Volume I), Tables I.B1.5.4 (Mathematics), I.B1.5.5 (Reading), I.B1.5.6 (Science)."
2018,Matemática,Italia,487,pais_economia,"OECD, PISA 2022 Results (Volume I), Tables I.B1.5.4 (Mathematics), I.B1.5.5 (Reading), I.B1.5.6 (Science)."
2018,Matemática,Japón,527,pais_economia,"OECD, PISA 2022 Results (Volume I), Tables I.B1.5.4 (Mathematics), I.B1.5.5 (Reading), I.B1.5.6 (Science)."
2018,Matemática,Jordania,400,pais_economia,"OECD, PISA 2022 Results (Volume I), Tables I.B1.5.4 (Mathematics), I.B1.5.5 (Reading), I.B1.5.6 (Science)."
2018,Matemática,Kazajistán,423,pais_economia,"OECD, PISA 2022 Results (Volume I), Tables I.B1.5.4 (Mathematics), I.B1.5.5 (Reading), I.B1.5.6 (Science)."
2018,Matemática,Kosovo,366,pais_economia,"OECD, PISA 2022 Results (Volume I), Tables I.B1.5.4 (Mathematics), I.B1.5.5 (Reading), I.B1.5.6 (Science)."
2018,Matemática,Letonia,496,pais_economia,"OECD, PISA 2022 Results (Volume I), Tables I.B1.5.4 (Mathematics), I.B1.5.5 (Reading), I.B1.5.6 (Science)."
2018,Matemática,Lituania,481,pais_economia,"OECD, PISA 2022 Results (Volume I), Tables I.B1.5.4 (Mathematics), I.B1.5.5 (Reading), I.B1.5.6 (Science)."
2018,Matemática,Macao (China),558,pais_economia,"OECD, PISA 2022 Results (Volume I), Tables I.B1.5.4 (Mathematics), I.B1.5.5 (Reading), I.B1.5.6 (Science)."
2018,Matemática,Macedonia del Norte,394,pais_economia,"OECD, PISA 2022 Results (Volume I), Tables I.B1.5.4 (Mathematics), I.B1.5.5 (Reading), I.B1.5.6 (Science)."
2018,Matemática,Malasia,440,pais_economia,"OECD, PISA 2022 Results (Volume I), Tables I.B1.5.4 (Mathematics), I.B1.5.5 (Reading), I.B1.5.6 (Science)."
2018,Matemática,Malta,472,pais_economia,"OECD, PISA 2022 Results (Volume I), Tables I.B1.5.4 (Mathematics), I.B1.5.5 (Reading), I.B1.5.6 (Science)."
2018,Matemática,Marruecos,368,pais_economia,"OECD, PISA 2022 Results (Volume I), Tables I.B1.5.4 (Mathematics), I.B1.5.5 (Reading), I.B1.5.6 (Science)."
2018,Matemática,Moldova,421,pais_economia,"OECD, PISA 2022 Results (Volume I), Tables I.B1.5.4 (Mathematics), I.B1.5.5 (Reading), I.B1.5.6 (Science)."
2018,Matemática,Montenegro,430,pais_economia,"OECD, PISA 2022 Results (Volume I), Tables I.B1.5.4 (Mathematics), I.B1.5.5 (Reading), I.B1.5.6 (Science)."
2018,Matemática,México,409,pais_economia,"OECD, PISA 2022 Results (Volume I), Tables I.B1.5.4 (Mathematics), I.B1.5.5 (Reading), I.B1.5.6 (Science)."
2018,Matemática,Noruega,501,pais_economia,"OECD, PISA 2022 Results (Volume I), Tables I.B1.5.4 (Mathematics), I.B1.5.5 (Reading), I.B1.5.6 (Science)."
2018,Matemática,Nueva Zelanda,494,pais_economia,"OECD, PISA 2022 Results (Volume I), Tables I.B1.5.4 (Mathematics), I.B1.5.5 (Reading), I.B1.5.6 (Science)."
2018,Matemática,OCDE,489,referencia,"OECD, PISA 2022 Results (Volume I), Tables I.B1.5.4 (Mathematics), I.B1.5.5 (Reading), I.B1.5.6 (Science)."
2018,Matemática,Panamá,353,pais_economia,"OECD, PISA 2022 Results (Volume I), Tables I.B1.5.4 (Mathematics), I.B1.5.5 (Reading), I.B1.5.6 (Science)."
2018,Matemática,Paraguay,326,pais_economia,"OECD, PISA 2022 Results (Volume I), Tables I.B1.5.4 (Mathematics), I.B1.5.5 (Reading), I.B1.5.6 (Science)."
2018,Matemática,Países Bajos,519,pais_economia,"OECD, PISA 2022 Results (Volume I), Tables I.B1.5.4 (Mathematics), I.B1.5.5 (Reading), I.B1.5.6 (Science)."
2018,Matemática,Perú,400,pais_economia,"OECD, PISA 2022 Results (Volume I), Tables I.B1.5.4 (Mathematics), I.B1.5.5 (Reading), I.B1.5.6 (Science)."
2018,Matemática,Polonia,516,pais_economia,"OECD, PISA 2022 Results (Volume I), Tables I.B1.5.4 (Mathematics), I.B1.5.5 (Reading), I.B1.5.6 (Science)."
2018,Matemática,Portugal,492,pais_economia,"OECD, PISA 2022 Results (Volume I), Tables I.B1.5.4 (Mathematics), I.B1.5.5 (Reading), I.B1.5.6 (Science)."
2018,Matemática,Qatar,414,pais_economia,"OECD, PISA 2022 Results (Volume I), Tables I.B1.5.4 (Mathematics), I.B1.5.5 (Reading), I.B1.5.6 (Science)."
2018,Matemática,Reino Unido,502,pais_economia,"OECD, PISA 2022 Results (Volume I), Tables I.B1.5.4 (Mathematics), I.B1.5.5 (Reading), I.B1.5.6 (Science)."
2018,Matemática,República Dominicana,325,pais_economia,"OECD, PISA 2022 Results (Volume I), Tables I.B1.5.4 (Mathematics), I.B1.5.5 (Reading), I.B1.5.6 (Science)."
2018,Matemática,República Eslovaca,486,pais_economia,"OECD, PISA 2022 Results (Volume I), Tables I.B1.5.4 (Mathematics), I.B1.5.5 (Reading), I.B1.5.6 (Science)."
2018,Matemática,Rumanía,430,pais_economia,"OECD, PISA 2022 Results (Volume I), Tables I.B1.5.4 (Mathematics), I.B1.5.5 (Reading), I.B1.5.6 (Science)."
2018,Matemática,Serbia,448,pais_economia,"OECD, PISA 2022 Results (Volume I), Tables I.B1.5.4 (Mathematics), I.B1.5.5 (Reading), I.B1.5.6 (Science)."
2018,Matemática,Singapur,569,pais_economia,"OECD, PISA 2022 Results (Volume I), Tables I.B1.5.4 (Mathematics), I.B1.5.5 (Reading), I.B1.5.6 (Science)."
2018,Matemática,Suecia,502,pais_economia,"OECD, PISA 2022 Results (Volume I), Tables I.B1.5.4 (Mathematics), I.B1.5.5 (Reading), I.B1.5.6 (Science)."
2018,Matemática,Suiza,515,pais_economia,"OECD, PISA 2022 Results (Volume I), Tables I.B1.5.4 (Mathematics), I.B1.5.5 (Reading), I.B1.5.6 (Science)."
2018,Matemática,Tailandia,419,pais_economia,"OECD, PISA 2022 Results (Volume I), Tables I.B1.5.4 (Mathematics), I.B1.5.5 (Reading), I.B1.5.6 (Science)."
2018,Matemática,Türkiye,454,pais_economia,"OECD, PISA 2022 Results (Volume I), Tables I.B1.5.4 (Mathematics), I.B1.5.5 (Reading), I.B1.5.6 (Science)."
2018,Matemática,Uruguay,418,pais_economia,"OECD, PISA 2022 Results (Volume I), Tables I.B1.5.4 (Mathematics), I.B1.5.5 (Reading), I.B1.5.6 (Science)."
2022,Ciencia,Albania,376,pais_economia,"OECD, PISA 2022 Results (Volume I), Tables I.B1.5.4 (Mathematics), I.B1.5.5 (Reading), I.B1.5.6 (Science)."
2022,Ciencia,Alemania,492,pais_economia,"OECD, PISA 2022 Results (Volume I), Tables I.B1.5.4 (Mathematics), I.B1.5.5 (Reading), I.B1.5.6 (Science)."
2022,Ciencia,Arabia Saudita,390,pais_economia,"OECD, PISA 2022 Results (Volume I), Tables I.B1.5.4 (Mathematics), I.B1.5.5 (Reading), I.B1.5.6 (Science)."
2022,Ciencia,Argentina,406,pais_economia,"OECD, PISA 2022 Results (Volume I), Tables I.B1.5.4 (Mathematics), I.B1.5.5 (Reading), I.B1.5.6 (Science)."
2022,Ciencia,Australia,507,pais_economia,"OECD, PISA 2022 Results (Volume I), Tables I.B1.5.4 (Mathematics), I.B1.5.5 (Reading), I.B1.5.6 (Science)."
2022,Ciencia,Austria,491,pais_economia,"OECD, PISA 2022 Results (Volume I), Tables I.B1.5.4 (Mathematics), I.B1.5.5 (Reading), I.B1.5.6 (Science)."
2022,Ciencia,Autoridad Palestina,369,pais_economia,"OECD, PISA 2022 Results (Volume I), Tables I.B1.5.4 (Mathematics), I.B1.5.5 (Reading), I.B1.5.6 (Science)."
2022,Ciencia,Bakú (Azerbaiyán),380,pais_economia,"OECD, PISA 2022 Results (Volume I), Tables I.B1.5.4 (Mathematics), I.B1.5.5 (Reading), I.B1.5.6 (Science)."
2022,Ciencia,Brasil,403,pais_economia,"OECD, PISA 2022 Results (Volume I), Tables I.B1.5.4 (Mathematics), I.B1.5.5 (Reading), I.B1.5.6 (Science)."
2022,Ciencia,Brunéi Darussalam,446,pais_economia,"OECD, PISA 2022 Results (Volume I), Tables I.B1.5.4 (Mathematics), I.B1.5.5 (Reading), I.B1.5.6 (Science)."
2022,Ciencia,Bulgaria,421,pais_economia,"OECD, PISA 2022 Results (Volume I), Tables I.B1.5.4 (Mathematics), I.B1.5.5 (Reading), I.B1.5.6 (Science)."
2022,Ciencia,Bélgica,491,pais_economia,"OECD, PISA 2022 Results (Volume I), Tables I.B1.5.4 (Mathematics), I.B1.5.5 (Reading), I.B1.5.6 (Science)."
2022,Ciencia,Camboya,347,pais_economia,"OECD, PISA 2022 Results (Volume I), Tables I.B1.5.4 (Mathematics), I.B1.5.5 (Reading), I.B1.5.6 (Science)."
2022,Ciencia,Canadá,515,pais_economia,"OECD, PISA 2022 Results (Volume I), Tables I.B1.5.4 (Mathematics), I.B1.5.5 (Reading), I.B1.5.6 (Science)."
2022,Ciencia,Chequia,498,pais_economia,"OECD, PISA 2022 Results (Volume I), Tables I.B1.5.4 (Mathematics), I.B1.5.5 (Reading), I.B1.5.6 (Science)."
2022,Ciencia,Chile,444,pais_economia,"OECD, PISA 2022 Results (Volume I), Tables I.B1.5.4 (Mathematics), I.B1.5.5 (Reading), I.B1.5.6 (Science)."
2022,Ciencia,Chinese Taipei,537,pais_economia,"OECD, PISA 2022 Results (Volume I), Tables I.B1.5.4 (Mathematics), I.B1.5.5 (Reading), I.B1.5.6 (Science)."
2022,Ciencia,Chipre,411,pais_economia,"OECD, PISA 2022 Results (Volume I), Tables I.B1.5.4 (Mathematics), I.B1.5.5 (Reading), I.B1.5.6 (Science)."
2022,Ciencia,Colombia,411,pais_economia,"OECD, PISA 2022 Results (Volume I), Tables I.B1.5.4 (Mathematics), I.B1.5.5 (Reading), I.B1.5.6 (Science)."
2022,Ciencia,Corea,528,pais_economia,"OECD, PISA 2022 Results (Volume I), Tables I.B1.5.4 (Mathematics), I.B1.5.5 (Reading), I.B1.5.6 (Science)."
2022,Ciencia,Costa Rica,411,pais_economia,"OECD, PISA 2022 Results (Volume I), Tables I.B1.5.4 (Mathematics), I.B1.5.5 (Reading), I.B1.5.6 (Science)."
2022,Ciencia,Croacia,483,pais_economia,"OECD, PISA 2022 Results (Volume I), Tables I.B1.5.4 (Mathematics), I.B1.5.5 (Reading), I.B1.5.6 (Science)."
2022,Ciencia,Dinamarca,494,pais_economia,"OECD, PISA 2022 Results (Volume I), Tables I.B1.5.4 (Mathematics), I.B1.5.5 (Reading), I.B1.5.6 (Science)."
2022,Ciencia,El Salvador,373,pais_economia,"OECD, PISA 2022 Results (Volume I), Tables I.B1.5.4 (Mathematics), I.B1.5.5 (Reading), I.B1.5.6 (Science)."
2022,Ciencia,Emiratos Árabes Unidos,432,pais_economia,"OECD, PISA 2022 Results (Volume I), Tables I.B1.5.4 (Mathematics), I.B1.5.5 (Reading), I.B1.5.6 (Science)."
2022,Ciencia,Eslovenia,500,pais_economia,"OECD, PISA 2022 Results (Volume I), Tables I.B1.5.4 (Mathematics), I.B1.5.5 (Reading), I.B1.5.6 (Science)."
2022,Ciencia,España,485,pais_economia,"OECD, PISA 2022 Results (Volume I), Tables I.B1.5.4 (Mathematics), I.B1.5.5 (Reading), I.B1.5.6 (Science)."
2022,Ciencia,Estados Unidos,499,pais_economia,"OECD, PISA 2022 Results (Volume I), Tables I.B1.5.4 (Mathematics), I.B1.5.5 (Reading), I.B1.5.6 (Science)."
2022,Ciencia,Estonia,526,pais_economia,"OECD, PISA 2022 Results (Volume I), Tables I.B1.5.4 (Mathematics), I.B1.5.5 (Reading), I.B1.5.6 (Science)."
2022,Ciencia,Filipinas,356,pais_economia,"OECD, PISA 2022 Results (Volume I), Tables I.B1.5.4 (Mathematics), I.B1.5.5 (Reading), I.B1.5.6 (Science)."
2022,Ciencia,Finlandia,511,pais_economia,"OECD, PISA 2022 Results (Volume I), Tables I.B1.5.4 (Mathematics), I.B1.5.5 (Reading), I.B1.5.6 (Science)."
2022,Ciencia,Francia,487,pais_economia,"OECD, PISA 2022 Results (Volume I), Tables I.B1.5.4 (Mathematics), I.B1.5.5 (Reading), I.B1.5.6 (Science)."
2022,Ciencia,Georgia,384,pais_economia,"OECD, PISA 2022 Results (Volume I), Tables I.B1.5.4 (Mathematics), I.B1.5.5 (Reading), I.B1.5.6 (Science)."
2022,Ciencia,Grecia,441,pais_economia,"OECD, PISA 2022 Results (Volume I), Tables I.B1.5.4 (Mathematics), I.B1.5.5 (Reading), I.B1.5.6 (Science)."
2022,Ciencia,Guatemala,373,pais_economia,"OECD, PISA 2022 Results (Volume I), Tables I.B1.5.4 (Mathematics), I.B1.5.5 (Reading), I.B1.5.6 (Science)."
2022,Ciencia,Hong Kong (China),520,pais_economia,"OECD, PISA 2022 Results (Volume I), Tables I.B1.5.4 (Mathematics), I.B1.5.5 (Reading), I.B1.5.6 (Science)."
2022,Ciencia,Hungría,486,pais_economia,"OECD, PISA 2022 Results (Volume I), Tables I.B1.5.4 (Mathematics), I.B1.5.5 (Reading), I.B1.5.6 (Science)."
2022,Ciencia,Indonesia,383,pais_economia,"OECD, PISA 2022 Results (Volume I), Tables I.B1.5.4 (Mathematics), I.B1.5.5 (Reading), I.B1.5.6 (Science)."
2022,Ciencia,Irlanda,504,pais_economia,"OECD, PISA 2022 Results (Volume I), Tables I.B1.5.4 (Mathematics), I.B1.5.5 (Reading), I.B1.5.6 (Science)."
2022,Ciencia,Islandia,447,pais_economia,"OECD, PISA 2022 Results (Volume I), Tables I.B1.5.4 (Mathematics), I.B1.5.5 (Reading), I.B1.5.6 (Science)."
2022,Ciencia,Israel,465,pais_economia,"OECD, PISA 2022 Results (Volume I), Tables I.B1.5.4 (Mathematics), I.B1.5.5 (Reading), I.B1.5.6 (Science)."
2022,Ciencia,Italia,477,pais_economia,"OECD, PISA 2022 Results (Volume I), Tables I.B1.5.4 (Mathematics), I.B1.5.5 (Reading), I.B1.5.6 (Science)."
2022,Ciencia,Jamaica,403,pais_economia,"OECD, PISA 2022 Results (Volume I), Tables I.B1.5.4 (Mathematics), I.B1.5.5 (Reading), I.B1.5.6 (Science)."
2022,Ciencia,Japón,547,pais_economia,"OECD, PISA 2022 Results (Volume I), Tables I.B1.5.4 (Mathematics), I.B1.5.5 (Reading), I.B1.5.6 (Science)."
2022,Ciencia,Jordania,375,pais_economia,"OECD, PISA 2022 Results (Volume I), Tables I.B1.5.4 (Mathematics), I.B1.5.5 (Reading), I.B1.5.6 (Science)."
2022,Ciencia,Kazajistán,423,pais_economia,"OECD, PISA 2022 Results (Volume I), Tables I.B1.5.4 (Mathematics), I.B1.5.5 (Reading), I.B1.5.6 (Science)."
2022,Ciencia,Kosovo,357,pais_economia,"OECD, PISA 2022 Results (Volume I), Tables I.B1.5.4 (Mathematics), I.B1.5.5 (Reading), I.B1.5.6 (Science)."
2022,Ciencia,Letonia,494,pais_economia,"OECD, PISA 2022 Results (Volume I), Tables I.B1.5.4 (Mathematics), I.B1.5.5 (Reading), I.B1.5.6 (Science)."
2022,Ciencia,Lituania,484,pais_economia,"OECD, PISA 2022 Results (Volume I), Tables I.B1.5.4 (Mathematics), I.B1.5.5 (Reading), I.B1.5.6 (Science)."
2022,Ciencia,Macao (China),543,pais_economia,"OECD, PISA 2022 Results (Volume I), Tables I.B1.5.4 (Mathematics), I.B1.5.5 (Reading), I.B1.5.6 (Science)."
2022,Ciencia,Macedonia del Norte,380,pais_economia,"OECD, PISA 2022 Results (Volume I), Tables I.B1.5.4 (Mathematics), I.B1.5.5 (Reading), I.B1.5.6 (Science)."
2022,Ciencia,Malasia,416,pais_economia,"OECD, PISA 2022 Results (Volume I), Tables I.B1.5.4 (Mathematics), I.B1.5.5 (Reading), I.B1.5.6 (Science)."
2022,Ciencia,Malta,466,pais_economia,"OECD, PISA 2022 Results (Volume I), Tables I.B1.5.4 (Mathematics), I.B1.5.5 (Reading), I.B1.5.6 (Science)."
2022,Ciencia,Marruecos,365,pais_economia,"OECD, PISA 2022 Results (Volume I), Tables I.B1.5.4 (Mathematics), I.B1.5.5 (Reading), I.B1.5.6 (Science)."
2022,Ciencia,Moldova,417,pais_economia,"OECD, PISA 2022 Results (Volume I), Tables I.B1.5.4 (Mathematics), I.B1.5.5 (Reading), I.B1.5.6 (Science)."
2022,Ciencia,Mongolia,412,pais_economia,"OECD, PISA 2022 Results (Volume I), Tables I.B1.5.4 (Mathematics), I.B1.5.5 (Reading), I.B1.5.6 (Science)."
2022,Ciencia,Montenegro,403,pais_economia,"OECD, PISA 2022 Results (Volume I), Tables I.B1.5.4 (Mathematics), I.B1.5.5 (Reading), I.B1.5.6 (Science)."
2022,Ciencia,México,410,pais_economia,"OECD, PISA 2022 Results (Volume I), Tables I.B1.5.4 (Mathematics), I.B1.5.5 (Reading), I.B1.5.6 (Science)."
2022,Ciencia,Noruega,478,pais_economia,"OECD, PISA 2022 Results (Volume I), Tables I.B1.5.4 (Mathematics), I.B1.5.5 (Reading), I.B1.5.6 (Science)."
2022,Ciencia,Nueva Zelanda,504,pais_economia,"OECD, PISA 2022 Results (Volume I), Tables I.B1.5.4 (Mathematics), I.B1.5.5 (Reading), I.B1.5.6 (Science)."
2022,Ciencia,OCDE,485,referencia,"OECD, PISA 2022 Results (Volume I), Tables I.B1.5.4 (Mathematics), I.B1.5.5 (Reading), I.B1.5.6 (Science)."
2022,Ciencia,Panamá,388,pais_economia,"OECD, PISA 2022 Results (Volume I), Tables I.B1.5.4 (Mathematics), I.B1.5.5 (Reading), I.B1.5.6 (Science)."
2022,Ciencia,Paraguay,368,pais_economia,"OECD, PISA 2022 Results (Volume I), Tables I.B1.5.4 (Mathematics), I.B1.5.5 (Reading), I.B1.5.6 (Science)."
2022,Ciencia,Países Bajos,488,pais_economia,"OECD, PISA 2022 Results (Volume I), Tables I.B1.5.4 (Mathematics), I.B1.5.5 (Reading), I.B1.5.6 (Science)."
2022,Ciencia,Perú,408,pais_economia,"OECD, PISA 2022 Results (Volume I), Tables I.B1.5.4 (Mathematics), I.B1.5.5 (Reading), I.B1.5.6 (Science)."
2022,Ciencia,Polonia,499,pais_economia,"OECD, PISA 2022 Results (Volume I), Tables I.B1.5.4 (Mathematics), I.B1.5.5 (Reading), I.B1.5.6 (Science)."
2022,Ciencia,Portugal,484,pais_economia,"OECD, PISA 2022 Results (Volume I), Tables I.B1.5.4 (Mathematics), I.B1.5.5 (Reading), I.B1.5.6 (Science)."
2022,Ciencia,Qatar,432,pais_economia,"OECD, PISA 2022 Results (Volume I), Tables I.B1.5.4 (Mathematics), I.B1.5.5 (Reading), I.B1.5.6 (Science)."
2022,Ciencia,Regiones de Ucrania (18 de 27),450,pais_economia,"OECD, PISA 2022 Results (Volume I), Tables I.B1.5.4 (Mathematics), I.B1.5.5 (Reading), I.B1.5.6 (Science)."
2022,Ciencia,Reino Unido,500,pais_economia,"OECD, PISA 2022 Results (Volume I), Tables I.B1.5.4 (Mathematics), I.B1.5.5 (Reading), I.B1.5.6 (Science)."
2022,Ciencia,República Dominicana,360,pais_economia,"OECD, PISA 2022 Results (Volume I), Tables I.B1.5.4 (Mathematics), I.B1.5.5 (Reading), I.B1.5.6 (Science)."
2022,Ciencia,República Eslovaca,462,pais_economia,"OECD, PISA 2022 Results (Volume I), Tables I.B1.5.4 (Mathematics), I.B1.5.5 (Reading), I.B1.5.6 (Science)."
2022,Ciencia,Rumanía,428,pais_economia,"OECD, PISA 2022 Results (Volume I), Tables I.B1.5.4 (Mathematics), I.B1.5.5 (Reading), I.B1.5.6 (Science)."
2022,Ciencia,Serbia,447,pais_economia,"OECD, PISA 2022 Results (Volume I), Tables I.B1.5.4 (Mathematics), I.B1.5.5 (Reading), I.B1.5.6 (Science)."
2022,Ciencia,Singapur,561,pais_economia,"OECD, PISA 2022 Results (Volume I), Tables I.B1.5.4 (Mathematics), I.B1.5.5 (Reading), I.B1.5.6 (Science)."
2022,Ciencia,Suecia,494,pais_economia,"OECD, PISA 2022 Results (Volume I), Tables I.B1.5.4 (Mathematics), I.B1.5.5 (Reading), I.B1.5.6 (Science)."
2022,Ciencia,Suiza,503,pais_economia,"OECD, PISA 2022 Results (Volume I), Tables I.B1.5.4 (Mathematics), I.B1.5.5 (Reading), I.B1.5.6 (Science)."
2022,Ciencia,Tailandia,409,pais_economia,"OECD, PISA 2022 Results (Volume I), Tables I.B1.5.4 (Mathematics), I.B1.5.5 (Reading), I.B1.5.6 (Science)."
2022,Ciencia,Türkiye,476,pais_economia,"OECD, PISA 2022 Results (Volume I), Tables I.B1.5.4 (Mathematics), I.B1.5.5 (Reading), I.B1.5.6 (Science)."
2022,Ciencia,Uruguay,435,pais_economia,"OECD, PISA 2022 Results (Volume I), Tables I.B1.5.4 (Mathematics), I.B1.5.5 (Reading), I.B1.5.6 (Science)."
2022,Ciencia,Uzbekistán,355,pais_economia,"OECD, PISA 2022 Results (Volume I), Tables I.B1.5.4 (Mathematics), I.B1.5.5 (Reading), I.B1.5.6 (Science)."
2022,Ciencia,Viet Nam,472,pais_economia,"OECD, PISA 2022 Results (Volume I), Tables I.B1.5.4 (Mathematics), I.B1.5.5 (Reading), I.B1.5.6 (Science)."
2022,Lectura,Albania,358,pais_economia,"OECD, PISA 2022 Results (Volume I), Tables I.B1.5.4 (Mathematics), I.B1.5.5 (Reading), I.B1.5.6 (Science)."
2022,Lectura,Alemania,480,pais_economia,"OECD, PISA 2022 Results (Volume I), Tables I.B1.5.4 (Mathematics), I.B1.5.5 (Reading), I.B1.5.6 (Science)."
2022,Lectura,Arabia Saudita,383,pais_economia,"OECD, PISA 2022 Results (Volume I), Tables I.B1.5.4 (Mathematics), I.B1.5.5 (Reading), I.B1.5.6 (Science)."
2022,Lectura,Argentina,401,pais_economia,"OECD, PISA 2022 Results (Volume I), Tables I.B1.5.4 (Mathematics), I.B1.5.5 (Reading), I.B1.5.6 (Science)."
2022,Lectura,Australia,498,pais_economia,"OECD, PISA 2022 Results (Volume I), Tables I.B1.5.4 (Mathematics), I.B1.5.5 (Reading), I.B1.5.6 (Science)."
2022,Lectura,Austria,480,pais_economia,"OECD, PISA 2022 Results (Volume I), Tables I.B1.5.4 (Mathematics), I.B1.5.5 (Reading), I.B1.5.6 (Science)."
2022,Lectura,Autoridad Palestina,349,pais_economia,"OECD, PISA 2022 Results (Volume I), Tables I.B1.5.4 (Mathematics), I.B1.5.5 (Reading), I.B1.5.6 (Science)."
2022,Lectura,Bakú (Azerbaiyán),365,pais_economia,"OECD, PISA 2022 Results (Volume I), Tables I.B1.5.4 (Mathematics), I.B1.5.5 (Reading), I.B1.5.6 (Science)."
2022,Lectura,Brasil,410,pais_economia,"OECD, PISA 2022 Results (Volume I), Tables I.B1.5.4 (Mathematics), I.B1.5.5 (Reading), I.B1.5.6 (Science)."
2022,Lectura,Brunéi Darussalam,429,pais_economia,"OECD, PISA 2022 Results (Volume I), Tables I.B1.5.4 (Mathematics), I.B1.5.5 (Reading), I.B1.5.6 (Science)."
2022,Lectura,Bulgaria,404,pais_economia,"OECD, PISA 2022 Results (Volume I), Tables I.B1.5.4 (Mathematics), I.B1.5.5 (Reading), I.B1.5.6 (Science)."
2022,Lectura,Bélgica,479,pais_economia,"OECD, PISA 2022 Results (Volume I), Tables I.B1.5.4 (Mathematics), I.B1.5.5 (Reading), I.B1.5.6 (Science)."
2022,Lectura,Camboya,329,pais_economia,"OECD, PISA 2022 Results (Volume I), Tables I.B1.5.4 (Mathematics), I.B1.5.5 (Reading), I.B1.5.6 (Science)."
2022,Lectura,Canadá,507,pais_economia,"OECD, PISA 2022 Results (Volume I), Tables I.B1.5.4 (Mathematics), I.B1.5.5 (Reading), I.B1.5.6 (Science)."
2022,Lectura,Chequia,489,pais_economia,"OECD, PISA 2022 Results (Volume I), Tables I.B1.5.4 (Mathematics), I.B1.5.5 (Reading), I.B1.5.6 (Science)."
2022,Lectura,Chile,448,pais_economia,"OECD, PISA 2022 Results (Volume I), Tables I.B1.5.4 (Mathematics), I.B1.5.5 (Reading), I.B1.5.6 (Science)."
2022,Lectura,Chinese Taipei,515,pais_economia,"OECD, PISA 2022 Results (Volume I), Tables I.B1.5.4 (Mathematics), I.B1.5.5 (Reading), I.B1.5.6 (Science)."
2022,Lectura,Chipre,381,pais_economia,"OECD, PISA 2022 Results (Volume I), Tables I.B1.5.4 (Mathematics), I.B1.5.5 (Reading), I.B1.5.6 (Science)."
2022,Lectura,Colombia,409,pais_economia,"OECD, PISA 2022 Results (Volume I), Tables I.B1.5.4 (Mathematics), I.B1.5.5 (Reading), I.B1.5.6 (Science)."
2022,Lectura,Corea,515,pais_economia,"OECD, PISA 2022 Results (Volume I), Tables I.B1.5.4 (Mathematics), I.B1.5.5 (Reading), I.B1.5.6 (Science)."
2022,Lectura,Costa Rica,415,pais_economia,"OECD, PISA 2022 Results (Volume I), Tables I.B1.5.4 (Mathematics), I.B1.5.5 (Reading), I.B1.5.6 (Science)."
2022,Lectura,Croacia,475,pais_economia,"OECD, PISA 2022 Results (Volume I), Tables I.B1.5.4 (Mathematics), I.B1.5.5 (Reading), I.B1.5.6 (Science)."
2022,Lectura,Dinamarca,489,pais_economia,"OECD, PISA 2022 Results (Volume I), Tables I.B1.5.4 (Mathematics), I.B1.5.5 (Reading), I.B1.5.6 (Science)."
2022,Lectura,El Salvador,365,pais_economia,"OECD, PISA 2022 Results (Volume I), Tables I.B1.5.4 (Mathematics), I.B1.5.5 (Reading), I.B1.5.6 (Science)."
2022,Lectura,Emiratos Árabes Unidos,417,pais_economia,"OECD, PISA 2022 Results (Volume I), Tables I.B1.5.4 (Mathematics), I.B1.5.5 (Reading), I.B1.5.6 (Science)."
2022,Lectura,Eslovenia,469,pais_economia,"OECD, PISA 2022 Results (Volume I), Tables I.B1.5.4 (Mathematics), I.B1.5.5 (Reading), I.B1.5.6 (Science)."
2022,Lectura,España,474,pais_economia,"OECD, PISA 2022 Results (Volume I), Tables I.B1.5.4 (Mathematics), I.B1.5.5 (Reading), I.B1.5.6 (Science)."
2022,Lectura,Estados Unidos,504,pais_economia,"OECD, PISA 2022 Results (Volume I), Tables I.B1.5.4 (Mathematics), I.B1.5.5 (Reading), I.B1.5.6 (Science)."
2022,Lectura,Estonia,511,pais_economia,"OECD, PISA 2022 Results (Volume I), Tables I.B1.5.4 (Mathematics), I.B1.5.5 (Reading), I.B1.5.6 (Science)."
2022,Lectura,Filipinas,347,pais_economia,"OECD, PISA 2022 Results (Volume I), Tables I.B1.5.4 (Mathematics), I.B1.5.5 (Reading), I.B1.5.6 (Science)."
2022,Lectura,Finlandia,490,pais_economia,"OECD, PISA 2022 Results (Volume I), Tables I.B1.5.4 (Mathematics), I.B1.5.5 (Reading), I.B1.5.6 (Science)."
2022,Lectura,Francia,474,pais_economia,"OECD, PISA 2022 Results (Volume I), Tables I.B1.5.4 (Mathematics), I.B1.5.5 (Reading), I.B1.5.6 (Science)."
2022,Lectura,Georgia,374,pais_economia,"OECD, PISA 2022 Results (Volume I), Tables I.B1.5.4 (Mathematics), I.B1.5.5 (Reading), I.B1.5.6 (Science)."
2022,Lectura,Grecia,438,pais_economia,"OECD, PISA 2022 Results (Volume I), Tables I.B1.5.4 (Mathematics), I.B1.5.5 (Reading), I.B1.5.6 (Science)."
2022,Lectura,Guatemala,374,pais_economia,"OECD, PISA 2022 Results (Volume I), Tables I.B1.5.4 (Mathematics), I.B1.5.5 (Reading), I.B1.5.6 (Science)."
2022,Lectura,Hong Kong (China),500,pais_economia,"OECD, PISA 2022 Results (Volume I), Tables I.B1.5.4 (Mathematics), I.B1.5.5 (Reading), I.B1.5.6 (Science)."
2022,Lectura,Hungría,473,pais_economia,"OECD, PISA 2022 Results (Volume I), Tables I.B1.5.4 (Mathematics), I.B1.5.5 (Reading), I.B1.5.6 (Science)."
2022,Lectura,Indonesia,359,pais_economia,"OECD, PISA 2022 Results (Volume I), Tables I.B1.5.4 (Mathematics), I.B1.5.5 (Reading), I.B1.5.6 (Science)."
2022,Lectura,Irlanda,516,pais_economia,"OECD, PISA 2022 Results (Volume I), Tables I.B1.5.4 (Mathematics), I.B1.5.5 (Reading), I.B1.5.6 (Science)."
2022,Lectura,Islandia,436,pais_economia,"OECD, PISA 2022 Results (Volume I), Tables I.B1.5.4 (Mathematics), I.B1.5.5 (Reading), I.B1.5.6 (Science)."
2022,Lectura,Israel,474,pais_economia,"OECD, PISA 2022 Results (Volume I), Tables I.B1.5.4 (Mathematics), I.B1.5.5 (Reading), I.B1.5.6 (Science)."
2022,Lectura,Italia,482,pais_economia,"OECD, PISA 2022 Results (Volume I), Tables I.B1.5.4 (Mathematics), I.B1.5.5 (Reading), I.B1.5.6 (Science)."
2022,Lectura,Jamaica,410,pais_economia,"OECD, PISA 2022 Results (Volume I), Tables I.B1.5.4 (Mathematics), I.B1.5.5 (Reading), I.B1.5.6 (Science)."
2022,Lectura,Japón,516,pais_economia,"OECD, PISA 2022 Results (Volume I), Tables I.B1.5.4 (Mathematics), I.B1.5.5 (Reading), I.B1.5.6 (Science)."
2022,Lectura,Jordania,342,pais_economia,"OECD, PISA 2022 Results (Volume I), Tables I.B1.5.4 (Mathematics), I.B1.5.5 (Reading), I.B1.5.6 (Science)."
2022,Lectura,Kazajistán,386,pais_economia,"OECD, PISA 2022 Results (Volume I), Tables I.B1.5.4 (Mathematics), I.B1.5.5 (Reading), I.B1.5.6 (Science)."
2022,Lectura,Kosovo,342,pais_economia,"OECD, PISA 2022 Results (Volume I), Tables I.B1.5.4 (Mathematics), I.B1.5.5 (Reading), I.B1.5.6 (Science)."
2022,Lectura,Letonia,475,pais_economia,"OECD, PISA 2022 Results (Volume I), Tables I.B1.5.4 (Mathematics), I.B1.5.5 (Reading), I.B1.5.6 (Science)."
2022,Lectura,Lituania,472,pais_economia,"OECD, PISA 2022 Results (Volume I), Tables I.B1.5.4 (Mathematics), I.B1.5.5 (Reading), I.B1.5.6 (Science)."
2022,Lectura,Macao (China),510,pais_economia,"OECD, PISA 2022 Results (Volume I), Tables I.B1.5.4 (Mathematics), I.B1.5.5 (Reading), I.B1.5.6 (Science)."
2022,Lectura,Macedonia del Norte,359,pais_economia,"OECD, PISA 2022 Results (Volume I), Tables I.B1.5.4 (Mathematics), I.B1.5.5 (Reading), I.B1.5.6 (Science)."
2022,Lectura,Malasia,388,pais_economia,"OECD, PISA 2022 Results (Volume I), Tables I.B1.5.4 (Mathematics), I.B1.5.5 (Reading), I.B1.5.6 (Science)."
2022,Lectura,Malta,445,pais_economia,"OECD, PISA 2022 Results (Volume I), Tables I.B1.5.4 (Mathematics), I.B1.5.5 (Reading), I.B1.5.6 (Science)."
2022,Lectura,Marruecos,339,pais_economia,"OECD, PISA 2022 Results (Volume I), Tables I.B1.5.4 (Mathematics), I.B1.5.5 (Reading), I.B1.5.6 (Science)."
2022,Lectura,Moldova,411,pais_economia,"OECD, PISA 2022 Results (Volume I), Tables I.B1.5.4 (Mathematics), I.B1.5.5 (Reading), I.B1.5.6 (Science)."
2022,Lectura,Mongolia,378,pais_economia,"OECD, PISA 2022 Results (Volume I), Tables I.B1.5.4 (Mathematics), I.B1.5.5 (Reading), I.B1.5.6 (Science)."
2022,Lectura,Montenegro,405,pais_economia,"OECD, PISA 2022 Results (Volume I), Tables I.B1.5.4 (Mathematics), I.B1.5.5 (Reading), I.B1.5.6 (Science)."
2022,Lectura,México,415,pais_economia,"OECD, PISA 2022 Results (Volume I), Tables I.B1.5.4 (Mathematics), I.B1.5.5 (Reading), I.B1.5.6 (Science)."
2022,Lectura,Noruega,477,pais_economia,"OECD, PISA 2022 Results (Volume I), Tables I.B1.5.4 (Mathematics), I.B1.5.5 (Reading), I.B1.5.6 (Science)."
2022,Lectura,Nueva Zelanda,501,pais_economia,"OECD, PISA 2022 Results (Volume I), Tables I.B1.5.4 (Mathematics), I.B1.5.5 (Reading), I.B1.5.6 (Science)."
2022,Lectura,OCDE,476,referencia,"OECD, PISA 2022 Results (Volume I), Tables I.B1.5.4 (Mathematics), I.B1.5.5 (Reading), I.B1.5.6 (Science)."
2022,Lectura,Panamá,392,pais_economia,"OECD, PISA 2022 Results (Volume I), Tables I.B1.5.4 (Mathematics), I.B1.5.5 (Reading), I.B1.5.6 (Science)."
2022,Lectura,Paraguay,373,pais_economia,"OECD, PISA 2022 Results (Volume I), Tables I.B1.5.4 (Mathematics), I.B1.5.5 (Reading), I.B1.5.6 (Science)."
2022,Lectura,Países Bajos,459,pais_economia,"OECD, PISA 2022 Results (Volume I), Tables I.B1.5.4 (Mathematics), I.B1.5.5 (Reading), I.B1.5.6 (Science)."
2022,Lectura,Perú,408,pais_economia,"OECD, PISA 2022 Results (Volume I), Tables I.B1.5.4 (Mathematics), I.B1.5.5 (Reading), I.B1.5.6 (Science)."
2022,Lectura,Polonia,489,pais_economia,"OECD, PISA 2022 Results (Volume I), Tables I.B1.5.4 (Mathematics), I.B1.5.5 (Reading), I.B1.5.6 (Science)."
2022,Lectura,Portugal,477,pais_economia,"OECD, PISA 2022 Results (Volume I), Tables I.B1.5.4 (Mathematics), I.B1.5.5 (Reading), I.B1.5.6 (Science)."
2022,Lectura,Qatar,419,pais_economia,"OECD, PISA 2022 Results (Volume I), Tables I.B1.5.4 (Mathematics), I.B1.5.5 (Reading), I.B1.5.6 (Science)."
2022,Lectura,Regiones de Ucrania (18 de 27),428,pais_economia,"OECD, PISA 2022 Results (Volume I), Tables I.B1.5.4 (Mathematics), I.B1.5.5 (Reading), I.B1.5.6 (Science)."
2022,Lectura,Reino Unido,494,pais_economia,"OECD, PISA 2022 Results (Volume I), Tables I.B1.5.4 (Mathematics), I.B1.5.5 (Reading), I.B1.5.6 (Science)."
2022,Lectura,República Dominicana,351,pais_economia,"OECD, PISA 2022 Results (Volume I), Tables I.B1.5.4 (Mathematics), I.B1.5.5 (Reading), I.B1.5.6 (Science)."
2022,Lectura,República Eslovaca,447,pais_economia,"OECD, PISA 2022 Results (Volume I), Tables I.B1.5.4 (Mathematics), I.B1.5.5 (Reading), I.B1.5.6 (Science)."
2022,Lectura,Rumanía,428,pais_economia,"OECD, PISA 2022 Results (Volume I), Tables I.B1.5.4 (Mathematics), I.B1.5.5 (Reading), I.B1.5.6 (Science)."
2022,Lectura,Serbia,440,pais_economia,"OECD, PISA 2022 Results (Volume I), Tables I.B1.5.4 (Mathematics), I.B1.5.5 (Reading), I.B1.5.6 (Science)."
2022,Lectura,Singapur,543,pais_economia,"OECD, PISA 2022 Results (Volume I), Tables I.B1.5.4 (Mathematics), I.B1.5.5 (Reading), I.B1.5.6 (Science)."
2022,Lectura,Suecia,487,pais_economia,"OECD, PISA 2022 Results (Volume I), Tables I.B1.5.4 (Mathematics), I.B1.5.5 (Reading), I.B1.5.6 (Science)."
2022,Lectura,Suiza,483,pais_economia,"OECD, PISA 2022 Results (Volume I), Tables I.B1.5.4 (Mathematics), I.B1.5.5 (Reading), I.B1.5.6 (Science)."
2022,Lectura,Tailandia,379,pais_economia,"OECD, PISA 2022 Results (Volume I), Tables I.B1.5.4 (Mathematics), I.B1.5.5 (Reading), I.B1.5.6 (Science)."
2022,Lectura,Türkiye,456,pais_economia,"OECD, PISA 2022 Results (Volume I), Tables I.B1.5.4 (Mathematics), I.B1.5.5 (Reading), I.B1.5.6 (Science)."
2022,Lectura,Uruguay,430,pais_economia,"OECD, PISA 2022 Results (Volume I), Tables I.B1.5.4 (Mathematics), I.B1.5.5 (Reading), I.B1.5.6 (Science)."
2022,Lectura,Uzbekistán,336,pais_economia,"OECD, PISA 2022 Results (Volume I), Tables I.B1.5.4 (Mathematics), I.B1.5.5 (Reading), I.B1.5.6 (Science)."
2022,Lectura,Viet Nam,462,pais_economia,"OECD, PISA 2022 Results (Volume I), Tables I.B1.5.4 (Mathematics), I.B1.5.5 (Reading), I.B1.5.6 (Science)."
2022,Matemática,Albania,368,pais_economia,"OECD, PISA 2022 Results (Volume I), Tables I.B1.5.4 (Mathematics), I.B1.5.5 (Reading), I.B1.5.6 (Science)."
2022,Matemática,Alemania,475,pais_economia,"OECD, PISA 2022 Results (Volume I), Tables I.B1.5.4 (Mathematics), I.B1.5.5 (Reading), I.B1.5.6 (Science)."
2022,Matemática,Arabia Saudita,389,pais_economia,"OECD, PISA 2022 Results (Volume I), Tables I.B1.5.4 (Mathematics), I.B1.5.5 (Reading), I.B1.5.6 (Science)."
2022,Matemática,Argentina,378,pais_economia,"OECD, PISA 2022 Results (Volume I), Tables I.B1.5.4 (Mathematics), I.B1.5.5 (Reading), I.B1.5.6 (Science)."
2022,Matemática,Australia,487,pais_economia,"OECD, PISA 2022 Results (Volume I), Tables I.B1.5.4 (Mathematics), I.B1.5.5 (Reading), I.B1.5.6 (Science)."
2022,Matemática,Austria,487,pais_economia,"OECD, PISA 2022 Results (Volume I), Tables I.B1.5.4 (Mathematics), I.B1.5.5 (Reading), I.B1.5.6 (Science)."
2022,Matemática,Autoridad Palestina,366,pais_economia,"OECD, PISA 2022 Results (Volume I), Tables I.B1.5.4 (Mathematics), I.B1.5.5 (Reading), I.B1.5.6 (Science)."
2022,Matemática,Bakú (Azerbaiyán),397,pais_economia,"OECD, PISA 2022 Results (Volume I), Tables I.B1.5.4 (Mathematics), I.B1.5.5 (Reading), I.B1.5.6 (Science)."
2022,Matemática,Brasil,379,pais_economia,"OECD, PISA 2022 Results (Volume I), Tables I.B1.5.4 (Mathematics), I.B1.5.5 (Reading), I.B1.5.6 (Science)."
2022,Matemática,Brunéi Darussalam,442,pais_economia,"OECD, PISA 2022 Results (Volume I), Tables I.B1.5.4 (Mathematics), I.B1.5.5 (Reading), I.B1.5.6 (Science)."
2022,Matemática,Bulgaria,417,pais_economia,"OECD, PISA 2022 Results (Volume I), Tables I.B1.5.4 (Mathematics), I.B1.5.5 (Reading), I.B1.5.6 (Science)."
2022,Matemática,Bélgica,489,pais_economia,"OECD, PISA 2022 Results (Volume I), Tables I.B1.5.4 (Mathematics), I.B1.5.5 (Reading), I.B1.5.6 (Science)."
2022,Matemática,Camboya,336,pais_economia,"OECD, PISA 2022 Results (Volume I), Tables I.B1.5.4 (Mathematics), I.B1.5.5 (Reading), I.B1.5.6 (Science)."
2022,Matemática,Canadá,497,pais_economia,"OECD, PISA 2022 Results (Volume I), Tables I.B1.5.4 (Mathematics), I.B1.5.5 (Reading), I.B1.5.6 (Science)."
2022,Matemática,Chequia,487,pais_economia,"OECD, PISA 2022 Results (Volume I), Tables I.B1.5.4 (Mathematics), I.B1.5.5 (Reading), I.B1.5.6 (Science)."
2022,Matemática,Chile,412,pais_economia,"OECD, PISA 2022 Results (Volume I), Tables I.B1.5.4 (Mathematics), I.B1.5.5 (Reading), I.B1.5.6 (Science)."
2022,Matemática,Chinese Taipei,547,pais_economia,"OECD, PISA 2022 Results (Volume I), Tables I.B1.5.4 (Mathematics), I.B1.5.5 (Reading), I.B1.5.6 (Science)."
2022,Matemática,Chipre,418,pais_economia,"OECD, PISA 2022 Results (Volume I), Tables I.B1.5.4 (Mathematics), I.B1.5.5 (Reading), I.B1.5.6 (Science)."
2022,Matemática,Colombia,383,pais_economia,"OECD, PISA 2022 Results (Volume I), Tables I.B1.5.4 (Mathematics), I.B1.5.5 (Reading), I.B1.5.6 (Science)."
2022,Matemática,Corea,527,pais_economia,"OECD, PISA 2022 Results (Volume I), Tables I.B1.5.4 (Mathematics), I.B1.5.5 (Reading), I.B1.5.6 (Science)."
2022,Matemática,Costa Rica,385,pais_economia,"OECD, PISA 2022 Results (Volume I), Tables I.B1.5.4 (Mathematics), I.B1.5.5 (Reading), I.B1.5.6 (Science)."
2022,Matemática,Croacia,463,pais_economia,"OECD, PISA 2022 Results (Volume I), Tables I.B1.5.4 (Mathematics), I.B1.5.5 (Reading), I.B1.5.6 (Science)."
2022,Matemática,Dinamarca,489,pais_economia,"OECD, PISA 2022 Results (Volume I), Tables I.B1.5.4 (Mathematics), I.B1.5.5 (Reading), I.B1.5.6 (Science)."
2022,Matemática,El Salvador,343,pais_economia,"OECD, PISA 2022 Results (Volume I), Tables I.B1.5.4 (Mathematics), I.B1.5.5 (Reading), I.B1.5.6 (Science)."
2022,Matemática,Emiratos Árabes Unidos,431,pais_economia,"OECD, PISA 2022 Results (Volume I), Tables I.B1.5.4 (Mathematics), I.B1.5.5 (Reading), I.B1.5.6 (Science)."
2022,Matemática,Eslovenia,485,pais_economia,"OECD, PISA 2022 Results (Volume I), Tables I.B1.5.4 (Mathematics), I.B1.5.5 (Reading), I.B1.5.6 (Science)."
2022,Matemática,España,473,pais_economia,"OECD, PISA 2022 Results (Volume I), Tables I.B1.5.4 (Mathematics), I.B1.5.5 (Reading), I.B1.5.6 (Science)."
2022,Matemática,Estados Unidos,465,pais_economia,"OECD, PISA 2022 Results (Volume I), Tables I.B1.5.4 (Mathematics), I.B1.5.5 (Reading), I.B1.5.6 (Science)."
2022,Matemática,Estonia,510,pais_economia,"OECD, PISA 2022 Results (Volume I), Tables I.B1.5.4 (Mathematics), I.B1.5.5 (Reading), I.B1.5.6 (Science)."
2022,Matemática,Filipinas,355,pais_economia,"OECD, PISA 2022 Results (Volume I), Tables I.B1.5.4 (Mathematics), I.B1.5.5 (Reading), I.B1.5.6 (Science)."
2022,Matemática,Finlandia,484,pais_economia,"OECD, PISA 2022 Results (Volume I), Tables I.B1.5.4 (Mathematics), I.B1.5.5 (Reading), I.B1.5.6 (Science)."
2022,Matemática,Francia,474,pais_economia,"OECD, PISA 2022 Results (Volume I), Tables I.B1.5.4 (Mathematics), I.B1.5.5 (Reading), I.B1.5.6 (Science)."
2022,Matemática,Georgia,390,pais_economia,"OECD, PISA 2022 Results (Volume I), Tables I.B1.5.4 (Mathematics), I.B1.5.5 (Reading), I.B1.5.6 (Science)."
2022,Matemática,Grecia,430,pais_economia,"OECD, PISA 2022 Results (Volume I), Tables I.B1.5.4 (Mathematics), I.B1.5.5 (Reading), I.B1.5.6 (Science)."
2022,Matemática,Guatemala,344,pais_economia,"OECD, PISA 2022 Results (Volume I), Tables I.B1.5.4 (Mathematics), I.B1.5.5 (Reading), I.B1.5.6 (Science)."
2022,Matemática,Hong Kong (China),540,pais_economia,"OECD, PISA 2022 Results (Volume I), Tables I.B1.5.4 (Mathematics), I.B1.5.5 (Reading), I.B1.5.6 (Science)."
2022,Matemática,Hungría,473,pais_economia,"OECD, PISA 2022 Results (Volume I), Tables I.B1.5.4 (Mathematics), I.B1.5.5 (Reading), I.B1.5.6 (Science)."
2022,Matemática,Indonesia,366,pais_economia,"OECD, PISA 2022 Results (Volume I), Tables I.B1.5.4 (Mathematics), I.B1.5.5 (Reading), I.B1.5.6 (Science)."
2022,Matemática,Irlanda,492,pais_economia,"OECD, PISA 2022 Results (Volume I), Tables I.B1.5.4 (Mathematics), I.B1.5.5 (Reading), I.B1.5.6 (Science)."
2022,Matemática,Islandia,459,pais_economia,"OECD, PISA 2022 Results (Volume I), Tables I.B1.5.4 (Mathematics), I.B1.5.5 (Reading), I.B1.5.6 (Science)."
2022,Matemática,Israel,458,pais_economia,"OECD, PISA 2022 Results (Volume I), Tables I.B1.5.4 (Mathematics), I.B1.5.5 (Reading), I.B1.5.6 (Science)."
2022,Matemática,Italia,471,pais_economia,"OECD, PISA 2022 Results (Volume I), Tables I.B1.5.4 (Mathematics), I.B1.5.5 (Reading), I.B1.5.6 (Science)."
2022,Matemática,Jamaica,377,pais_economia,"OECD, PISA 2022 Results (Volume I), Tables I.B1.5.4 (Mathematics), I.B1.5.5 (Reading), I.B1.5.6 (Science)."
2022,Matemática,Japón,536,pais_economia,"OECD, PISA 2022 Results (Volume I), Tables I.B1.5.4 (Mathematics), I.B1.5.5 (Reading), I.B1.5.6 (Science)."
2022,Matemática,Jordania,361,pais_economia,"OECD, PISA 2022 Results (Volume I), Tables I.B1.5.4 (Mathematics), I.B1.5.5 (Reading), I.B1.5.6 (Science)."
2022,Matemática,Kazajistán,425,pais_economia,"OECD, PISA 2022 Results (Volume I), Tables I.B1.5.4 (Mathematics), I.B1.5.5 (Reading), I.B1.5.6 (Science)."
2022,Matemática,Kosovo,355,pais_economia,"OECD, PISA 2022 Results (Volume I), Tables I.B1.5.4 (Mathematics), I.B1.5.5 (Reading), I.B1.5.6 (Science)."
2022,Matemática,Letonia,483,pais_economia,"OECD, PISA 2022 Results (Volume I), Tables I.B1.5.4 (Mathematics), I.B1.5.5 (Reading), I.B1.5.6 (Science)."
2022,Matemática,Lituania,475,pais_economia,"OECD, PISA 2022 Results (Volume I), Tables I.B1.5.4 (Mathematics), I.B1.5.5 (Reading), I.B1.5.6 (Science)."
2022,Matemática,Macao (China),552,pais_economia,"OECD, PISA 2022 Results (Volume I), Tables I.B1.5.4 (Mathematics), I.B1.5.5 (Reading), I.B1.5.6 (Science)."
2022,Matemática,Macedonia del Norte,389,pais_economia,"OECD, PISA 2022 Results (Volume I), Tables I.B1.5.4 (Mathematics), I.B1.5.5 (Reading), I.B1.5.6 (Science)."
2022,Matemática,Malasia,409,pais_economia,"OECD, PISA 2022 Results (Volume I), Tables I.B1.5.4 (Mathematics), I.B1.5.5 (Reading), I.B1.5.6 (Science)."
2022,Matemática,Malta,466,pais_economia,"OECD, PISA 2022 Results (Volume I), Tables I.B1.5.4 (Mathematics), I.B1.5.5 (Reading), I.B1.5.6 (Science)."
2022,Matemática,Marruecos,365,pais_economia,"OECD, PISA 2022 Results (Volume I), Tables I.B1.5.4 (Mathematics), I.B1.5.5 (Reading), I.B1.5.6 (Science)."
2022,Matemática,Moldova,414,pais_economia,"OECD, PISA 2022 Results (Volume I), Tables I.B1.5.4 (Mathematics), I.B1.5.5 (Reading), I.B1.5.6 (Science)."
2022,Matemática,Mongolia,425,pais_economia,"OECD, PISA 2022 Results (Volume I), Tables I.B1.5.4 (Mathematics), I.B1.5.5 (Reading), I.B1.5.6 (Science)."
2022,Matemática,Montenegro,406,pais_economia,"OECD, PISA 2022 Results (Volume I), Tables I.B1.5.4 (Mathematics), I.B1.5.5 (Reading), I.B1.5.6 (Science)."
2022,Matemática,México,395,pais_economia,"OECD, PISA 2022 Results (Volume I), Tables I.B1.5.4 (Mathematics), I.B1.5.5 (Reading), I.B1.5.6 (Science)."
2022,Matemática,Noruega,468,pais_economia,"OECD, PISA 2022 Results (Volume I), Tables I.B1.5.4 (Mathematics), I.B1.5.5 (Reading), I.B1.5.6 (Science)."
2022,Matemática,Nueva Zelanda,479,pais_economia,"OECD, PISA 2022 Results (Volume I), Tables I.B1.5.4 (Mathematics), I.B1.5.5 (Reading), I.B1.5.6 (Science)."
2022,Matemática,OCDE,472,referencia,"OECD, PISA 2022 Results (Volume I), Tables I.B1.5.4 (Mathematics), I.B1.5.5 (Reading), I.B1.5.6 (Science)."
2022,Matemática,Panamá,357,pais_economia,"OECD, PISA 2022 Results (Volume I), Tables I.B1.5.4 (Mathematics), I.B1.5.5 (Reading), I.B1.5.6 (Science)."
2022,Matemática,Paraguay,338,pais_economia,"OECD, PISA 2022 Results (Volume I), Tables I.B1.5.4 (Mathematics), I.B1.5.5 (Reading), I.B1.5.6 (Science)."
2022,Matemática,Países Bajos,493,pais_economia,"OECD, PISA 2022 Results (Volume I), Tables I.B1.5.4 (Mathematics), I.B1.5.5 (Reading), I.B1.5.6 (Science)."
2022,Matemática,Perú,391,pais_economia,"OECD, PISA 2022 Results (Volume I), Tables I.B1.5.4 (Mathematics), I.B1.5.5 (Reading), I.B1.5.6 (Science)."
2022,Matemática,Polonia,489,pais_economia,"OECD, PISA 2022 Results (Volume I), Tables I.B1.5.4 (Mathematics), I.B1.5.5 (Reading), I.B1.5.6 (Science)."
2022,Matemática,Portugal,472,pais_economia,"OECD, PISA 2022 Results (Volume I), Tables I.B1.5.4 (Mathematics), I.B1.5.5 (Reading), I.B1.5.6 (Science)."
2022,Matemática,Qatar,414,pais_economia,"OECD, PISA 2022 Results (Volume I), Tables I.B1.5.4 (Mathematics), I.B1.5.5 (Reading), I.B1.5.6 (Science)."
2022,Matemática,Regiones de Ucrania (18 de 27),441,pais_economia,"OECD, PISA 2022 Results (Volume I), Tables I.B1.5.4 (Mathematics), I.B1.5.5 (Reading), I.B1.5.6 (Science)."
2022,Matemática,Reino Unido,489,pais_economia,"OECD, PISA 2022 Results (Volume I), Tables I.B1.5.4 (Mathematics), I.B1.5.5 (Reading), I.B1.5.6 (Science)."
2022,Matemática,República Dominicana,339,pais_economia,"OECD, PISA 2022 Results (Volume I), Tables I.B1.5.4 (Mathematics), I.B1.5.5 (Reading), I.B1.5.6 (Science)."
2022,Matemática,República Eslovaca,464,pais_economia,"OECD, PISA 2022 Results (Volume I), Tables I.B1.5.4 (Mathematics), I.B1.5.5 (Reading), I.B1.5.6 (Science)."
2022,Matemática,Rumanía,428,pais_economia,"OECD, PISA 2022 Results (Volume I), Tables I.B1.5.4 (Mathematics), I.B1.5.5 (Reading), I.B1.5.6 (Science)."
2022,Matemática,Serbia,440,pais_economia,"OECD, PISA 2022 Results (Volume I), Tables I.B1.5.4 (Mathematics), I.B1.5.5 (Reading), I.B1.5.6 (Science)."
2022,Matemática,Singapur,575,pais_economia,"OECD, PISA 2022 Results (Volume I), Tables I.B1.5.4 (Mathematics), I.B1.5.5 (Reading), I.B1.5.6 (Science)."
2022,Matemática,Suecia,482,pais_economia,"OECD, PISA 2022 Results (Volume I), Tables I.B1.5.4 (Mathematics), I.B1.5.5 (Reading), I.B1.5.6 (Science)."
2022,Matemática,Suiza,508,pais_economia,"OECD, PISA 2022 Results (Volume I), Tables I.B1.5.4 (Mathematics), I.B1.5.5 (Reading), I.B1.5.6 (Science)."
2022,Matemática,Tailandia,394,pais_economia,"OECD, PISA 2022 Results (Volume I), Tables I.B1.5.4 (Mathematics), I.B1.5.5 (Reading), I.B1.5.6 (Science)."
2022,Matemática,Türkiye,453,pais_economia,"OECD, PISA 2022 Results (Volume I), Tables I.B1.5.4 (Mathematics), I.B1.5.5 (Reading), I.B1.5.6 (Science)."
2022,Matemática,Uruguay,409,pais_economia,"OECD, PISA 2022 Results (Volume I), Tables I.B1.5.4 (Mathematics), I.B1.5.5 (Reading), I.B1.5.6 (Science)."
2022,Matemática,Uzbekistán,364,pais_economia,"OECD, PISA 2022 Results (Volume I), Tables I.B1.5.4 (Mathematics), I.B1.5.5 (Reading), I.B1.5.6 (Science)."
2022,Matemática,Viet Nam,469,pais_economia,"OECD, PISA 2022 Results (Volume I), Tables I.B1.5.4 (Mathematics), I.B1.5.5 (Reading), I.B1.5.6 (Science)."
2025,Ciencia,Albania*,435,pais_economia,"OECD, PISA 2025 Results (Volume I), Executive Summary Table I.1 and Annex B1 Tables I.B1.2a.1-I.B1.2a.3."
2025,Ciencia,Alemania,486,pais_economia,"OECD, PISA 2025 Results (Volume I), Executive Summary Table I.1 and Annex B1 Tables I.B1.2a.1-I.B1.2a.3."
2025,Ciencia,Arabia Saudita,413,pais_economia,"OECD, PISA 2025 Results (Volume I), Executive Summary Table I.1 and Annex B1 Tables I.B1.2a.1-I.B1.2a.3."
2025,Ciencia,Argentina,393,pais_economia,"OECD, PISA 2025 Results (Volume I), Executive Summary Table I.1 and Annex B1 Tables I.B1.2a.1-I.B1.2a.3."
2025,Ciencia,Armenia,369,pais_economia,"OECD, PISA 2025 Results (Volume I), Executive Summary Table I.1 and Annex B1 Tables I.B1.2a.1-I.B1.2a.3."
2025,Ciencia,Australia,509,pais_economia,"OECD, PISA 2025 Results (Volume I), Executive Summary Table I.1 and Annex B1 Tables I.B1.2a.1-I.B1.2a.3."
2025,Ciencia,Austria,497,pais_economia,"OECD, PISA 2025 Results (Volume I), Executive Summary Table I.1 and Annex B1 Tables I.B1.2a.1-I.B1.2a.3."
2025,Ciencia,Autoridad Palestina,359,pais_economia,"OECD, PISA 2025 Results (Volume I), Executive Summary Table I.1 and Annex B1 Tables I.B1.2a.1-I.B1.2a.3."
2025,Ciencia,Azerbaiyán,409,pais_economia,"OECD, PISA 2025 Results (Volume I), Executive Summary Table I.1 and Annex B1 Tables I.B1.2a.1-I.B1.2a.3."
2025,Ciencia,B-S-J-Z (China),597,pais_economia,"OECD, PISA 2025 Results (Volume I), Executive Summary Table I.1 and Annex B1 Tables I.B1.2a.1-I.B1.2a.3."
2025,Ciencia,Brasil,409,pais_economia,"OECD, PISA 2025 Results (Volume I), Executive Summary Table I.1 and Annex B1 Tables I.B1.2a.1-I.B1.2a.3."
2025,Ciencia,Brunéi Darussalam,439,pais_economia,"OECD, PISA 2025 Results (Volume I), Executive Summary Table I.1 and Annex B1 Tables I.B1.2a.1-I.B1.2a.3."
2025,Ciencia,Bulgaria,421,pais_economia,"OECD, PISA 2025 Results (Volume I), Executive Summary Table I.1 and Annex B1 Tables I.B1.2a.1-I.B1.2a.3."
2025,Ciencia,Bélgica,490,pais_economia,"OECD, PISA 2025 Results (Volume I), Executive Summary Table I.1 and Annex B1 Tables I.B1.2a.1-I.B1.2a.3."
2025,Ciencia,Camboya,382,pais_economia,"OECD, PISA 2025 Results (Volume I), Executive Summary Table I.1 and Annex B1 Tables I.B1.2a.1-I.B1.2a.3."
2025,Ciencia,Canadá*,510,pais_economia,"OECD, PISA 2025 Results (Volume I), Executive Summary Table I.1 and Annex B1 Tables I.B1.2a.1-I.B1.2a.3."
2025,Ciencia,Chequia,490,pais_economia,"OECD, PISA 2025 Results (Volume I), Executive Summary Table I.1 and Annex B1 Tables I.B1.2a.1-I.B1.2a.3."
2025,Ciencia,Chile,442,pais_economia,"OECD, PISA 2025 Results (Volume I), Executive Summary Table I.1 and Annex B1 Tables I.B1.2a.1-I.B1.2a.3."
2025,Ciencia,Chinese Taipei,540,pais_economia,"OECD, PISA 2025 Results (Volume I), Executive Summary Table I.1 and Annex B1 Tables I.B1.2a.1-I.B1.2a.3."
2025,Ciencia,Chipre,411,pais_economia,"OECD, PISA 2025 Results (Volume I), Executive Summary Table I.1 and Annex B1 Tables I.B1.2a.1-I.B1.2a.3."
2025,Ciencia,Colombia,414,pais_economia,"OECD, PISA 2025 Results (Volume I), Executive Summary Table I.1 and Annex B1 Tables I.B1.2a.1-I.B1.2a.3."
2025,Ciencia,Corea,526,pais_economia,"OECD, PISA 2025 Results (Volume I), Executive Summary Table I.1 and Annex B1 Tables I.B1.2a.1-I.B1.2a.3."
2025,Ciencia,Costa Rica,424,pais_economia,"OECD, PISA 2025 Results (Volume I), Executive Summary Table I.1 and Annex B1 Tables I.B1.2a.1-I.B1.2a.3."
2025,Ciencia,Croacia,476,pais_economia,"OECD, PISA 2025 Results (Volume I), Executive Summary Table I.1 and Annex B1 Tables I.B1.2a.1-I.B1.2a.3."
2025,Ciencia,Dinamarca,478,pais_economia,"OECD, PISA 2025 Results (Volume I), Executive Summary Table I.1 and Annex B1 Tables I.B1.2a.1-I.B1.2a.3."
2025,Ciencia,Dushanbe (Tayikistán),334,pais_economia,"OECD, PISA 2025 Results (Volume I), Executive Summary Table I.1 and Annex B1 Tables I.B1.2a.1-I.B1.2a.3."
2025,Ciencia,Ecuador,393,pais_economia,"OECD, PISA 2025 Results (Volume I), Executive Summary Table I.1 and Annex B1 Tables I.B1.2a.1-I.B1.2a.3."
2025,Ciencia,El Salvador,385,pais_economia,"OECD, PISA 2025 Results (Volume I), Executive Summary Table I.1 and Annex B1 Tables I.B1.2a.1-I.B1.2a.3."
2025,Ciencia,Emiratos Árabes Unidos,458,pais_economia,"OECD, PISA 2025 Results (Volume I), Executive Summary Table I.1 and Annex B1 Tables I.B1.2a.1-I.B1.2a.3."
2025,Ciencia,Eslovenia,484,pais_economia,"OECD, PISA 2025 Results (Volume I), Executive Summary Table I.1 and Annex B1 Tables I.B1.2a.1-I.B1.2a.3."
2025,Ciencia,España,477,pais_economia,"OECD, PISA 2025 Results (Volume I), Executive Summary Table I.1 and Annex B1 Tables I.B1.2a.1-I.B1.2a.3."
2025,Ciencia,Estados Unidos*,502,pais_economia,"OECD, PISA 2025 Results (Volume I), Executive Summary Table I.1 and Annex B1 Tables I.B1.2a.1-I.B1.2a.3."
2025,Ciencia,Estonia,527,pais_economia,"OECD, PISA 2025 Results (Volume I), Executive Summary Table I.1 and Annex B1 Tables I.B1.2a.1-I.B1.2a.3."
2025,Ciencia,Filipinas,373,pais_economia,"OECD, PISA 2025 Results (Volume I), Executive Summary Table I.1 and Annex B1 Tables I.B1.2a.1-I.B1.2a.3."
2025,Ciencia,Finlandia,504,pais_economia,"OECD, PISA 2025 Results (Volume I), Executive Summary Table I.1 and Annex B1 Tables I.B1.2a.1-I.B1.2a.3."
2025,Ciencia,Francia,483,pais_economia,"OECD, PISA 2025 Results (Volume I), Executive Summary Table I.1 and Annex B1 Tables I.B1.2a.1-I.B1.2a.3."
2025,Ciencia,Georgia,422,pais_economia,"OECD, PISA 2025 Results (Volume I), Executive Summary Table I.1 and Annex B1 Tables I.B1.2a.1-I.B1.2a.3."
2025,Ciencia,Grecia,434,pais_economia,"OECD, PISA 2025 Results (Volume I), Executive Summary Table I.1 and Annex B1 Tables I.B1.2a.1-I.B1.2a.3."
2025,Ciencia,Guatemala,351,pais_economia,"OECD, PISA 2025 Results (Volume I), Executive Summary Table I.1 and Annex B1 Tables I.B1.2a.1-I.B1.2a.3."
2025,Ciencia,Hong Kong (China),496,pais_economia,"OECD, PISA 2025 Results (Volume I), Executive Summary Table I.1 and Annex B1 Tables I.B1.2a.1-I.B1.2a.3."
2025,Ciencia,Hungría,480,pais_economia,"OECD, PISA 2025 Results (Volume I), Executive Summary Table I.1 and Annex B1 Tables I.B1.2a.1-I.B1.2a.3."
2025,Ciencia,Indonesia,389,pais_economia,"OECD, PISA 2025 Results (Volume I), Executive Summary Table I.1 and Annex B1 Tables I.B1.2a.1-I.B1.2a.3."
2025,Ciencia,Irlanda,500,pais_economia,"OECD, PISA 2025 Results (Volume I), Executive Summary Table I.1 and Annex B1 Tables I.B1.2a.1-I.B1.2a.3."
2025,Ciencia,Islandia,441,pais_economia,"OECD, PISA 2025 Results (Volume I), Executive Summary Table I.1 and Annex B1 Tables I.B1.2a.1-I.B1.2a.3."
2025,Ciencia,Israel,442,pais_economia,"OECD, PISA 2025 Results (Volume I), Executive Summary Table I.1 and Annex B1 Tables I.B1.2a.1-I.B1.2a.3."
2025,Ciencia,Italia,483,pais_economia,"OECD, PISA 2025 Results (Volume I), Executive Summary Table I.1 and Annex B1 Tables I.B1.2a.1-I.B1.2a.3."
2025,Ciencia,Japón,538,pais_economia,"OECD, PISA 2025 Results (Volume I), Executive Summary Table I.1 and Annex B1 Tables I.B1.2a.1-I.B1.2a.3."
2025,Ciencia,Jordania,407,pais_economia,"OECD, PISA 2025 Results (Volume I), Executive Summary Table I.1 and Annex B1 Tables I.B1.2a.1-I.B1.2a.3."
2025,Ciencia,Kazajistán,420,pais_economia,"OECD, PISA 2025 Results (Volume I), Executive Summary Table I.1 and Annex B1 Tables I.B1.2a.1-I.B1.2a.3."
2025,Ciencia,Kenia,335,pais_economia,"OECD, PISA 2025 Results (Volume I), Executive Summary Table I.1 and Annex B1 Tables I.B1.2a.1-I.B1.2a.3."
2025,Ciencia,Kirguistán,363,pais_economia,"OECD, PISA 2025 Results (Volume I), Executive Summary Table I.1 and Annex B1 Tables I.B1.2a.1-I.B1.2a.3."
2025,Ciencia,Kosovo,357,pais_economia,"OECD, PISA 2025 Results (Volume I), Executive Summary Table I.1 and Annex B1 Tables I.B1.2a.1-I.B1.2a.3."
2025,Ciencia,Letonia,468,pais_economia,"OECD, PISA 2025 Results (Volume I), Executive Summary Table I.1 and Annex B1 Tables I.B1.2a.1-I.B1.2a.3."
2025,Ciencia,Lituania,488,pais_economia,"OECD, PISA 2025 Results (Volume I), Executive Summary Table I.1 and Annex B1 Tables I.B1.2a.1-I.B1.2a.3."
2025,Ciencia,Luxemburgo,474,pais_economia,"OECD, PISA 2025 Results (Volume I), Executive Summary Table I.1 and Annex B1 Tables I.B1.2a.1-I.B1.2a.3."
2025,Ciencia,Líbano,372,pais_economia,"OECD, PISA 2025 Results (Volume I), Executive Summary Table I.1 and Annex B1 Tables I.B1.2a.1-I.B1.2a.3."
2025,Ciencia,Macao (China),541,pais_economia,"OECD, PISA 2025 Results (Volume I), Executive Summary Table I.1 and Annex B1 Tables I.B1.2a.1-I.B1.2a.3."
2025,Ciencia,Macedonia del Norte,378,pais_economia,"OECD, PISA 2025 Results (Volume I), Executive Summary Table I.1 and Annex B1 Tables I.B1.2a.1-I.B1.2a.3."
2025,Ciencia,Malasia,419,pais_economia,"OECD, PISA 2025 Results (Volume I), Executive Summary Table I.1 and Annex B1 Tables I.B1.2a.1-I.B1.2a.3."
2025,Ciencia,Malta,453,pais_economia,"OECD, PISA 2025 Results (Volume I), Executive Summary Table I.1 and Annex B1 Tables I.B1.2a.1-I.B1.2a.3."
2025,Ciencia,Marruecos,358,pais_economia,"OECD, PISA 2025 Results (Volume I), Executive Summary Table I.1 and Annex B1 Tables I.B1.2a.1-I.B1.2a.3."
2025,Ciencia,Mauricio,438,pais_economia,"OECD, PISA 2025 Results (Volume I), Executive Summary Table I.1 and Annex B1 Tables I.B1.2a.1-I.B1.2a.3."
2025,Ciencia,Moldova,422,pais_economia,"OECD, PISA 2025 Results (Volume I), Executive Summary Table I.1 and Annex B1 Tables I.B1.2a.1-I.B1.2a.3."
2025,Ciencia,Mongolia,424,pais_economia,"OECD, PISA 2025 Results (Volume I), Executive Summary Table I.1 and Annex B1 Tables I.B1.2a.1-I.B1.2a.3."
2025,Ciencia,Montenegro,435,pais_economia,"OECD, PISA 2025 Results (Volume I), Executive Summary Table I.1 and Annex B1 Tables I.B1.2a.1-I.B1.2a.3."
2025,Ciencia,México,414,pais_economia,"OECD, PISA 2025 Results (Volume I), Executive Summary Table I.1 and Annex B1 Tables I.B1.2a.1-I.B1.2a.3."
2025,Ciencia,Noruega*,470,pais_economia,"OECD, PISA 2025 Results (Volume I), Executive Summary Table I.1 and Annex B1 Tables I.B1.2a.1-I.B1.2a.3."
2025,Ciencia,Nueva Zelanda*,509,pais_economia,"OECD, PISA 2025 Results (Volume I), Executive Summary Table I.1 and Annex B1 Tables I.B1.2a.1-I.B1.2a.3."
2025,Ciencia,OCDE,482,referencia,"OECD, PISA 2025 Results (Volume I), Executive Summary Table I.1 and Annex B1 Tables I.B1.2a.1-I.B1.2a.3."
2025,Ciencia,Paraguay,355,pais_economia,"OECD, PISA 2025 Results (Volume I), Executive Summary Table I.1 and Annex B1 Tables I.B1.2a.1-I.B1.2a.3."
2025,Ciencia,Países Bajos*,485,pais_economia,"OECD, PISA 2025 Results (Volume I), Executive Summary Table I.1 and Annex B1 Tables I.B1.2a.1-I.B1.2a.3."
2025,Ciencia,Perú,406,pais_economia,"OECD, PISA 2025 Results (Volume I), Executive Summary Table I.1 and Annex B1 Tables I.B1.2a.1-I.B1.2a.3."
2025,Ciencia,Polonia,495,pais_economia,"OECD, PISA 2025 Results (Volume I), Executive Summary Table I.1 and Annex B1 Tables I.B1.2a.1-I.B1.2a.3."
2025,Ciencia,Portugal,482,pais_economia,"OECD, PISA 2025 Results (Volume I), Executive Summary Table I.1 and Annex B1 Tables I.B1.2a.1-I.B1.2a.3."
2025,Ciencia,Qatar,434,pais_economia,"OECD, PISA 2025 Results (Volume I), Executive Summary Table I.1 and Annex B1 Tables I.B1.2a.1-I.B1.2a.3."
2025,Ciencia,Regiones de Ucrania (17 de 27),448,pais_economia,"OECD, PISA 2025 Results (Volume I), Executive Summary Table I.1 and Annex B1 Tables I.B1.2a.1-I.B1.2a.3."
2025,Ciencia,Región del Kurdistán (Iraq),352,pais_economia,"OECD, PISA 2025 Results (Volume I), Executive Summary Table I.1 and Annex B1 Tables I.B1.2a.1-I.B1.2a.3."
2025,Ciencia,Reino Unido,511,pais_economia,"OECD, PISA 2025 Results (Volume I), Executive Summary Table I.1 and Annex B1 Tables I.B1.2a.1-I.B1.2a.3."
2025,Ciencia,República Dominicana,361,pais_economia,"OECD, PISA 2025 Results (Volume I), Executive Summary Table I.1 and Annex B1 Tables I.B1.2a.1-I.B1.2a.3."
2025,Ciencia,República Eslovaca,475,pais_economia,"OECD, PISA 2025 Results (Volume I), Executive Summary Table I.1 and Annex B1 Tables I.B1.2a.1-I.B1.2a.3."
2025,Ciencia,Ruanda,317,pais_economia,"OECD, PISA 2025 Results (Volume I), Executive Summary Table I.1 and Annex B1 Tables I.B1.2a.1-I.B1.2a.3."
2025,Ciencia,Rumanía,425,pais_economia,"OECD, PISA 2025 Results (Volume I), Executive Summary Table I.1 and Annex B1 Tables I.B1.2a.1-I.B1.2a.3."
2025,Ciencia,Serbia,429,pais_economia,"OECD, PISA 2025 Results (Volume I), Executive Summary Table I.1 and Annex B1 Tables I.B1.2a.1-I.B1.2a.3."
2025,Ciencia,Singapur,560,pais_economia,"OECD, PISA 2025 Results (Volume I), Executive Summary Table I.1 and Annex B1 Tables I.B1.2a.1-I.B1.2a.3."
2025,Ciencia,Suecia,485,pais_economia,"OECD, PISA 2025 Results (Volume I), Executive Summary Table I.1 and Annex B1 Tables I.B1.2a.1-I.B1.2a.3."
2025,Ciencia,Suiza,501,pais_economia,"OECD, PISA 2025 Results (Volume I), Executive Summary Table I.1 and Annex B1 Tables I.B1.2a.1-I.B1.2a.3."
2025,Ciencia,Tailandia,432,pais_economia,"OECD, PISA 2025 Results (Volume I), Executive Summary Table I.1 and Annex B1 Tables I.B1.2a.1-I.B1.2a.3."
2025,Ciencia,Türkiye,494,pais_economia,"OECD, PISA 2025 Results (Volume I), Executive Summary Table I.1 and Annex B1 Tables I.B1.2a.1-I.B1.2a.3."
2025,Ciencia,Uruguay,445,pais_economia,"OECD, PISA 2025 Results (Volume I), Executive Summary Table I.1 and Annex B1 Tables I.B1.2a.1-I.B1.2a.3."
2025,Ciencia,Uzbekistán,438,pais_economia,"OECD, PISA 2025 Results (Volume I), Executive Summary Table I.1 and Annex B1 Tables I.B1.2a.1-I.B1.2a.3."
2025,Ciencia,Viet Nam,457,pais_economia,"OECD, PISA 2025 Results (Volume I), Executive Summary Table I.1 and Annex B1 Tables I.B1.2a.1-I.B1.2a.3."
2025,Ciencia,Zambia,337,pais_economia,"OECD, PISA 2025 Results (Volume I), Executive Summary Table I.1 and Annex B1 Tables I.B1.2a.1-I.B1.2a.3."
2025,Lectura,Albania*,408,pais_economia,"OECD, PISA 2025 Results (Volume I), Executive Summary Table I.1 and Annex B1 Tables I.B1.2a.1-I.B1.2a.3."
2025,Lectura,Alemania,465,pais_economia,"OECD, PISA 2025 Results (Volume I), Executive Summary Table I.1 and Annex B1 Tables I.B1.2a.1-I.B1.2a.3."
2025,Lectura,Arabia Saudita,387,pais_economia,"OECD, PISA 2025 Results (Volume I), Executive Summary Table I.1 and Annex B1 Tables I.B1.2a.1-I.B1.2a.3."
2025,Lectura,Argentina,389,pais_economia,"OECD, PISA 2025 Results (Volume I), Executive Summary Table I.1 and Annex B1 Tables I.B1.2a.1-I.B1.2a.3."
2025,Lectura,Armenia,348,pais_economia,"OECD, PISA 2025 Results (Volume I), Executive Summary Table I.1 and Annex B1 Tables I.B1.2a.1-I.B1.2a.3."
2025,Lectura,Australia,491,pais_economia,"OECD, PISA 2025 Results (Volume I), Executive Summary Table I.1 and Annex B1 Tables I.B1.2a.1-I.B1.2a.3."
2025,Lectura,Austria,467,pais_economia,"OECD, PISA 2025 Results (Volume I), Executive Summary Table I.1 and Annex B1 Tables I.B1.2a.1-I.B1.2a.3."
2025,Lectura,Autoridad Palestina,350,pais_economia,"OECD, PISA 2025 Results (Volume I), Executive Summary Table I.1 and Annex B1 Tables I.B1.2a.1-I.B1.2a.3."
2025,Lectura,Azerbaiyán,374,pais_economia,"OECD, PISA 2025 Results (Volume I), Executive Summary Table I.1 and Annex B1 Tables I.B1.2a.1-I.B1.2a.3."
2025,Lectura,B-S-J-Z (China),527,pais_economia,"OECD, PISA 2025 Results (Volume I), Executive Summary Table I.1 and Annex B1 Tables I.B1.2a.1-I.B1.2a.3."
2025,Lectura,Brasil,408,pais_economia,"OECD, PISA 2025 Results (Volume I), Executive Summary Table I.1 and Annex B1 Tables I.B1.2a.1-I.B1.2a.3."
2025,Lectura,Brunéi Darussalam,426,pais_economia,"OECD, PISA 2025 Results (Volume I), Executive Summary Table I.1 and Annex B1 Tables I.B1.2a.1-I.B1.2a.3."
2025,Lectura,Bulgaria,387,pais_economia,"OECD, PISA 2025 Results (Volume I), Executive Summary Table I.1 and Annex B1 Tables I.B1.2a.1-I.B1.2a.3."
2025,Lectura,Bélgica,466,pais_economia,"OECD, PISA 2025 Results (Volume I), Executive Summary Table I.1 and Annex B1 Tables I.B1.2a.1-I.B1.2a.3."
2025,Lectura,Camboya,347,pais_economia,"OECD, PISA 2025 Results (Volume I), Executive Summary Table I.1 and Annex B1 Tables I.B1.2a.1-I.B1.2a.3."
2025,Lectura,Canadá*,490,pais_economia,"OECD, PISA 2025 Results (Volume I), Executive Summary Table I.1 and Annex B1 Tables I.B1.2a.1-I.B1.2a.3."
2025,Lectura,Chequia,468,pais_economia,"OECD, PISA 2025 Results (Volume I), Executive Summary Table I.1 and Annex B1 Tables I.B1.2a.1-I.B1.2a.3."
2025,Lectura,Chile,436,pais_economia,"OECD, PISA 2025 Results (Volume I), Executive Summary Table I.1 and Annex B1 Tables I.B1.2a.1-I.B1.2a.3."
2025,Lectura,Chinese Taipei,508,pais_economia,"OECD, PISA 2025 Results (Volume I), Executive Summary Table I.1 and Annex B1 Tables I.B1.2a.1-I.B1.2a.3."
2025,Lectura,Chipre,379,pais_economia,"OECD, PISA 2025 Results (Volume I), Executive Summary Table I.1 and Annex B1 Tables I.B1.2a.1-I.B1.2a.3."
2025,Lectura,Colombia,399,pais_economia,"OECD, PISA 2025 Results (Volume I), Executive Summary Table I.1 and Annex B1 Tables I.B1.2a.1-I.B1.2a.3."
2025,Lectura,Corea,501,pais_economia,"OECD, PISA 2025 Results (Volume I), Executive Summary Table I.1 and Annex B1 Tables I.B1.2a.1-I.B1.2a.3."
2025,Lectura,Costa Rica,416,pais_economia,"OECD, PISA 2025 Results (Volume I), Executive Summary Table I.1 and Annex B1 Tables I.B1.2a.1-I.B1.2a.3."
2025,Lectura,Croacia,453,pais_economia,"OECD, PISA 2025 Results (Volume I), Executive Summary Table I.1 and Annex B1 Tables I.B1.2a.1-I.B1.2a.3."
2025,Lectura,Dinamarca,460,pais_economia,"OECD, PISA 2025 Results (Volume I), Executive Summary Table I.1 and Annex B1 Tables I.B1.2a.1-I.B1.2a.3."
2025,Lectura,Dushanbe (Tayikistán),368,pais_economia,"OECD, PISA 2025 Results (Volume I), Executive Summary Table I.1 and Annex B1 Tables I.B1.2a.1-I.B1.2a.3."
2025,Lectura,Ecuador,385,pais_economia,"OECD, PISA 2025 Results (Volume I), Executive Summary Table I.1 and Annex B1 Tables I.B1.2a.1-I.B1.2a.3."
2025,Lectura,El Salvador,366,pais_economia,"OECD, PISA 2025 Results (Volume I), Executive Summary Table I.1 and Annex B1 Tables I.B1.2a.1-I.B1.2a.3."
2025,Lectura,Emiratos Árabes Unidos,433,pais_economia,"OECD, PISA 2025 Results (Volume I), Executive Summary Table I.1 and Annex B1 Tables I.B1.2a.1-I.B1.2a.3."
2025,Lectura,Eslovenia,445,pais_economia,"OECD, PISA 2025 Results (Volume I), Executive Summary Table I.1 and Annex B1 Tables I.B1.2a.1-I.B1.2a.3."
2025,Lectura,España,451,pais_economia,"OECD, PISA 2025 Results (Volume I), Executive Summary Table I.1 and Annex B1 Tables I.B1.2a.1-I.B1.2a.3."
2025,Lectura,Estados Unidos*,490,pais_economia,"OECD, PISA 2025 Results (Volume I), Executive Summary Table I.1 and Annex B1 Tables I.B1.2a.1-I.B1.2a.3."
2025,Lectura,Estonia,499,pais_economia,"OECD, PISA 2025 Results (Volume I), Executive Summary Table I.1 and Annex B1 Tables I.B1.2a.1-I.B1.2a.3."
2025,Lectura,Filipinas,367,pais_economia,"OECD, PISA 2025 Results (Volume I), Executive Summary Table I.1 and Annex B1 Tables I.B1.2a.1-I.B1.2a.3."
2025,Lectura,Finlandia,474,pais_economia,"OECD, PISA 2025 Results (Volume I), Executive Summary Table I.1 and Annex B1 Tables I.B1.2a.1-I.B1.2a.3."
2025,Lectura,Francia,456,pais_economia,"OECD, PISA 2025 Results (Volume I), Executive Summary Table I.1 and Annex B1 Tables I.B1.2a.1-I.B1.2a.3."
2025,Lectura,Georgia,384,pais_economia,"OECD, PISA 2025 Results (Volume I), Executive Summary Table I.1 and Annex B1 Tables I.B1.2a.1-I.B1.2a.3."
2025,Lectura,Grecia,423,pais_economia,"OECD, PISA 2025 Results (Volume I), Executive Summary Table I.1 and Annex B1 Tables I.B1.2a.1-I.B1.2a.3."
2025,Lectura,Guatemala,337,pais_economia,"OECD, PISA 2025 Results (Volume I), Executive Summary Table I.1 and Annex B1 Tables I.B1.2a.1-I.B1.2a.3."
2025,Lectura,Hong Kong (China),480,pais_economia,"OECD, PISA 2025 Results (Volume I), Executive Summary Table I.1 and Annex B1 Tables I.B1.2a.1-I.B1.2a.3."
2025,Lectura,Hungría,452,pais_economia,"OECD, PISA 2025 Results (Volume I), Executive Summary Table I.1 and Annex B1 Tables I.B1.2a.1-I.B1.2a.3."
2025,Lectura,Indonesia,365,pais_economia,"OECD, PISA 2025 Results (Volume I), Executive Summary Table I.1 and Annex B1 Tables I.B1.2a.1-I.B1.2a.3."
2025,Lectura,Irlanda,500,pais_economia,"OECD, PISA 2025 Results (Volume I), Executive Summary Table I.1 and Annex B1 Tables I.B1.2a.1-I.B1.2a.3."
2025,Lectura,Islandia,422,pais_economia,"OECD, PISA 2025 Results (Volume I), Executive Summary Table I.1 and Annex B1 Tables I.B1.2a.1-I.B1.2a.3."
2025,Lectura,Israel,436,pais_economia,"OECD, PISA 2025 Results (Volume I), Executive Summary Table I.1 and Annex B1 Tables I.B1.2a.1-I.B1.2a.3."
2025,Lectura,Italia,474,pais_economia,"OECD, PISA 2025 Results (Volume I), Executive Summary Table I.1 and Annex B1 Tables I.B1.2a.1-I.B1.2a.3."
2025,Lectura,Japón,503,pais_economia,"OECD, PISA 2025 Results (Volume I), Executive Summary Table I.1 and Annex B1 Tables I.B1.2a.1-I.B1.2a.3."
2025,Lectura,Jordania,363,pais_economia,"OECD, PISA 2025 Results (Volume I), Executive Summary Table I.1 and Annex B1 Tables I.B1.2a.1-I.B1.2a.3."
2025,Lectura,Kazajistán,385,pais_economia,"OECD, PISA 2025 Results (Volume I), Executive Summary Table I.1 and Annex B1 Tables I.B1.2a.1-I.B1.2a.3."
2025,Lectura,Kenia,320,pais_economia,"OECD, PISA 2025 Results (Volume I), Executive Summary Table I.1 and Annex B1 Tables I.B1.2a.1-I.B1.2a.3."
2025,Lectura,Kirguistán,344,pais_economia,"OECD, PISA 2025 Results (Volume I), Executive Summary Table I.1 and Annex B1 Tables I.B1.2a.1-I.B1.2a.3."
2025,Lectura,Kosovo,340,pais_economia,"OECD, PISA 2025 Results (Volume I), Executive Summary Table I.1 and Annex B1 Tables I.B1.2a.1-I.B1.2a.3."
2025,Lectura,Letonia,430,pais_economia,"OECD, PISA 2025 Results (Volume I), Executive Summary Table I.1 and Annex B1 Tables I.B1.2a.1-I.B1.2a.3."
2025,Lectura,Lituania,464,pais_economia,"OECD, PISA 2025 Results (Volume I), Executive Summary Table I.1 and Annex B1 Tables I.B1.2a.1-I.B1.2a.3."
2025,Lectura,Luxemburgo,443,pais_economia,"OECD, PISA 2025 Results (Volume I), Executive Summary Table I.1 and Annex B1 Tables I.B1.2a.1-I.B1.2a.3."
2025,Lectura,Líbano,331,pais_economia,"OECD, PISA 2025 Results (Volume I), Executive Summary Table I.1 and Annex B1 Tables I.B1.2a.1-I.B1.2a.3."
2025,Lectura,Macao (China),501,pais_economia,"OECD, PISA 2025 Results (Volume I), Executive Summary Table I.1 and Annex B1 Tables I.B1.2a.1-I.B1.2a.3."
2025,Lectura,Macedonia del Norte,357,pais_economia,"OECD, PISA 2025 Results (Volume I), Executive Summary Table I.1 and Annex B1 Tables I.B1.2a.1-I.B1.2a.3."
2025,Lectura,Malasia,393,pais_economia,"OECD, PISA 2025 Results (Volume I), Executive Summary Table I.1 and Annex B1 Tables I.B1.2a.1-I.B1.2a.3."
2025,Lectura,Malta,415,pais_economia,"OECD, PISA 2025 Results (Volume I), Executive Summary Table I.1 and Annex B1 Tables I.B1.2a.1-I.B1.2a.3."
2025,Lectura,Marruecos,321,pais_economia,"OECD, PISA 2025 Results (Volume I), Executive Summary Table I.1 and Annex B1 Tables I.B1.2a.1-I.B1.2a.3."
2025,Lectura,Mauricio,405,pais_economia,"OECD, PISA 2025 Results (Volume I), Executive Summary Table I.1 and Annex B1 Tables I.B1.2a.1-I.B1.2a.3."
2025,Lectura,Moldova,404,pais_economia,"OECD, PISA 2025 Results (Volume I), Executive Summary Table I.1 and Annex B1 Tables I.B1.2a.1-I.B1.2a.3."
2025,Lectura,Mongolia,374,pais_economia,"OECD, PISA 2025 Results (Volume I), Executive Summary Table I.1 and Annex B1 Tables I.B1.2a.1-I.B1.2a.3."
2025,Lectura,Montenegro,418,pais_economia,"OECD, PISA 2025 Results (Volume I), Executive Summary Table I.1 and Annex B1 Tables I.B1.2a.1-I.B1.2a.3."
2025,Lectura,México,408,pais_economia,"OECD, PISA 2025 Results (Volume I), Executive Summary Table I.1 and Annex B1 Tables I.B1.2a.1-I.B1.2a.3."
2025,Lectura,Noruega*,453,pais_economia,"OECD, PISA 2025 Results (Volume I), Executive Summary Table I.1 and Annex B1 Tables I.B1.2a.1-I.B1.2a.3."
2025,Lectura,Nueva Zelanda*,497,pais_economia,"OECD, PISA 2025 Results (Volume I), Executive Summary Table I.1 and Annex B1 Tables I.B1.2a.1-I.B1.2a.3."
2025,Lectura,OCDE,461,referencia,"OECD, PISA 2025 Results (Volume I), Executive Summary Table I.1 and Annex B1 Tables I.B1.2a.1-I.B1.2a.3."
2025,Lectura,Paraguay,352,pais_economia,"OECD, PISA 2025 Results (Volume I), Executive Summary Table I.1 and Annex B1 Tables I.B1.2a.1-I.B1.2a.3."
2025,Lectura,Países Bajos*,441,pais_economia,"OECD, PISA 2025 Results (Volume I), Executive Summary Table I.1 and Annex B1 Tables I.B1.2a.1-I.B1.2a.3."
2025,Lectura,Perú,390,pais_economia,"OECD, PISA 2025 Results (Volume I), Executive Summary Table I.1 and Annex B1 Tables I.B1.2a.1-I.B1.2a.3."
2025,Lectura,Polonia,482,pais_economia,"OECD, PISA 2025 Results (Volume I), Executive Summary Table I.1 and Annex B1 Tables I.B1.2a.1-I.B1.2a.3."
2025,Lectura,Portugal,462,pais_economia,"OECD, PISA 2025 Results (Volume I), Executive Summary Table I.1 and Annex B1 Tables I.B1.2a.1-I.B1.2a.3."
2025,Lectura,Qatar,418,pais_economia,"OECD, PISA 2025 Results (Volume I), Executive Summary Table I.1 and Annex B1 Tables I.B1.2a.1-I.B1.2a.3."
2025,Lectura,Regiones de Ucrania (17 de 27),418,pais_economia,"OECD, PISA 2025 Results (Volume I), Executive Summary Table I.1 and Annex B1 Tables I.B1.2a.1-I.B1.2a.3."
2025,Lectura,Región del Kurdistán (Iraq),312,pais_economia,"OECD, PISA 2025 Results (Volume I), Executive Summary Table I.1 and Annex B1 Tables I.B1.2a.1-I.B1.2a.3."
2025,Lectura,Reino Unido,494,pais_economia,"OECD, PISA 2025 Results (Volume I), Executive Summary Table I.1 and Annex B1 Tables I.B1.2a.1-I.B1.2a.3."
2025,Lectura,República Dominicana,346,pais_economia,"OECD, PISA 2025 Results (Volume I), Executive Summary Table I.1 and Annex B1 Tables I.B1.2a.1-I.B1.2a.3."
2025,Lectura,República Eslovaca,448,pais_economia,"OECD, PISA 2025 Results (Volume I), Executive Summary Table I.1 and Annex B1 Tables I.B1.2a.1-I.B1.2a.3."
2025,Lectura,Ruanda,301,pais_economia,"OECD, PISA 2025 Results (Volume I), Executive Summary Table I.1 and Annex B1 Tables I.B1.2a.1-I.B1.2a.3."
2025,Lectura,Rumanía,413,pais_economia,"OECD, PISA 2025 Results (Volume I), Executive Summary Table I.1 and Annex B1 Tables I.B1.2a.1-I.B1.2a.3."
2025,Lectura,Serbia,415,pais_economia,"OECD, PISA 2025 Results (Volume I), Executive Summary Table I.1 and Annex B1 Tables I.B1.2a.1-I.B1.2a.3."
2025,Lectura,Singapur,535,pais_economia,"OECD, PISA 2025 Results (Volume I), Executive Summary Table I.1 and Annex B1 Tables I.B1.2a.1-I.B1.2a.3."
2025,Lectura,Suecia,466,pais_economia,"OECD, PISA 2025 Results (Volume I), Executive Summary Table I.1 and Annex B1 Tables I.B1.2a.1-I.B1.2a.3."
2025,Lectura,Suiza,470,pais_economia,"OECD, PISA 2025 Results (Volume I), Executive Summary Table I.1 and Annex B1 Tables I.B1.2a.1-I.B1.2a.3."
2025,Lectura,Tailandia,392,pais_economia,"OECD, PISA 2025 Results (Volume I), Executive Summary Table I.1 and Annex B1 Tables I.B1.2a.1-I.B1.2a.3."
2025,Lectura,Türkiye,472,pais_economia,"OECD, PISA 2025 Results (Volume I), Executive Summary Table I.1 and Annex B1 Tables I.B1.2a.1-I.B1.2a.3."
2025,Lectura,Uruguay,423,pais_economia,"OECD, PISA 2025 Results (Volume I), Executive Summary Table I.1 and Annex B1 Tables I.B1.2a.1-I.B1.2a.3."
2025,Lectura,Viet Nam,392,pais_economia,"OECD, PISA 2025 Results (Volume I), Executive Summary Table I.1 and Annex B1 Tables I.B1.2a.1-I.B1.2a.3."
2025,Lectura,Zambia,325,pais_economia,"OECD, PISA 2025 Results (Volume I), Executive Summary Table I.1 and Annex B1 Tables I.B1.2a.1-I.B1.2a.3."
2025,Matemática,Albania*,433,pais_economia,"OECD, PISA 2025 Results (Volume I), Executive Summary Table I.1 and Annex B1 Tables I.B1.2a.1-I.B1.2a.3."
2025,Matemática,Alemania,464,pais_economia,"OECD, PISA 2025 Results (Volume I), Executive Summary Table I.1 and Annex B1 Tables I.B1.2a.1-I.B1.2a.3."
2025,Matemática,Arabia Saudita,390,pais_economia,"OECD, PISA 2025 Results (Volume I), Executive Summary Table I.1 and Annex B1 Tables I.B1.2a.1-I.B1.2a.3."
2025,Matemática,Argentina,367,pais_economia,"OECD, PISA 2025 Results (Volume I), Executive Summary Table I.1 and Annex B1 Tables I.B1.2a.1-I.B1.2a.3."
2025,Matemática,Armenia,376,pais_economia,"OECD, PISA 2025 Results (Volume I), Executive Summary Table I.1 and Annex B1 Tables I.B1.2a.1-I.B1.2a.3."
2025,Matemática,Australia,478,pais_economia,"OECD, PISA 2025 Results (Volume I), Executive Summary Table I.1 and Annex B1 Tables I.B1.2a.1-I.B1.2a.3."
2025,Matemática,Austria,477,pais_economia,"OECD, PISA 2025 Results (Volume I), Executive Summary Table I.1 and Annex B1 Tables I.B1.2a.1-I.B1.2a.3."
2025,Matemática,Autoridad Palestina,354,pais_economia,"OECD, PISA 2025 Results (Volume I), Executive Summary Table I.1 and Annex B1 Tables I.B1.2a.1-I.B1.2a.3."
2025,Matemática,Azerbaiyán,422,pais_economia,"OECD, PISA 2025 Results (Volume I), Executive Summary Table I.1 and Annex B1 Tables I.B1.2a.1-I.B1.2a.3."
2025,Matemática,B-S-J-Z (China),612,pais_economia,"OECD, PISA 2025 Results (Volume I), Executive Summary Table I.1 and Annex B1 Tables I.B1.2a.1-I.B1.2a.3."
2025,Matemática,Brasil,377,pais_economia,"OECD, PISA 2025 Results (Volume I), Executive Summary Table I.1 and Annex B1 Tables I.B1.2a.1-I.B1.2a.3."
2025,Matemática,Brunéi Darussalam,435,pais_economia,"OECD, PISA 2025 Results (Volume I), Executive Summary Table I.1 and Annex B1 Tables I.B1.2a.1-I.B1.2a.3."
2025,Matemática,Bulgaria,405,pais_economia,"OECD, PISA 2025 Results (Volume I), Executive Summary Table I.1 and Annex B1 Tables I.B1.2a.1-I.B1.2a.3."
2025,Matemática,Bélgica,480,pais_economia,"OECD, PISA 2025 Results (Volume I), Executive Summary Table I.1 and Annex B1 Tables I.B1.2a.1-I.B1.2a.3."
2025,Matemática,Camboya,366,pais_economia,"OECD, PISA 2025 Results (Volume I), Executive Summary Table I.1 and Annex B1 Tables I.B1.2a.1-I.B1.2a.3."
2025,Matemática,Canadá*,485,pais_economia,"OECD, PISA 2025 Results (Volume I), Executive Summary Table I.1 and Annex B1 Tables I.B1.2a.1-I.B1.2a.3."
2025,Matemática,Chequia,477,pais_economia,"OECD, PISA 2025 Results (Volume I), Executive Summary Table I.1 and Annex B1 Tables I.B1.2a.1-I.B1.2a.3."
2025,Matemática,Chile,403,pais_economia,"OECD, PISA 2025 Results (Volume I), Executive Summary Table I.1 and Annex B1 Tables I.B1.2a.1-I.B1.2a.3."
2025,Matemática,Chinese Taipei,546,pais_economia,"OECD, PISA 2025 Results (Volume I), Executive Summary Table I.1 and Annex B1 Tables I.B1.2a.1-I.B1.2a.3."
2025,Matemática,Chipre,412,pais_economia,"OECD, PISA 2025 Results (Volume I), Executive Summary Table I.1 and Annex B1 Tables I.B1.2a.1-I.B1.2a.3."
2025,Matemática,Colombia,381,pais_economia,"OECD, PISA 2025 Results (Volume I), Executive Summary Table I.1 and Annex B1 Tables I.B1.2a.1-I.B1.2a.3."
2025,Matemática,Corea,522,pais_economia,"OECD, PISA 2025 Results (Volume I), Executive Summary Table I.1 and Annex B1 Tables I.B1.2a.1-I.B1.2a.3."
2025,Matemática,Costa Rica,387,pais_economia,"OECD, PISA 2025 Results (Volume I), Executive Summary Table I.1 and Annex B1 Tables I.B1.2a.1-I.B1.2a.3."
2025,Matemática,Croacia,455,pais_economia,"OECD, PISA 2025 Results (Volume I), Executive Summary Table I.1 and Annex B1 Tables I.B1.2a.1-I.B1.2a.3."
2025,Matemática,Dinamarca,471,pais_economia,"OECD, PISA 2025 Results (Volume I), Executive Summary Table I.1 and Annex B1 Tables I.B1.2a.1-I.B1.2a.3."
2025,Matemática,Dushanbe (Tayikistán),382,pais_economia,"OECD, PISA 2025 Results (Volume I), Executive Summary Table I.1 and Annex B1 Tables I.B1.2a.1-I.B1.2a.3."
2025,Matemática,Ecuador,366,pais_economia,"OECD, PISA 2025 Results (Volume I), Executive Summary Table I.1 and Annex B1 Tables I.B1.2a.1-I.B1.2a.3."
2025,Matemática,El Salvador,346,pais_economia,"OECD, PISA 2025 Results (Volume I), Executive Summary Table I.1 and Annex B1 Tables I.B1.2a.1-I.B1.2a.3."
2025,Matemática,Emiratos Árabes Unidos,453,pais_economia,"OECD, PISA 2025 Results (Volume I), Executive Summary Table I.1 and Annex B1 Tables I.B1.2a.1-I.B1.2a.3."
2025,Matemática,Eslovenia,460,pais_economia,"OECD, PISA 2025 Results (Volume I), Executive Summary Table I.1 and Annex B1 Tables I.B1.2a.1-I.B1.2a.3."
2025,Matemática,España,457,pais_economia,"OECD, PISA 2025 Results (Volume I), Executive Summary Table I.1 and Annex B1 Tables I.B1.2a.1-I.B1.2a.3."
2025,Matemática,Estados Unidos*,463,pais_economia,"OECD, PISA 2025 Results (Volume I), Executive Summary Table I.1 and Annex B1 Tables I.B1.2a.1-I.B1.2a.3."
2025,Matemática,Estonia,508,pais_economia,"OECD, PISA 2025 Results (Volume I), Executive Summary Table I.1 and Annex B1 Tables I.B1.2a.1-I.B1.2a.3."
2025,Matemática,Filipinas,371,pais_economia,"OECD, PISA 2025 Results (Volume I), Executive Summary Table I.1 and Annex B1 Tables I.B1.2a.1-I.B1.2a.3."
2025,Matemática,Finlandia,469,pais_economia,"OECD, PISA 2025 Results (Volume I), Executive Summary Table I.1 and Annex B1 Tables I.B1.2a.1-I.B1.2a.3."
2025,Matemática,Francia,458,pais_economia,"OECD, PISA 2025 Results (Volume I), Executive Summary Table I.1 and Annex B1 Tables I.B1.2a.1-I.B1.2a.3."
2025,Matemática,Georgia,416,pais_economia,"OECD, PISA 2025 Results (Volume I), Executive Summary Table I.1 and Annex B1 Tables I.B1.2a.1-I.B1.2a.3."
2025,Matemática,Grecia,424,pais_economia,"OECD, PISA 2025 Results (Volume I), Executive Summary Table I.1 and Annex B1 Tables I.B1.2a.1-I.B1.2a.3."
2025,Matemática,Guatemala,334,pais_economia,"OECD, PISA 2025 Results (Volume I), Executive Summary Table I.1 and Annex B1 Tables I.B1.2a.1-I.B1.2a.3."
2025,Matemática,Hong Kong (China),522,pais_economia,"OECD, PISA 2025 Results (Volume I), Executive Summary Table I.1 and Annex B1 Tables I.B1.2a.1-I.B1.2a.3."
2025,Matemática,Hungría,459,pais_economia,"OECD, PISA 2025 Results (Volume I), Executive Summary Table I.1 and Annex B1 Tables I.B1.2a.1-I.B1.2a.3."
2025,Matemática,Indonesia,364,pais_economia,"OECD, PISA 2025 Results (Volume I), Executive Summary Table I.1 and Annex B1 Tables I.B1.2a.1-I.B1.2a.3."
2025,Matemática,Irlanda,480,pais_economia,"OECD, PISA 2025 Results (Volume I), Executive Summary Table I.1 and Annex B1 Tables I.B1.2a.1-I.B1.2a.3."
2025,Matemática,Islandia,450,pais_economia,"OECD, PISA 2025 Results (Volume I), Executive Summary Table I.1 and Annex B1 Tables I.B1.2a.1-I.B1.2a.3."
2025,Matemática,Israel,433,pais_economia,"OECD, PISA 2025 Results (Volume I), Executive Summary Table I.1 and Annex B1 Tables I.B1.2a.1-I.B1.2a.3."
2025,Matemática,Italia,468,pais_economia,"OECD, PISA 2025 Results (Volume I), Executive Summary Table I.1 and Annex B1 Tables I.B1.2a.1-I.B1.2a.3."
2025,Matemática,Japón,525,pais_economia,"OECD, PISA 2025 Results (Volume I), Executive Summary Table I.1 and Annex B1 Tables I.B1.2a.1-I.B1.2a.3."
2025,Matemática,Jordania,388,pais_economia,"OECD, PISA 2025 Results (Volume I), Executive Summary Table I.1 and Annex B1 Tables I.B1.2a.1-I.B1.2a.3."
2025,Matemática,Kazajistán,414,pais_economia,"OECD, PISA 2025 Results (Volume I), Executive Summary Table I.1 and Annex B1 Tables I.B1.2a.1-I.B1.2a.3."
2025,Matemática,Kenia,326,pais_economia,"OECD, PISA 2025 Results (Volume I), Executive Summary Table I.1 and Annex B1 Tables I.B1.2a.1-I.B1.2a.3."
2025,Matemática,Kirguistán,364,pais_economia,"OECD, PISA 2025 Results (Volume I), Executive Summary Table I.1 and Annex B1 Tables I.B1.2a.1-I.B1.2a.3."
2025,Matemática,Kosovo,350,pais_economia,"OECD, PISA 2025 Results (Volume I), Executive Summary Table I.1 and Annex B1 Tables I.B1.2a.1-I.B1.2a.3."
2025,Matemática,Letonia,460,pais_economia,"OECD, PISA 2025 Results (Volume I), Executive Summary Table I.1 and Annex B1 Tables I.B1.2a.1-I.B1.2a.3."
2025,Matemática,Lituania,470,pais_economia,"OECD, PISA 2025 Results (Volume I), Executive Summary Table I.1 and Annex B1 Tables I.B1.2a.1-I.B1.2a.3."
2025,Matemática,Luxemburgo,458,pais_economia,"OECD, PISA 2025 Results (Volume I), Executive Summary Table I.1 and Annex B1 Tables I.B1.2a.1-I.B1.2a.3."
2025,Matemática,Líbano,377,pais_economia,"OECD, PISA 2025 Results (Volume I), Executive Summary Table I.1 and Annex B1 Tables I.B1.2a.1-I.B1.2a.3."
2025,Matemática,Macao (China),549,pais_economia,"OECD, PISA 2025 Results (Volume I), Executive Summary Table I.1 and Annex B1 Tables I.B1.2a.1-I.B1.2a.3."
2025,Matemática,Macedonia del Norte,380,pais_economia,"OECD, PISA 2025 Results (Volume I), Executive Summary Table I.1 and Annex B1 Tables I.B1.2a.1-I.B1.2a.3."
2025,Matemática,Malasia,397,pais_economia,"OECD, PISA 2025 Results (Volume I), Executive Summary Table I.1 and Annex B1 Tables I.B1.2a.1-I.B1.2a.3."
2025,Matemática,Malta,439,pais_economia,"OECD, PISA 2025 Results (Volume I), Executive Summary Table I.1 and Annex B1 Tables I.B1.2a.1-I.B1.2a.3."
2025,Matemática,Marruecos,355,pais_economia,"OECD, PISA 2025 Results (Volume I), Executive Summary Table I.1 and Annex B1 Tables I.B1.2a.1-I.B1.2a.3."
2025,Matemática,Mauricio,407,pais_economia,"OECD, PISA 2025 Results (Volume I), Executive Summary Table I.1 and Annex B1 Tables I.B1.2a.1-I.B1.2a.3."
2025,Matemática,Moldova,410,pais_economia,"OECD, PISA 2025 Results (Volume I), Executive Summary Table I.1 and Annex B1 Tables I.B1.2a.1-I.B1.2a.3."
2025,Matemática,Mongolia,419,pais_economia,"OECD, PISA 2025 Results (Volume I), Executive Summary Table I.1 and Annex B1 Tables I.B1.2a.1-I.B1.2a.3."
2025,Matemática,Montenegro,411,pais_economia,"OECD, PISA 2025 Results (Volume I), Executive Summary Table I.1 and Annex B1 Tables I.B1.2a.1-I.B1.2a.3."
2025,Matemática,México,388,pais_economia,"OECD, PISA 2025 Results (Volume I), Executive Summary Table I.1 and Annex B1 Tables I.B1.2a.1-I.B1.2a.3."
2025,Matemática,Noruega*,452,pais_economia,"OECD, PISA 2025 Results (Volume I), Executive Summary Table I.1 and Annex B1 Tables I.B1.2a.1-I.B1.2a.3."
2025,Matemática,Nueva Zelanda*,480,pais_economia,"OECD, PISA 2025 Results (Volume I), Executive Summary Table I.1 and Annex B1 Tables I.B1.2a.1-I.B1.2a.3."
2025,Matemática,OCDE,463,referencia,"OECD, PISA 2025 Results (Volume I), Executive Summary Table I.1 and Annex B1 Tables I.B1.2a.1-I.B1.2a.3."
2025,Matemática,Paraguay,334,pais_economia,"OECD, PISA 2025 Results (Volume I), Executive Summary Table I.1 and Annex B1 Tables I.B1.2a.1-I.B1.2a.3."
2025,Matemática,Países Bajos*,483,pais_economia,"OECD, PISA 2025 Results (Volume I), Executive Summary Table I.1 and Annex B1 Tables I.B1.2a.1-I.B1.2a.3."
2025,Matemática,Perú,382,pais_economia,"OECD, PISA 2025 Results (Volume I), Executive Summary Table I.1 and Annex B1 Tables I.B1.2a.1-I.B1.2a.3."
2025,Matemática,Polonia,484,pais_economia,"OECD, PISA 2025 Results (Volume I), Executive Summary Table I.1 and Annex B1 Tables I.B1.2a.1-I.B1.2a.3."
2025,Matemática,Portugal,460,pais_economia,"OECD, PISA 2025 Results (Volume I), Executive Summary Table I.1 and Annex B1 Tables I.B1.2a.1-I.B1.2a.3."
2025,Matemática,Qatar,416,pais_economia,"OECD, PISA 2025 Results (Volume I), Executive Summary Table I.1 and Annex B1 Tables I.B1.2a.1-I.B1.2a.3."
2025,Matemática,Regiones de Ucrania (17 de 27),431,pais_economia,"OECD, PISA 2025 Results (Volume I), Executive Summary Table I.1 and Annex B1 Tables I.B1.2a.1-I.B1.2a.3."
2025,Matemática,Región del Kurdistán (Iraq),339,pais_economia,"OECD, PISA 2025 Results (Volume I), Executive Summary Table I.1 and Annex B1 Tables I.B1.2a.1-I.B1.2a.3."
2025,Matemática,Reino Unido,488,pais_economia,"OECD, PISA 2025 Results (Volume I), Executive Summary Table I.1 and Annex B1 Tables I.B1.2a.1-I.B1.2a.3."
2025,Matemática,República Dominicana,339,pais_economia,"OECD, PISA 2025 Results (Volume I), Executive Summary Table I.1 and Annex B1 Tables I.B1.2a.1-I.B1.2a.3."
2025,Matemática,República Eslovaca,469,pais_economia,"OECD, PISA 2025 Results (Volume I), Executive Summary Table I.1 and Annex B1 Tables I.B1.2a.1-I.B1.2a.3."
2025,Matemática,Ruanda,312,pais_economia,"OECD, PISA 2025 Results (Volume I), Executive Summary Table I.1 and Annex B1 Tables I.B1.2a.1-I.B1.2a.3."
2025,Matemática,Rumanía,419,pais_economia,"OECD, PISA 2025 Results (Volume I), Executive Summary Table I.1 and Annex B1 Tables I.B1.2a.1-I.B1.2a.3."
2025,Matemática,Serbia,417,pais_economia,"OECD, PISA 2025 Results (Volume I), Executive Summary Table I.1 and Annex B1 Tables I.B1.2a.1-I.B1.2a.3."
2025,Matemática,Singapur,563,pais_economia,"OECD, PISA 2025 Results (Volume I), Executive Summary Table I.1 and Annex B1 Tables I.B1.2a.1-I.B1.2a.3."
2025,Matemática,Suecia,464,pais_economia,"OECD, PISA 2025 Results (Volume I), Executive Summary Table I.1 and Annex B1 Tables I.B1.2a.1-I.B1.2a.3."
2025,Matemática,Suiza,499,pais_economia,"OECD, PISA 2025 Results (Volume I), Executive Summary Table I.1 and Annex B1 Tables I.B1.2a.1-I.B1.2a.3."
2025,Matemática,Tailandia,407,pais_economia,"OECD, PISA 2025 Results (Volume I), Executive Summary Table I.1 and Annex B1 Tables I.B1.2a.1-I.B1.2a.3."
2025,Matemática,Türkiye,462,pais_economia,"OECD, PISA 2025 Results (Volume I), Executive Summary Table I.1 and Annex B1 Tables I.B1.2a.1-I.B1.2a.3."
2025,Matemática,Uruguay,405,pais_economia,"OECD, PISA 2025 Results (Volume I), Executive Summary Table I.1 and Annex B1 Tables I.B1.2a.1-I.B1.2a.3."
2025,Matemática,Viet Nam,443,pais_economia,"OECD, PISA 2025 Results (Volume I), Executive Summary Table I.1 and Annex B1 Tables I.B1.2a.1-I.B1.2a.3."
2025,Matemática,Zambia,314,pais_economia,"OECD, PISA 2025 Results (Volume I), Executive Summary Table I.1 and Annex B1 Tables I.B1.2a.1-I.B1.2a.3."
