dataset,competencia,pais_economia,anio,indicador,dimension,grupo,nivel,valor,valor_2,valor_3,unidad,nota,fuente,archivo_origen
Resultados internacionales 2025,Ciencia,B-S-J-Z (China),2025,Puntaje medio,,,,597,,,puntos PISA,,"OECD (2026), PISA 2025 Results (Volume I), Executive Summary, Table I.1.",pisa2025_91_participantes_tres_areas.csv
Resultados internacionales 2025,Lectura,B-S-J-Z (China),2025,Puntaje medio,,,,527,,,puntos PISA,,"OECD (2026), PISA 2025 Results (Volume I), Executive Summary, Table I.1.",pisa2025_91_participantes_tres_areas.csv
Resultados internacionales 2025,Matemática,B-S-J-Z (China),2025,Puntaje medio,,,,612,,,puntos PISA,,"OECD (2026), PISA 2025 Results (Volume I), Executive Summary, Table I.1.",pisa2025_91_participantes_tres_areas.csv
Resultados internacionales 2025,Ciencia,Singapur,2025,Puntaje medio,,,,560,,,puntos PISA,,"OECD (2026), PISA 2025 Results (Volume I), Executive Summary, Table I.1.",pisa2025_91_participantes_tres_areas.csv
Resultados internacionales 2025,Lectura,Singapur,2025,Puntaje medio,,,,535,,,puntos PISA,,"OECD (2026), PISA 2025 Results (Volume I), Executive Summary, Table I.1.",pisa2025_91_participantes_tres_areas.csv
Resultados internacionales 2025,Matemática,Singapur,2025,Puntaje medio,,,,563,,,puntos PISA,,"OECD (2026), PISA 2025 Results (Volume I), Executive Summary, Table I.1.",pisa2025_91_participantes_tres_areas.csv
Resultados internacionales 2025,Ciencia,Macao (China),2025,Puntaje medio,,,,541,,,puntos PISA,,"OECD (2026), PISA 2025 Results (Volume I), Executive Summary, Table I.1.",pisa2025_91_participantes_tres_areas.csv
Resultados internacionales 2025,Lectura,Macao (China),2025,Puntaje medio,,,,501,,,puntos PISA,,"OECD (2026), PISA 2025 Results (Volume I), Executive Summary, Table I.1.",pisa2025_91_participantes_tres_areas.csv
Resultados internacionales 2025,Matemática,Macao (China),2025,Puntaje medio,,,,549,,,puntos PISA,,"OECD (2026), PISA 2025 Results (Volume I), Executive Summary, Table I.1.",pisa2025_91_participantes_tres_areas.csv
Resultados internacionales 2025,Ciencia,Chinese Taipei,2025,Puntaje medio,,,,540,,,puntos PISA,,"OECD (2026), PISA 2025 Results (Volume I), Executive Summary, Table I.1.",pisa2025_91_participantes_tres_areas.csv
Resultados internacionales 2025,Lectura,Chinese Taipei,2025,Puntaje medio,,,,508,,,puntos PISA,,"OECD (2026), PISA 2025 Results (Volume I), Executive Summary, Table I.1.",pisa2025_91_participantes_tres_areas.csv
Resultados internacionales 2025,Matemática,Chinese Taipei,2025,Puntaje medio,,,,546,,,puntos PISA,,"OECD (2026), PISA 2025 Results (Volume I), Executive Summary, Table I.1.",pisa2025_91_participantes_tres_areas.csv
Resultados internacionales 2025,Ciencia,Japón,2025,Puntaje medio,,,,538,,,puntos PISA,,"OECD (2026), PISA 2025 Results (Volume I), Executive Summary, Table I.1.",pisa2025_91_participantes_tres_areas.csv
Resultados internacionales 2025,Lectura,Japón,2025,Puntaje medio,,,,503,,,puntos PISA,,"OECD (2026), PISA 2025 Results (Volume I), Executive Summary, Table I.1.",pisa2025_91_participantes_tres_areas.csv
Resultados internacionales 2025,Matemática,Japón,2025,Puntaje medio,,,,525,,,puntos PISA,,"OECD (2026), PISA 2025 Results (Volume I), Executive Summary, Table I.1.",pisa2025_91_participantes_tres_areas.csv
Resultados internacionales 2025,Ciencia,Estonia,2025,Puntaje medio,,,,527,,,puntos PISA,,"OECD (2026), PISA 2025 Results (Volume I), Executive Summary, Table I.1.",pisa2025_91_participantes_tres_areas.csv
Resultados internacionales 2025,Lectura,Estonia,2025,Puntaje medio,,,,499,,,puntos PISA,,"OECD (2026), PISA 2025 Results (Volume I), Executive Summary, Table I.1.",pisa2025_91_participantes_tres_areas.csv
Resultados internacionales 2025,Matemática,Estonia,2025,Puntaje medio,,,,508,,,puntos PISA,,"OECD (2026), PISA 2025 Results (Volume I), Executive Summary, Table I.1.",pisa2025_91_participantes_tres_areas.csv
Resultados internacionales 2025,Ciencia,Corea,2025,Puntaje medio,,,,526,,,puntos PISA,,"OECD (2026), PISA 2025 Results (Volume I), Executive Summary, Table I.1.",pisa2025_91_participantes_tres_areas.csv
Resultados internacionales 2025,Lectura,Corea,2025,Puntaje medio,,,,501,,,puntos PISA,,"OECD (2026), PISA 2025 Results (Volume I), Executive Summary, Table I.1.",pisa2025_91_participantes_tres_areas.csv
Resultados internacionales 2025,Matemática,Corea,2025,Puntaje medio,,,,522,,,puntos PISA,,"OECD (2026), PISA 2025 Results (Volume I), Executive Summary, Table I.1.",pisa2025_91_participantes_tres_areas.csv
Resultados internacionales 2025,Ciencia,Reino Unido,2025,Puntaje medio,,,,511,,,puntos PISA,,"OECD (2026), PISA 2025 Results (Volume I), Executive Summary, Table I.1.",pisa2025_91_participantes_tres_areas.csv
Resultados internacionales 2025,Lectura,Reino Unido,2025,Puntaje medio,,,,494,,,puntos PISA,,"OECD (2026), PISA 2025 Results (Volume I), Executive Summary, Table I.1.",pisa2025_91_participantes_tres_areas.csv
Resultados internacionales 2025,Matemática,Reino Unido,2025,Puntaje medio,,,,488,,,puntos PISA,,"OECD (2026), PISA 2025 Results (Volume I), Executive Summary, Table I.1.",pisa2025_91_participantes_tres_areas.csv
Resultados internacionales 2025,Ciencia,Canadá*,2025,Puntaje medio,,,,510,,,puntos PISA,,"OECD (2026), PISA 2025 Results (Volume I), Executive Summary, Table I.1.",pisa2025_91_participantes_tres_areas.csv
Resultados internacionales 2025,Lectura,Canadá*,2025,Puntaje medio,,,,490,,,puntos PISA,,"OECD (2026), PISA 2025 Results (Volume I), Executive Summary, Table I.1.",pisa2025_91_participantes_tres_areas.csv
Resultados internacionales 2025,Matemática,Canadá*,2025,Puntaje medio,,,,485,,,puntos PISA,,"OECD (2026), PISA 2025 Results (Volume I), Executive Summary, Table I.1.",pisa2025_91_participantes_tres_areas.csv
Resultados internacionales 2025,Ciencia,Nueva Zelanda*,2025,Puntaje medio,,,,509,,,puntos PISA,,"OECD (2026), PISA 2025 Results (Volume I), Executive Summary, Table I.1.",pisa2025_91_participantes_tres_areas.csv
Resultados internacionales 2025,Lectura,Nueva Zelanda*,2025,Puntaje medio,,,,497,,,puntos PISA,,"OECD (2026), PISA 2025 Results (Volume I), Executive Summary, Table I.1.",pisa2025_91_participantes_tres_areas.csv
Resultados internacionales 2025,Matemática,Nueva Zelanda*,2025,Puntaje medio,,,,480,,,puntos PISA,,"OECD (2026), PISA 2025 Results (Volume I), Executive Summary, Table I.1.",pisa2025_91_participantes_tres_areas.csv
Resultados internacionales 2025,Ciencia,Australia,2025,Puntaje medio,,,,509,,,puntos PISA,,"OECD (2026), PISA 2025 Results (Volume I), Executive Summary, Table I.1.",pisa2025_91_participantes_tres_areas.csv
Resultados internacionales 2025,Lectura,Australia,2025,Puntaje medio,,,,491,,,puntos PISA,,"OECD (2026), PISA 2025 Results (Volume I), Executive Summary, Table I.1.",pisa2025_91_participantes_tres_areas.csv
Resultados internacionales 2025,Matemática,Australia,2025,Puntaje medio,,,,478,,,puntos PISA,,"OECD (2026), PISA 2025 Results (Volume I), Executive Summary, Table I.1.",pisa2025_91_participantes_tres_areas.csv
Resultados internacionales 2025,Ciencia,Finlandia,2025,Puntaje medio,,,,504,,,puntos PISA,,"OECD (2026), PISA 2025 Results (Volume I), Executive Summary, Table I.1.",pisa2025_91_participantes_tres_areas.csv
Resultados internacionales 2025,Lectura,Finlandia,2025,Puntaje medio,,,,474,,,puntos PISA,,"OECD (2026), PISA 2025 Results (Volume I), Executive Summary, Table I.1.",pisa2025_91_participantes_tres_areas.csv
Resultados internacionales 2025,Matemática,Finlandia,2025,Puntaje medio,,,,469,,,puntos PISA,,"OECD (2026), PISA 2025 Results (Volume I), Executive Summary, Table I.1.",pisa2025_91_participantes_tres_areas.csv
Resultados internacionales 2025,Ciencia,Estados Unidos*,2025,Puntaje medio,,,,502,,,puntos PISA,,"OECD (2026), PISA 2025 Results (Volume I), Executive Summary, Table I.1.",pisa2025_91_participantes_tres_areas.csv
Resultados internacionales 2025,Lectura,Estados Unidos*,2025,Puntaje medio,,,,490,,,puntos PISA,,"OECD (2026), PISA 2025 Results (Volume I), Executive Summary, Table I.1.",pisa2025_91_participantes_tres_areas.csv
Resultados internacionales 2025,Matemática,Estados Unidos*,2025,Puntaje medio,,,,463,,,puntos PISA,,"OECD (2026), PISA 2025 Results (Volume I), Executive Summary, Table I.1.",pisa2025_91_participantes_tres_areas.csv
Resultados internacionales 2025,Ciencia,Suiza,2025,Puntaje medio,,,,501,,,puntos PISA,,"OECD (2026), PISA 2025 Results (Volume I), Executive Summary, Table I.1.",pisa2025_91_participantes_tres_areas.csv
Resultados internacionales 2025,Lectura,Suiza,2025,Puntaje medio,,,,470,,,puntos PISA,,"OECD (2026), PISA 2025 Results (Volume I), Executive Summary, Table I.1.",pisa2025_91_participantes_tres_areas.csv
Resultados internacionales 2025,Matemática,Suiza,2025,Puntaje medio,,,,499,,,puntos PISA,,"OECD (2026), PISA 2025 Results (Volume I), Executive Summary, Table I.1.",pisa2025_91_participantes_tres_areas.csv
Resultados internacionales 2025,Ciencia,Irlanda,2025,Puntaje medio,,,,500,,,puntos PISA,,"OECD (2026), PISA 2025 Results (Volume I), Executive Summary, Table I.1.",pisa2025_91_participantes_tres_areas.csv
Resultados internacionales 2025,Lectura,Irlanda,2025,Puntaje medio,,,,500,,,puntos PISA,,"OECD (2026), PISA 2025 Results (Volume I), Executive Summary, Table I.1.",pisa2025_91_participantes_tres_areas.csv
Resultados internacionales 2025,Matemática,Irlanda,2025,Puntaje medio,,,,480,,,puntos PISA,,"OECD (2026), PISA 2025 Results (Volume I), Executive Summary, Table I.1.",pisa2025_91_participantes_tres_areas.csv
Resultados internacionales 2025,Ciencia,Austria,2025,Puntaje medio,,,,497,,,puntos PISA,,"OECD (2026), PISA 2025 Results (Volume I), Executive Summary, Table I.1.",pisa2025_91_participantes_tres_areas.csv
Resultados internacionales 2025,Lectura,Austria,2025,Puntaje medio,,,,467,,,puntos PISA,,"OECD (2026), PISA 2025 Results (Volume I), Executive Summary, Table I.1.",pisa2025_91_participantes_tres_areas.csv
Resultados internacionales 2025,Matemática,Austria,2025,Puntaje medio,,,,477,,,puntos PISA,,"OECD (2026), PISA 2025 Results (Volume I), Executive Summary, Table I.1.",pisa2025_91_participantes_tres_areas.csv
Resultados internacionales 2025,Ciencia,Hong Kong (China),2025,Puntaje medio,,,,496,,,puntos PISA,,"OECD (2026), PISA 2025 Results (Volume I), Executive Summary, Table I.1.",pisa2025_91_participantes_tres_areas.csv
Resultados internacionales 2025,Lectura,Hong Kong (China),2025,Puntaje medio,,,,480,,,puntos PISA,,"OECD (2026), PISA 2025 Results (Volume I), Executive Summary, Table I.1.",pisa2025_91_participantes_tres_areas.csv
Resultados internacionales 2025,Matemática,Hong Kong (China),2025,Puntaje medio,,,,522,,,puntos PISA,,"OECD (2026), PISA 2025 Results (Volume I), Executive Summary, Table I.1.",pisa2025_91_participantes_tres_areas.csv
Resultados internacionales 2025,Ciencia,Polonia,2025,Puntaje medio,,,,495,,,puntos PISA,,"OECD (2026), PISA 2025 Results (Volume I), Executive Summary, Table I.1.",pisa2025_91_participantes_tres_areas.csv
Resultados internacionales 2025,Lectura,Polonia,2025,Puntaje medio,,,,482,,,puntos PISA,,"OECD (2026), PISA 2025 Results (Volume I), Executive Summary, Table I.1.",pisa2025_91_participantes_tres_areas.csv
Resultados internacionales 2025,Matemática,Polonia,2025,Puntaje medio,,,,484,,,puntos PISA,,"OECD (2026), PISA 2025 Results (Volume I), Executive Summary, Table I.1.",pisa2025_91_participantes_tres_areas.csv
Resultados internacionales 2025,Ciencia,Türkiye,2025,Puntaje medio,,,,494,,,puntos PISA,,"OECD (2026), PISA 2025 Results (Volume I), Executive Summary, Table I.1.",pisa2025_91_participantes_tres_areas.csv
Resultados internacionales 2025,Lectura,Türkiye,2025,Puntaje medio,,,,472,,,puntos PISA,,"OECD (2026), PISA 2025 Results (Volume I), Executive Summary, Table I.1.",pisa2025_91_participantes_tres_areas.csv
Resultados internacionales 2025,Matemática,Türkiye,2025,Puntaje medio,,,,462,,,puntos PISA,,"OECD (2026), PISA 2025 Results (Volume I), Executive Summary, Table I.1.",pisa2025_91_participantes_tres_areas.csv
Resultados internacionales 2025,Ciencia,Chequia,2025,Puntaje medio,,,,490,,,puntos PISA,,"OECD (2026), PISA 2025 Results (Volume I), Executive Summary, Table I.1.",pisa2025_91_participantes_tres_areas.csv
Resultados internacionales 2025,Lectura,Chequia,2025,Puntaje medio,,,,468,,,puntos PISA,,"OECD (2026), PISA 2025 Results (Volume I), Executive Summary, Table I.1.",pisa2025_91_participantes_tres_areas.csv
Resultados internacionales 2025,Matemática,Chequia,2025,Puntaje medio,,,,477,,,puntos PISA,,"OECD (2026), PISA 2025 Results (Volume I), Executive Summary, Table I.1.",pisa2025_91_participantes_tres_areas.csv
Resultados internacionales 2025,Ciencia,Bélgica,2025,Puntaje medio,,,,490,,,puntos PISA,,"OECD (2026), PISA 2025 Results (Volume I), Executive Summary, Table I.1.",pisa2025_91_participantes_tres_areas.csv
Resultados internacionales 2025,Lectura,Bélgica,2025,Puntaje medio,,,,466,,,puntos PISA,,"OECD (2026), PISA 2025 Results (Volume I), Executive Summary, Table I.1.",pisa2025_91_participantes_tres_areas.csv
Resultados internacionales 2025,Matemática,Bélgica,2025,Puntaje medio,,,,480,,,puntos PISA,,"OECD (2026), PISA 2025 Results (Volume I), Executive Summary, Table I.1.",pisa2025_91_participantes_tres_areas.csv
Resultados internacionales 2025,Ciencia,Lituania,2025,Puntaje medio,,,,488,,,puntos PISA,,"OECD (2026), PISA 2025 Results (Volume I), Executive Summary, Table I.1.",pisa2025_91_participantes_tres_areas.csv
Resultados internacionales 2025,Lectura,Lituania,2025,Puntaje medio,,,,464,,,puntos PISA,,"OECD (2026), PISA 2025 Results (Volume I), Executive Summary, Table I.1.",pisa2025_91_participantes_tres_areas.csv
Resultados internacionales 2025,Matemática,Lituania,2025,Puntaje medio,,,,470,,,puntos PISA,,"OECD (2026), PISA 2025 Results (Volume I), Executive Summary, Table I.1.",pisa2025_91_participantes_tres_areas.csv
Resultados internacionales 2025,Ciencia,Alemania,2025,Puntaje medio,,,,486,,,puntos PISA,,"OECD (2026), PISA 2025 Results (Volume I), Executive Summary, Table I.1.",pisa2025_91_participantes_tres_areas.csv
Resultados internacionales 2025,Lectura,Alemania,2025,Puntaje medio,,,,465,,,puntos PISA,,"OECD (2026), PISA 2025 Results (Volume I), Executive Summary, Table I.1.",pisa2025_91_participantes_tres_areas.csv
Resultados internacionales 2025,Matemática,Alemania,2025,Puntaje medio,,,,464,,,puntos PISA,,"OECD (2026), PISA 2025 Results (Volume I), Executive Summary, Table I.1.",pisa2025_91_participantes_tres_areas.csv
Resultados internacionales 2025,Ciencia,Países Bajos*,2025,Puntaje medio,,,,485,,,puntos PISA,,"OECD (2026), PISA 2025 Results (Volume I), Executive Summary, Table I.1.",pisa2025_91_participantes_tres_areas.csv
Resultados internacionales 2025,Lectura,Países Bajos*,2025,Puntaje medio,,,,441,,,puntos PISA,,"OECD (2026), PISA 2025 Results (Volume I), Executive Summary, Table I.1.",pisa2025_91_participantes_tres_areas.csv
Resultados internacionales 2025,Matemática,Países Bajos*,2025,Puntaje medio,,,,483,,,puntos PISA,,"OECD (2026), PISA 2025 Results (Volume I), Executive Summary, Table I.1.",pisa2025_91_participantes_tres_areas.csv
Resultados internacionales 2025,Ciencia,Suecia,2025,Puntaje medio,,,,485,,,puntos PISA,,"OECD (2026), PISA 2025 Results (Volume I), Executive Summary, Table I.1.",pisa2025_91_participantes_tres_areas.csv
Resultados internacionales 2025,Lectura,Suecia,2025,Puntaje medio,,,,466,,,puntos PISA,,"OECD (2026), PISA 2025 Results (Volume I), Executive Summary, Table I.1.",pisa2025_91_participantes_tres_areas.csv
Resultados internacionales 2025,Matemática,Suecia,2025,Puntaje medio,,,,464,,,puntos PISA,,"OECD (2026), PISA 2025 Results (Volume I), Executive Summary, Table I.1.",pisa2025_91_participantes_tres_areas.csv
Resultados internacionales 2025,Ciencia,Eslovenia,2025,Puntaje medio,,,,484,,,puntos PISA,,"OECD (2026), PISA 2025 Results (Volume I), Executive Summary, Table I.1.",pisa2025_91_participantes_tres_areas.csv
Resultados internacionales 2025,Lectura,Eslovenia,2025,Puntaje medio,,,,445,,,puntos PISA,,"OECD (2026), PISA 2025 Results (Volume I), Executive Summary, Table I.1.",pisa2025_91_participantes_tres_areas.csv
Resultados internacionales 2025,Matemática,Eslovenia,2025,Puntaje medio,,,,460,,,puntos PISA,,"OECD (2026), PISA 2025 Results (Volume I), Executive Summary, Table I.1.",pisa2025_91_participantes_tres_areas.csv
Resultados internacionales 2025,Ciencia,Francia,2025,Puntaje medio,,,,483,,,puntos PISA,,"OECD (2026), PISA 2025 Results (Volume I), Executive Summary, Table I.1.",pisa2025_91_participantes_tres_areas.csv
Resultados internacionales 2025,Lectura,Francia,2025,Puntaje medio,,,,456,,,puntos PISA,,"OECD (2026), PISA 2025 Results (Volume I), Executive Summary, Table I.1.",pisa2025_91_participantes_tres_areas.csv
Resultados internacionales 2025,Matemática,Francia,2025,Puntaje medio,,,,458,,,puntos PISA,,"OECD (2026), PISA 2025 Results (Volume I), Executive Summary, Table I.1.",pisa2025_91_participantes_tres_areas.csv
Resultados internacionales 2025,Ciencia,Italia,2025,Puntaje medio,,,,483,,,puntos PISA,,"OECD (2026), PISA 2025 Results (Volume I), Executive Summary, Table I.1.",pisa2025_91_participantes_tres_areas.csv
Resultados internacionales 2025,Lectura,Italia,2025,Puntaje medio,,,,474,,,puntos PISA,,"OECD (2026), PISA 2025 Results (Volume I), Executive Summary, Table I.1.",pisa2025_91_participantes_tres_areas.csv
Resultados internacionales 2025,Matemática,Italia,2025,Puntaje medio,,,,468,,,puntos PISA,,"OECD (2026), PISA 2025 Results (Volume I), Executive Summary, Table I.1.",pisa2025_91_participantes_tres_areas.csv
Resultados internacionales 2025,Ciencia,Portugal,2025,Puntaje medio,,,,482,,,puntos PISA,,"OECD (2026), PISA 2025 Results (Volume I), Executive Summary, Table I.1.",pisa2025_91_participantes_tres_areas.csv
Resultados internacionales 2025,Lectura,Portugal,2025,Puntaje medio,,,,462,,,puntos PISA,,"OECD (2026), PISA 2025 Results (Volume I), Executive Summary, Table I.1.",pisa2025_91_participantes_tres_areas.csv
Resultados internacionales 2025,Matemática,Portugal,2025,Puntaje medio,,,,460,,,puntos PISA,,"OECD (2026), PISA 2025 Results (Volume I), Executive Summary, Table I.1.",pisa2025_91_participantes_tres_areas.csv
Resultados internacionales 2025,Ciencia,Hungría,2025,Puntaje medio,,,,480,,,puntos PISA,,"OECD (2026), PISA 2025 Results (Volume I), Executive Summary, Table I.1.",pisa2025_91_participantes_tres_areas.csv
Resultados internacionales 2025,Lectura,Hungría,2025,Puntaje medio,,,,452,,,puntos PISA,,"OECD (2026), PISA 2025 Results (Volume I), Executive Summary, Table I.1.",pisa2025_91_participantes_tres_areas.csv
Resultados internacionales 2025,Matemática,Hungría,2025,Puntaje medio,,,,459,,,puntos PISA,,"OECD (2026), PISA 2025 Results (Volume I), Executive Summary, Table I.1.",pisa2025_91_participantes_tres_areas.csv
Resultados internacionales 2025,Ciencia,Dinamarca,2025,Puntaje medio,,,,478,,,puntos PISA,,"OECD (2026), PISA 2025 Results (Volume I), Executive Summary, Table I.1.",pisa2025_91_participantes_tres_areas.csv
Resultados internacionales 2025,Lectura,Dinamarca,2025,Puntaje medio,,,,460,,,puntos PISA,,"OECD (2026), PISA 2025 Results (Volume I), Executive Summary, Table I.1.",pisa2025_91_participantes_tres_areas.csv
Resultados internacionales 2025,Matemática,Dinamarca,2025,Puntaje medio,,,,471,,,puntos PISA,,"OECD (2026), PISA 2025 Results (Volume I), Executive Summary, Table I.1.",pisa2025_91_participantes_tres_areas.csv
Resultados internacionales 2025,Ciencia,España,2025,Puntaje medio,,,,477,,,puntos PISA,,"OECD (2026), PISA 2025 Results (Volume I), Executive Summary, Table I.1.",pisa2025_91_participantes_tres_areas.csv
Resultados internacionales 2025,Lectura,España,2025,Puntaje medio,,,,451,,,puntos PISA,,"OECD (2026), PISA 2025 Results (Volume I), Executive Summary, Table I.1.",pisa2025_91_participantes_tres_areas.csv
Resultados internacionales 2025,Matemática,España,2025,Puntaje medio,,,,457,,,puntos PISA,,"OECD (2026), PISA 2025 Results (Volume I), Executive Summary, Table I.1.",pisa2025_91_participantes_tres_areas.csv
Resultados internacionales 2025,Ciencia,Croacia,2025,Puntaje medio,,,,476,,,puntos PISA,,"OECD (2026), PISA 2025 Results (Volume I), Executive Summary, Table I.1.",pisa2025_91_participantes_tres_areas.csv
Resultados internacionales 2025,Lectura,Croacia,2025,Puntaje medio,,,,453,,,puntos PISA,,"OECD (2026), PISA 2025 Results (Volume I), Executive Summary, Table I.1.",pisa2025_91_participantes_tres_areas.csv
Resultados internacionales 2025,Matemática,Croacia,2025,Puntaje medio,,,,455,,,puntos PISA,,"OECD (2026), PISA 2025 Results (Volume I), Executive Summary, Table I.1.",pisa2025_91_participantes_tres_areas.csv
Resultados internacionales 2025,Ciencia,República Eslovaca,2025,Puntaje medio,,,,475,,,puntos PISA,,"OECD (2026), PISA 2025 Results (Volume I), Executive Summary, Table I.1.",pisa2025_91_participantes_tres_areas.csv
Resultados internacionales 2025,Lectura,República Eslovaca,2025,Puntaje medio,,,,448,,,puntos PISA,,"OECD (2026), PISA 2025 Results (Volume I), Executive Summary, Table I.1.",pisa2025_91_participantes_tres_areas.csv
Resultados internacionales 2025,Matemática,República Eslovaca,2025,Puntaje medio,,,,469,,,puntos PISA,,"OECD (2026), PISA 2025 Results (Volume I), Executive Summary, Table I.1.",pisa2025_91_participantes_tres_areas.csv
Resultados internacionales 2025,Ciencia,Luxemburgo,2025,Puntaje medio,,,,474,,,puntos PISA,,"OECD (2026), PISA 2025 Results (Volume I), Executive Summary, Table I.1.",pisa2025_91_participantes_tres_areas.csv
Resultados internacionales 2025,Lectura,Luxemburgo,2025,Puntaje medio,,,,443,,,puntos PISA,,"OECD (2026), PISA 2025 Results (Volume I), Executive Summary, Table I.1.",pisa2025_91_participantes_tres_areas.csv
Resultados internacionales 2025,Matemática,Luxemburgo,2025,Puntaje medio,,,,458,,,puntos PISA,,"OECD (2026), PISA 2025 Results (Volume I), Executive Summary, Table I.1.",pisa2025_91_participantes_tres_areas.csv
Resultados internacionales 2025,Ciencia,Noruega*,2025,Puntaje medio,,,,470,,,puntos PISA,,"OECD (2026), PISA 2025 Results (Volume I), Executive Summary, Table I.1.",pisa2025_91_participantes_tres_areas.csv
Resultados internacionales 2025,Lectura,Noruega*,2025,Puntaje medio,,,,453,,,puntos PISA,,"OECD (2026), PISA 2025 Results (Volume I), Executive Summary, Table I.1.",pisa2025_91_participantes_tres_areas.csv
Resultados internacionales 2025,Matemática,Noruega*,2025,Puntaje medio,,,,452,,,puntos PISA,,"OECD (2026), PISA 2025 Results (Volume I), Executive Summary, Table I.1.",pisa2025_91_participantes_tres_areas.csv
Resultados internacionales 2025,Ciencia,Letonia,2025,Puntaje medio,,,,468,,,puntos PISA,,"OECD (2026), PISA 2025 Results (Volume I), Executive Summary, Table I.1.",pisa2025_91_participantes_tres_areas.csv
Resultados internacionales 2025,Lectura,Letonia,2025,Puntaje medio,,,,430,,,puntos PISA,,"OECD (2026), PISA 2025 Results (Volume I), Executive Summary, Table I.1.",pisa2025_91_participantes_tres_areas.csv
Resultados internacionales 2025,Matemática,Letonia,2025,Puntaje medio,,,,460,,,puntos PISA,,"OECD (2026), PISA 2025 Results (Volume I), Executive Summary, Table I.1.",pisa2025_91_participantes_tres_areas.csv
Resultados internacionales 2025,Ciencia,Emiratos Árabes Unidos,2025,Puntaje medio,,,,458,,,puntos PISA,,"OECD (2026), PISA 2025 Results (Volume I), Executive Summary, Table I.1.",pisa2025_91_participantes_tres_areas.csv
Resultados internacionales 2025,Lectura,Emiratos Árabes Unidos,2025,Puntaje medio,,,,433,,,puntos PISA,,"OECD (2026), PISA 2025 Results (Volume I), Executive Summary, Table I.1.",pisa2025_91_participantes_tres_areas.csv
Resultados internacionales 2025,Matemática,Emiratos Árabes Unidos,2025,Puntaje medio,,,,453,,,puntos PISA,,"OECD (2026), PISA 2025 Results (Volume I), Executive Summary, Table I.1.",pisa2025_91_participantes_tres_areas.csv
Resultados internacionales 2025,Ciencia,Viet Nam,2025,Puntaje medio,,,,457,,,puntos PISA,,"OECD (2026), PISA 2025 Results (Volume I), Executive Summary, Table I.1.",pisa2025_91_participantes_tres_areas.csv
Resultados internacionales 2025,Lectura,Viet Nam,2025,Puntaje medio,,,,392,,,puntos PISA,,"OECD (2026), PISA 2025 Results (Volume I), Executive Summary, Table I.1.",pisa2025_91_participantes_tres_areas.csv
Resultados internacionales 2025,Matemática,Viet Nam,2025,Puntaje medio,,,,443,,,puntos PISA,,"OECD (2026), PISA 2025 Results (Volume I), Executive Summary, Table I.1.",pisa2025_91_participantes_tres_areas.csv
Resultados internacionales 2025,Ciencia,Malta,2025,Puntaje medio,,,,453,,,puntos PISA,,"OECD (2026), PISA 2025 Results (Volume I), Executive Summary, Table I.1.",pisa2025_91_participantes_tres_areas.csv
Resultados internacionales 2025,Lectura,Malta,2025,Puntaje medio,,,,415,,,puntos PISA,,"OECD (2026), PISA 2025 Results (Volume I), Executive Summary, Table I.1.",pisa2025_91_participantes_tres_areas.csv
Resultados internacionales 2025,Matemática,Malta,2025,Puntaje medio,,,,439,,,puntos PISA,,"OECD (2026), PISA 2025 Results (Volume I), Executive Summary, Table I.1.",pisa2025_91_participantes_tres_areas.csv
Resultados internacionales 2025,Ciencia,Regiones de Ucrania (17 de 27),2025,Puntaje medio,,,,448,,,puntos PISA,,"OECD (2026), PISA 2025 Results (Volume I), Executive Summary, Table I.1.",pisa2025_91_participantes_tres_areas.csv
Resultados internacionales 2025,Lectura,Regiones de Ucrania (17 de 27),2025,Puntaje medio,,,,418,,,puntos PISA,,"OECD (2026), PISA 2025 Results (Volume I), Executive Summary, Table I.1.",pisa2025_91_participantes_tres_areas.csv
Resultados internacionales 2025,Matemática,Regiones de Ucrania (17 de 27),2025,Puntaje medio,,,,431,,,puntos PISA,,"OECD (2026), PISA 2025 Results (Volume I), Executive Summary, Table I.1.",pisa2025_91_participantes_tres_areas.csv
Resultados internacionales 2025,Ciencia,Uruguay,2025,Puntaje medio,,,,445,,,puntos PISA,,"OECD (2026), PISA 2025 Results (Volume I), Executive Summary, Table I.1.",pisa2025_91_participantes_tres_areas.csv
Resultados internacionales 2025,Lectura,Uruguay,2025,Puntaje medio,,,,423,,,puntos PISA,,"OECD (2026), PISA 2025 Results (Volume I), Executive Summary, Table I.1.",pisa2025_91_participantes_tres_areas.csv
Resultados internacionales 2025,Matemática,Uruguay,2025,Puntaje medio,,,,405,,,puntos PISA,,"OECD (2026), PISA 2025 Results (Volume I), Executive Summary, Table I.1.",pisa2025_91_participantes_tres_areas.csv
Resultados internacionales 2025,Ciencia,Chile,2025,Puntaje medio,,,,442,,,puntos PISA,,"OECD (2026), PISA 2025 Results (Volume I), Executive Summary, Table I.1.",pisa2025_91_participantes_tres_areas.csv
Resultados internacionales 2025,Lectura,Chile,2025,Puntaje medio,,,,436,,,puntos PISA,,"OECD (2026), PISA 2025 Results (Volume I), Executive Summary, Table I.1.",pisa2025_91_participantes_tres_areas.csv
Resultados internacionales 2025,Matemática,Chile,2025,Puntaje medio,,,,403,,,puntos PISA,,"OECD (2026), PISA 2025 Results (Volume I), Executive Summary, Table I.1.",pisa2025_91_participantes_tres_areas.csv
Resultados internacionales 2025,Ciencia,Israel,2025,Puntaje medio,,,,442,,,puntos PISA,,"OECD (2026), PISA 2025 Results (Volume I), Executive Summary, Table I.1.",pisa2025_91_participantes_tres_areas.csv
Resultados internacionales 2025,Lectura,Israel,2025,Puntaje medio,,,,436,,,puntos PISA,,"OECD (2026), PISA 2025 Results (Volume I), Executive Summary, Table I.1.",pisa2025_91_participantes_tres_areas.csv
Resultados internacionales 2025,Matemática,Israel,2025,Puntaje medio,,,,433,,,puntos PISA,,"OECD (2026), PISA 2025 Results (Volume I), Executive Summary, Table I.1.",pisa2025_91_participantes_tres_areas.csv
Resultados internacionales 2025,Ciencia,Islandia,2025,Puntaje medio,,,,441,,,puntos PISA,,"OECD (2026), PISA 2025 Results (Volume I), Executive Summary, Table I.1.",pisa2025_91_participantes_tres_areas.csv
Resultados internacionales 2025,Lectura,Islandia,2025,Puntaje medio,,,,422,,,puntos PISA,,"OECD (2026), PISA 2025 Results (Volume I), Executive Summary, Table I.1.",pisa2025_91_participantes_tres_areas.csv
Resultados internacionales 2025,Matemática,Islandia,2025,Puntaje medio,,,,450,,,puntos PISA,,"OECD (2026), PISA 2025 Results (Volume I), Executive Summary, Table I.1.",pisa2025_91_participantes_tres_areas.csv
Resultados internacionales 2025,Ciencia,Brunéi Darussalam,2025,Puntaje medio,,,,439,,,puntos PISA,,"OECD (2026), PISA 2025 Results (Volume I), Executive Summary, Table I.1.",pisa2025_91_participantes_tres_areas.csv
Resultados internacionales 2025,Lectura,Brunéi Darussalam,2025,Puntaje medio,,,,426,,,puntos PISA,,"OECD (2026), PISA 2025 Results (Volume I), Executive Summary, Table I.1.",pisa2025_91_participantes_tres_areas.csv
Resultados internacionales 2025,Matemática,Brunéi Darussalam,2025,Puntaje medio,,,,435,,,puntos PISA,,"OECD (2026), PISA 2025 Results (Volume I), Executive Summary, Table I.1.",pisa2025_91_participantes_tres_areas.csv
Resultados internacionales 2025,Ciencia,Mauricio,2025,Puntaje medio,,,,438,,,puntos PISA,,"OECD (2026), PISA 2025 Results (Volume I), Executive Summary, Table I.1.",pisa2025_91_participantes_tres_areas.csv
Resultados internacionales 2025,Lectura,Mauricio,2025,Puntaje medio,,,,405,,,puntos PISA,,"OECD (2026), PISA 2025 Results (Volume I), Executive Summary, Table I.1.",pisa2025_91_participantes_tres_areas.csv
Resultados internacionales 2025,Matemática,Mauricio,2025,Puntaje medio,,,,407,,,puntos PISA,,"OECD (2026), PISA 2025 Results (Volume I), Executive Summary, Table I.1.",pisa2025_91_participantes_tres_areas.csv
Resultados internacionales 2025,Ciencia,Uzbekistán,2025,Puntaje medio,,,,438,,,puntos PISA,OECD reporta 'm' (dato no disponible) en Lectura y Matemática.,"OECD (2026), PISA 2025 Results (Volume I), Executive Summary, Table I.1.",pisa2025_91_participantes_tres_areas.csv
Resultados internacionales 2025,Lectura,Uzbekistán,2025,Puntaje medio,,,,,,,puntos PISA,OECD reporta 'm' (dato no disponible) en Lectura y Matemática.,"OECD (2026), PISA 2025 Results (Volume I), Executive Summary, Table I.1.",pisa2025_91_participantes_tres_areas.csv
Resultados internacionales 2025,Matemática,Uzbekistán,2025,Puntaje medio,,,,,,,puntos PISA,OECD reporta 'm' (dato no disponible) en Lectura y Matemática.,"OECD (2026), PISA 2025 Results (Volume I), Executive Summary, Table I.1.",pisa2025_91_participantes_tres_areas.csv
Resultados internacionales 2025,Ciencia,Montenegro,2025,Puntaje medio,,,,435,,,puntos PISA,,"OECD (2026), PISA 2025 Results (Volume I), Executive Summary, Table I.1.",pisa2025_91_participantes_tres_areas.csv
Resultados internacionales 2025,Lectura,Montenegro,2025,Puntaje medio,,,,418,,,puntos PISA,,"OECD (2026), PISA 2025 Results (Volume I), Executive Summary, Table I.1.",pisa2025_91_participantes_tres_areas.csv
Resultados internacionales 2025,Matemática,Montenegro,2025,Puntaje medio,,,,411,,,puntos PISA,,"OECD (2026), PISA 2025 Results (Volume I), Executive Summary, Table I.1.",pisa2025_91_participantes_tres_areas.csv
Resultados internacionales 2025,Ciencia,Albania*,2025,Puntaje medio,,,,435,,,puntos PISA,,"OECD (2026), PISA 2025 Results (Volume I), Executive Summary, Table I.1.",pisa2025_91_participantes_tres_areas.csv
Resultados internacionales 2025,Lectura,Albania*,2025,Puntaje medio,,,,408,,,puntos PISA,,"OECD (2026), PISA 2025 Results (Volume I), Executive Summary, Table I.1.",pisa2025_91_participantes_tres_areas.csv
Resultados internacionales 2025,Matemática,Albania*,2025,Puntaje medio,,,,433,,,puntos PISA,,"OECD (2026), PISA 2025 Results (Volume I), Executive Summary, Table I.1.",pisa2025_91_participantes_tres_areas.csv
Resultados internacionales 2025,Ciencia,Qatar,2025,Puntaje medio,,,,434,,,puntos PISA,,"OECD (2026), PISA 2025 Results (Volume I), Executive Summary, Table I.1.",pisa2025_91_participantes_tres_areas.csv
Resultados internacionales 2025,Lectura,Qatar,2025,Puntaje medio,,,,418,,,puntos PISA,,"OECD (2026), PISA 2025 Results (Volume I), Executive Summary, Table I.1.",pisa2025_91_participantes_tres_areas.csv
Resultados internacionales 2025,Matemática,Qatar,2025,Puntaje medio,,,,416,,,puntos PISA,,"OECD (2026), PISA 2025 Results (Volume I), Executive Summary, Table I.1.",pisa2025_91_participantes_tres_areas.csv
Resultados internacionales 2025,Ciencia,Grecia,2025,Puntaje medio,,,,434,,,puntos PISA,,"OECD (2026), PISA 2025 Results (Volume I), Executive Summary, Table I.1.",pisa2025_91_participantes_tres_areas.csv
Resultados internacionales 2025,Lectura,Grecia,2025,Puntaje medio,,,,423,,,puntos PISA,,"OECD (2026), PISA 2025 Results (Volume I), Executive Summary, Table I.1.",pisa2025_91_participantes_tres_areas.csv
Resultados internacionales 2025,Matemática,Grecia,2025,Puntaje medio,,,,424,,,puntos PISA,,"OECD (2026), PISA 2025 Results (Volume I), Executive Summary, Table I.1.",pisa2025_91_participantes_tres_areas.csv
Resultados internacionales 2025,Ciencia,Tailandia,2025,Puntaje medio,,,,432,,,puntos PISA,,"OECD (2026), PISA 2025 Results (Volume I), Executive Summary, Table I.1.",pisa2025_91_participantes_tres_areas.csv
Resultados internacionales 2025,Lectura,Tailandia,2025,Puntaje medio,,,,392,,,puntos PISA,,"OECD (2026), PISA 2025 Results (Volume I), Executive Summary, Table I.1.",pisa2025_91_participantes_tres_areas.csv
Resultados internacionales 2025,Matemática,Tailandia,2025,Puntaje medio,,,,407,,,puntos PISA,,"OECD (2026), PISA 2025 Results (Volume I), Executive Summary, Table I.1.",pisa2025_91_participantes_tres_areas.csv
Resultados internacionales 2025,Ciencia,Serbia,2025,Puntaje medio,,,,429,,,puntos PISA,,"OECD (2026), PISA 2025 Results (Volume I), Executive Summary, Table I.1.",pisa2025_91_participantes_tres_areas.csv
Resultados internacionales 2025,Lectura,Serbia,2025,Puntaje medio,,,,415,,,puntos PISA,,"OECD (2026), PISA 2025 Results (Volume I), Executive Summary, Table I.1.",pisa2025_91_participantes_tres_areas.csv
Resultados internacionales 2025,Matemática,Serbia,2025,Puntaje medio,,,,417,,,puntos PISA,,"OECD (2026), PISA 2025 Results (Volume I), Executive Summary, Table I.1.",pisa2025_91_participantes_tres_areas.csv
Resultados internacionales 2025,Ciencia,Rumanía,2025,Puntaje medio,,,,425,,,puntos PISA,,"OECD (2026), PISA 2025 Results (Volume I), Executive Summary, Table I.1.",pisa2025_91_participantes_tres_areas.csv
Resultados internacionales 2025,Lectura,Rumanía,2025,Puntaje medio,,,,413,,,puntos PISA,,"OECD (2026), PISA 2025 Results (Volume I), Executive Summary, Table I.1.",pisa2025_91_participantes_tres_areas.csv
Resultados internacionales 2025,Matemática,Rumanía,2025,Puntaje medio,,,,419,,,puntos PISA,,"OECD (2026), PISA 2025 Results (Volume I), Executive Summary, Table I.1.",pisa2025_91_participantes_tres_areas.csv
Resultados internacionales 2025,Ciencia,Mongolia,2025,Puntaje medio,,,,424,,,puntos PISA,,"OECD (2026), PISA 2025 Results (Volume I), Executive Summary, Table I.1.",pisa2025_91_participantes_tres_areas.csv
Resultados internacionales 2025,Lectura,Mongolia,2025,Puntaje medio,,,,374,,,puntos PISA,,"OECD (2026), PISA 2025 Results (Volume I), Executive Summary, Table I.1.",pisa2025_91_participantes_tres_areas.csv
Resultados internacionales 2025,Matemática,Mongolia,2025,Puntaje medio,,,,419,,,puntos PISA,,"OECD (2026), PISA 2025 Results (Volume I), Executive Summary, Table I.1.",pisa2025_91_participantes_tres_areas.csv
Resultados internacionales 2025,Ciencia,Costa Rica,2025,Puntaje medio,,,,424,,,puntos PISA,,"OECD (2026), PISA 2025 Results (Volume I), Executive Summary, Table I.1.",pisa2025_91_participantes_tres_areas.csv
Resultados internacionales 2025,Lectura,Costa Rica,2025,Puntaje medio,,,,416,,,puntos PISA,,"OECD (2026), PISA 2025 Results (Volume I), Executive Summary, Table I.1.",pisa2025_91_participantes_tres_areas.csv
Resultados internacionales 2025,Matemática,Costa Rica,2025,Puntaje medio,,,,387,,,puntos PISA,,"OECD (2026), PISA 2025 Results (Volume I), Executive Summary, Table I.1.",pisa2025_91_participantes_tres_areas.csv
Resultados internacionales 2025,Ciencia,Georgia,2025,Puntaje medio,,,,422,,,puntos PISA,,"OECD (2026), PISA 2025 Results (Volume I), Executive Summary, Table I.1.",pisa2025_91_participantes_tres_areas.csv
Resultados internacionales 2025,Lectura,Georgia,2025,Puntaje medio,,,,384,,,puntos PISA,,"OECD (2026), PISA 2025 Results (Volume I), Executive Summary, Table I.1.",pisa2025_91_participantes_tres_areas.csv
Resultados internacionales 2025,Matemática,Georgia,2025,Puntaje medio,,,,416,,,puntos PISA,,"OECD (2026), PISA 2025 Results (Volume I), Executive Summary, Table I.1.",pisa2025_91_participantes_tres_areas.csv
Resultados internacionales 2025,Ciencia,Moldova,2025,Puntaje medio,,,,422,,,puntos PISA,,"OECD (2026), PISA 2025 Results (Volume I), Executive Summary, Table I.1.",pisa2025_91_participantes_tres_areas.csv
Resultados internacionales 2025,Lectura,Moldova,2025,Puntaje medio,,,,404,,,puntos PISA,,"OECD (2026), PISA 2025 Results (Volume I), Executive Summary, Table I.1.",pisa2025_91_participantes_tres_areas.csv
Resultados internacionales 2025,Matemática,Moldova,2025,Puntaje medio,,,,410,,,puntos PISA,,"OECD (2026), PISA 2025 Results (Volume I), Executive Summary, Table I.1.",pisa2025_91_participantes_tres_areas.csv
Resultados internacionales 2025,Ciencia,Bulgaria,2025,Puntaje medio,,,,421,,,puntos PISA,,"OECD (2026), PISA 2025 Results (Volume I), Executive Summary, Table I.1.",pisa2025_91_participantes_tres_areas.csv
Resultados internacionales 2025,Lectura,Bulgaria,2025,Puntaje medio,,,,387,,,puntos PISA,,"OECD (2026), PISA 2025 Results (Volume I), Executive Summary, Table I.1.",pisa2025_91_participantes_tres_areas.csv
Resultados internacionales 2025,Matemática,Bulgaria,2025,Puntaje medio,,,,405,,,puntos PISA,,"OECD (2026), PISA 2025 Results (Volume I), Executive Summary, Table I.1.",pisa2025_91_participantes_tres_areas.csv
Resultados internacionales 2025,Ciencia,Kazajistán,2025,Puntaje medio,,,,420,,,puntos PISA,,"OECD (2026), PISA 2025 Results (Volume I), Executive Summary, Table I.1.",pisa2025_91_participantes_tres_areas.csv
Resultados internacionales 2025,Lectura,Kazajistán,2025,Puntaje medio,,,,385,,,puntos PISA,,"OECD (2026), PISA 2025 Results (Volume I), Executive Summary, Table I.1.",pisa2025_91_participantes_tres_areas.csv
Resultados internacionales 2025,Matemática,Kazajistán,2025,Puntaje medio,,,,414,,,puntos PISA,,"OECD (2026), PISA 2025 Results (Volume I), Executive Summary, Table I.1.",pisa2025_91_participantes_tres_areas.csv
Resultados internacionales 2025,Ciencia,Malasia,2025,Puntaje medio,,,,419,,,puntos PISA,,"OECD (2026), PISA 2025 Results (Volume I), Executive Summary, Table I.1.",pisa2025_91_participantes_tres_areas.csv
Resultados internacionales 2025,Lectura,Malasia,2025,Puntaje medio,,,,393,,,puntos PISA,,"OECD (2026), PISA 2025 Results (Volume I), Executive Summary, Table I.1.",pisa2025_91_participantes_tres_areas.csv
Resultados internacionales 2025,Matemática,Malasia,2025,Puntaje medio,,,,397,,,puntos PISA,,"OECD (2026), PISA 2025 Results (Volume I), Executive Summary, Table I.1.",pisa2025_91_participantes_tres_areas.csv
Resultados internacionales 2025,Ciencia,Colombia,2025,Puntaje medio,,,,414,,,puntos PISA,,"OECD (2026), PISA 2025 Results (Volume I), Executive Summary, Table I.1.",pisa2025_91_participantes_tres_areas.csv
Resultados internacionales 2025,Lectura,Colombia,2025,Puntaje medio,,,,399,,,puntos PISA,,"OECD (2026), PISA 2025 Results (Volume I), Executive Summary, Table I.1.",pisa2025_91_participantes_tres_areas.csv
Resultados internacionales 2025,Matemática,Colombia,2025,Puntaje medio,,,,381,,,puntos PISA,,"OECD (2026), PISA 2025 Results (Volume I), Executive Summary, Table I.1.",pisa2025_91_participantes_tres_areas.csv
Resultados internacionales 2025,Ciencia,México,2025,Puntaje medio,,,,414,,,puntos PISA,,"OECD (2026), PISA 2025 Results (Volume I), Executive Summary, Table I.1.",pisa2025_91_participantes_tres_areas.csv
Resultados internacionales 2025,Lectura,México,2025,Puntaje medio,,,,408,,,puntos PISA,,"OECD (2026), PISA 2025 Results (Volume I), Executive Summary, Table I.1.",pisa2025_91_participantes_tres_areas.csv
Resultados internacionales 2025,Matemática,México,2025,Puntaje medio,,,,388,,,puntos PISA,,"OECD (2026), PISA 2025 Results (Volume I), Executive Summary, Table I.1.",pisa2025_91_participantes_tres_areas.csv
Resultados internacionales 2025,Ciencia,Arabia Saudita,2025,Puntaje medio,,,,413,,,puntos PISA,,"OECD (2026), PISA 2025 Results (Volume I), Executive Summary, Table I.1.",pisa2025_91_participantes_tres_areas.csv
Resultados internacionales 2025,Lectura,Arabia Saudita,2025,Puntaje medio,,,,387,,,puntos PISA,,"OECD (2026), PISA 2025 Results (Volume I), Executive Summary, Table I.1.",pisa2025_91_participantes_tres_areas.csv
Resultados internacionales 2025,Matemática,Arabia Saudita,2025,Puntaje medio,,,,390,,,puntos PISA,,"OECD (2026), PISA 2025 Results (Volume I), Executive Summary, Table I.1.",pisa2025_91_participantes_tres_areas.csv
Resultados internacionales 2025,Ciencia,Chipre,2025,Puntaje medio,,,,411,,,puntos PISA,,"OECD (2026), PISA 2025 Results (Volume I), Executive Summary, Table I.1.",pisa2025_91_participantes_tres_areas.csv
Resultados internacionales 2025,Lectura,Chipre,2025,Puntaje medio,,,,379,,,puntos PISA,,"OECD (2026), PISA 2025 Results (Volume I), Executive Summary, Table I.1.",pisa2025_91_participantes_tres_areas.csv
Resultados internacionales 2025,Matemática,Chipre,2025,Puntaje medio,,,,412,,,puntos PISA,,"OECD (2026), PISA 2025 Results (Volume I), Executive Summary, Table I.1.",pisa2025_91_participantes_tres_areas.csv
Resultados internacionales 2025,Ciencia,Azerbaiyán,2025,Puntaje medio,,,,409,,,puntos PISA,,"OECD (2026), PISA 2025 Results (Volume I), Executive Summary, Table I.1.",pisa2025_91_participantes_tres_areas.csv
Resultados internacionales 2025,Lectura,Azerbaiyán,2025,Puntaje medio,,,,374,,,puntos PISA,,"OECD (2026), PISA 2025 Results (Volume I), Executive Summary, Table I.1.",pisa2025_91_participantes_tres_areas.csv
Resultados internacionales 2025,Matemática,Azerbaiyán,2025,Puntaje medio,,,,422,,,puntos PISA,,"OECD (2026), PISA 2025 Results (Volume I), Executive Summary, Table I.1.",pisa2025_91_participantes_tres_areas.csv
Resultados internacionales 2025,Ciencia,Brasil,2025,Puntaje medio,,,,409,,,puntos PISA,,"OECD (2026), PISA 2025 Results (Volume I), Executive Summary, Table I.1.",pisa2025_91_participantes_tres_areas.csv
Resultados internacionales 2025,Lectura,Brasil,2025,Puntaje medio,,,,408,,,puntos PISA,,"OECD (2026), PISA 2025 Results (Volume I), Executive Summary, Table I.1.",pisa2025_91_participantes_tres_areas.csv
Resultados internacionales 2025,Matemática,Brasil,2025,Puntaje medio,,,,377,,,puntos PISA,,"OECD (2026), PISA 2025 Results (Volume I), Executive Summary, Table I.1.",pisa2025_91_participantes_tres_areas.csv
Resultados internacionales 2025,Ciencia,Jordania,2025,Puntaje medio,,,,407,,,puntos PISA,,"OECD (2026), PISA 2025 Results (Volume I), Executive Summary, Table I.1.",pisa2025_91_participantes_tres_areas.csv
Resultados internacionales 2025,Lectura,Jordania,2025,Puntaje medio,,,,363,,,puntos PISA,,"OECD (2026), PISA 2025 Results (Volume I), Executive Summary, Table I.1.",pisa2025_91_participantes_tres_areas.csv
Resultados internacionales 2025,Matemática,Jordania,2025,Puntaje medio,,,,388,,,puntos PISA,,"OECD (2026), PISA 2025 Results (Volume I), Executive Summary, Table I.1.",pisa2025_91_participantes_tres_areas.csv
Resultados internacionales 2025,Ciencia,Perú,2025,Puntaje medio,,,,406,,,puntos PISA,,"OECD (2026), PISA 2025 Results (Volume I), Executive Summary, Table I.1.",pisa2025_91_participantes_tres_areas.csv
Resultados internacionales 2025,Lectura,Perú,2025,Puntaje medio,,,,390,,,puntos PISA,,"OECD (2026), PISA 2025 Results (Volume I), Executive Summary, Table I.1.",pisa2025_91_participantes_tres_areas.csv
Resultados internacionales 2025,Matemática,Perú,2025,Puntaje medio,,,,382,,,puntos PISA,,"OECD (2026), PISA 2025 Results (Volume I), Executive Summary, Table I.1.",pisa2025_91_participantes_tres_areas.csv
Resultados internacionales 2025,Ciencia,Ecuador,2025,Puntaje medio,,,,393,,,puntos PISA,,"OECD (2026), PISA 2025 Results (Volume I), Executive Summary, Table I.1.",pisa2025_91_participantes_tres_areas.csv
Resultados internacionales 2025,Lectura,Ecuador,2025,Puntaje medio,,,,385,,,puntos PISA,,"OECD (2026), PISA 2025 Results (Volume I), Executive Summary, Table I.1.",pisa2025_91_participantes_tres_areas.csv
Resultados internacionales 2025,Matemática,Ecuador,2025,Puntaje medio,,,,366,,,puntos PISA,,"OECD (2026), PISA 2025 Results (Volume I), Executive Summary, Table I.1.",pisa2025_91_participantes_tres_areas.csv
Resultados internacionales 2025,Ciencia,Argentina,2025,Puntaje medio,,,,393,,,puntos PISA,,"OECD (2026), PISA 2025 Results (Volume I), Executive Summary, Table I.1.",pisa2025_91_participantes_tres_areas.csv
Resultados internacionales 2025,Lectura,Argentina,2025,Puntaje medio,,,,389,,,puntos PISA,,"OECD (2026), PISA 2025 Results (Volume I), Executive Summary, Table I.1.",pisa2025_91_participantes_tres_areas.csv
Resultados internacionales 2025,Matemática,Argentina,2025,Puntaje medio,,,,367,,,puntos PISA,,"OECD (2026), PISA 2025 Results (Volume I), Executive Summary, Table I.1.",pisa2025_91_participantes_tres_areas.csv
Resultados internacionales 2025,Ciencia,Indonesia,2025,Puntaje medio,,,,389,,,puntos PISA,,"OECD (2026), PISA 2025 Results (Volume I), Executive Summary, Table I.1.",pisa2025_91_participantes_tres_areas.csv
Resultados internacionales 2025,Lectura,Indonesia,2025,Puntaje medio,,,,365,,,puntos PISA,,"OECD (2026), PISA 2025 Results (Volume I), Executive Summary, Table I.1.",pisa2025_91_participantes_tres_areas.csv
Resultados internacionales 2025,Matemática,Indonesia,2025,Puntaje medio,,,,364,,,puntos PISA,,"OECD (2026), PISA 2025 Results (Volume I), Executive Summary, Table I.1.",pisa2025_91_participantes_tres_areas.csv
Resultados internacionales 2025,Ciencia,El Salvador,2025,Puntaje medio,,,,385,,,puntos PISA,,"OECD (2026), PISA 2025 Results (Volume I), Executive Summary, Table I.1.",pisa2025_91_participantes_tres_areas.csv
Resultados internacionales 2025,Lectura,El Salvador,2025,Puntaje medio,,,,366,,,puntos PISA,,"OECD (2026), PISA 2025 Results (Volume I), Executive Summary, Table I.1.",pisa2025_91_participantes_tres_areas.csv
Resultados internacionales 2025,Matemática,El Salvador,2025,Puntaje medio,,,,346,,,puntos PISA,,"OECD (2026), PISA 2025 Results (Volume I), Executive Summary, Table I.1.",pisa2025_91_participantes_tres_areas.csv
Resultados internacionales 2025,Ciencia,Camboya,2025,Puntaje medio,,,,382,,,puntos PISA,,"OECD (2026), PISA 2025 Results (Volume I), Executive Summary, Table I.1.",pisa2025_91_participantes_tres_areas.csv
Resultados internacionales 2025,Lectura,Camboya,2025,Puntaje medio,,,,347,,,puntos PISA,,"OECD (2026), PISA 2025 Results (Volume I), Executive Summary, Table I.1.",pisa2025_91_participantes_tres_areas.csv
Resultados internacionales 2025,Matemática,Camboya,2025,Puntaje medio,,,,366,,,puntos PISA,,"OECD (2026), PISA 2025 Results (Volume I), Executive Summary, Table I.1.",pisa2025_91_participantes_tres_areas.csv
Resultados internacionales 2025,Ciencia,Macedonia del Norte,2025,Puntaje medio,,,,378,,,puntos PISA,,"OECD (2026), PISA 2025 Results (Volume I), Executive Summary, Table I.1.",pisa2025_91_participantes_tres_areas.csv
Resultados internacionales 2025,Lectura,Macedonia del Norte,2025,Puntaje medio,,,,357,,,puntos PISA,,"OECD (2026), PISA 2025 Results (Volume I), Executive Summary, Table I.1.",pisa2025_91_participantes_tres_areas.csv
Resultados internacionales 2025,Matemática,Macedonia del Norte,2025,Puntaje medio,,,,380,,,puntos PISA,,"OECD (2026), PISA 2025 Results (Volume I), Executive Summary, Table I.1.",pisa2025_91_participantes_tres_areas.csv
Resultados internacionales 2025,Ciencia,Filipinas,2025,Puntaje medio,,,,373,,,puntos PISA,,"OECD (2026), PISA 2025 Results (Volume I), Executive Summary, Table I.1.",pisa2025_91_participantes_tres_areas.csv
Resultados internacionales 2025,Lectura,Filipinas,2025,Puntaje medio,,,,367,,,puntos PISA,,"OECD (2026), PISA 2025 Results (Volume I), Executive Summary, Table I.1.",pisa2025_91_participantes_tres_areas.csv
Resultados internacionales 2025,Matemática,Filipinas,2025,Puntaje medio,,,,371,,,puntos PISA,,"OECD (2026), PISA 2025 Results (Volume I), Executive Summary, Table I.1.",pisa2025_91_participantes_tres_areas.csv
Resultados internacionales 2025,Ciencia,Líbano,2025,Puntaje medio,,,,372,,,puntos PISA,,"OECD (2026), PISA 2025 Results (Volume I), Executive Summary, Table I.1.",pisa2025_91_participantes_tres_areas.csv
Resultados internacionales 2025,Lectura,Líbano,2025,Puntaje medio,,,,331,,,puntos PISA,,"OECD (2026), PISA 2025 Results (Volume I), Executive Summary, Table I.1.",pisa2025_91_participantes_tres_areas.csv
Resultados internacionales 2025,Matemática,Líbano,2025,Puntaje medio,,,,377,,,puntos PISA,,"OECD (2026), PISA 2025 Results (Volume I), Executive Summary, Table I.1.",pisa2025_91_participantes_tres_areas.csv
Resultados internacionales 2025,Ciencia,Armenia,2025,Puntaje medio,,,,369,,,puntos PISA,,"OECD (2026), PISA 2025 Results (Volume I), Executive Summary, Table I.1.",pisa2025_91_participantes_tres_areas.csv
Resultados internacionales 2025,Lectura,Armenia,2025,Puntaje medio,,,,348,,,puntos PISA,,"OECD (2026), PISA 2025 Results (Volume I), Executive Summary, Table I.1.",pisa2025_91_participantes_tres_areas.csv
Resultados internacionales 2025,Matemática,Armenia,2025,Puntaje medio,,,,376,,,puntos PISA,,"OECD (2026), PISA 2025 Results (Volume I), Executive Summary, Table I.1.",pisa2025_91_participantes_tres_areas.csv
Resultados internacionales 2025,Ciencia,Kirguistán,2025,Puntaje medio,,,,363,,,puntos PISA,,"OECD (2026), PISA 2025 Results (Volume I), Executive Summary, Table I.1.",pisa2025_91_participantes_tres_areas.csv
Resultados internacionales 2025,Lectura,Kirguistán,2025,Puntaje medio,,,,344,,,puntos PISA,,"OECD (2026), PISA 2025 Results (Volume I), Executive Summary, Table I.1.",pisa2025_91_participantes_tres_areas.csv
Resultados internacionales 2025,Matemática,Kirguistán,2025,Puntaje medio,,,,364,,,puntos PISA,,"OECD (2026), PISA 2025 Results (Volume I), Executive Summary, Table I.1.",pisa2025_91_participantes_tres_areas.csv
Resultados internacionales 2025,Ciencia,República Dominicana,2025,Puntaje medio,,,,361,,,puntos PISA,,"OECD (2026), PISA 2025 Results (Volume I), Executive Summary, Table I.1.",pisa2025_91_participantes_tres_areas.csv
Resultados internacionales 2025,Lectura,República Dominicana,2025,Puntaje medio,,,,346,,,puntos PISA,,"OECD (2026), PISA 2025 Results (Volume I), Executive Summary, Table I.1.",pisa2025_91_participantes_tres_areas.csv
Resultados internacionales 2025,Matemática,República Dominicana,2025,Puntaje medio,,,,339,,,puntos PISA,,"OECD (2026), PISA 2025 Results (Volume I), Executive Summary, Table I.1.",pisa2025_91_participantes_tres_areas.csv
Resultados internacionales 2025,Ciencia,Autoridad Palestina,2025,Puntaje medio,,,,359,,,puntos PISA,,"OECD (2026), PISA 2025 Results (Volume I), Executive Summary, Table I.1.",pisa2025_91_participantes_tres_areas.csv
Resultados internacionales 2025,Lectura,Autoridad Palestina,2025,Puntaje medio,,,,350,,,puntos PISA,,"OECD (2026), PISA 2025 Results (Volume I), Executive Summary, Table I.1.",pisa2025_91_participantes_tres_areas.csv
Resultados internacionales 2025,Matemática,Autoridad Palestina,2025,Puntaje medio,,,,354,,,puntos PISA,,"OECD (2026), PISA 2025 Results (Volume I), Executive Summary, Table I.1.",pisa2025_91_participantes_tres_areas.csv
Resultados internacionales 2025,Ciencia,Marruecos,2025,Puntaje medio,,,,358,,,puntos PISA,,"OECD (2026), PISA 2025 Results (Volume I), Executive Summary, Table I.1.",pisa2025_91_participantes_tres_areas.csv
Resultados internacionales 2025,Lectura,Marruecos,2025,Puntaje medio,,,,321,,,puntos PISA,,"OECD (2026), PISA 2025 Results (Volume I), Executive Summary, Table I.1.",pisa2025_91_participantes_tres_areas.csv
Resultados internacionales 2025,Matemática,Marruecos,2025,Puntaje medio,,,,355,,,puntos PISA,,"OECD (2026), PISA 2025 Results (Volume I), Executive Summary, Table I.1.",pisa2025_91_participantes_tres_areas.csv
Resultados internacionales 2025,Ciencia,Kosovo,2025,Puntaje medio,,,,357,,,puntos PISA,,"OECD (2026), PISA 2025 Results (Volume I), Executive Summary, Table I.1.",pisa2025_91_participantes_tres_areas.csv
Resultados internacionales 2025,Lectura,Kosovo,2025,Puntaje medio,,,,340,,,puntos PISA,,"OECD (2026), PISA 2025 Results (Volume I), Executive Summary, Table I.1.",pisa2025_91_participantes_tres_areas.csv
Resultados internacionales 2025,Matemática,Kosovo,2025,Puntaje medio,,,,350,,,puntos PISA,,"OECD (2026), PISA 2025 Results (Volume I), Executive Summary, Table I.1.",pisa2025_91_participantes_tres_areas.csv
Resultados internacionales 2025,Ciencia,Paraguay,2025,Puntaje medio,,,,355,,,puntos PISA,,"OECD (2026), PISA 2025 Results (Volume I), Executive Summary, Table I.1.",pisa2025_91_participantes_tres_areas.csv
Resultados internacionales 2025,Lectura,Paraguay,2025,Puntaje medio,,,,352,,,puntos PISA,,"OECD (2026), PISA 2025 Results (Volume I), Executive Summary, Table I.1.",pisa2025_91_participantes_tres_areas.csv
Resultados internacionales 2025,Matemática,Paraguay,2025,Puntaje medio,,,,334,,,puntos PISA,,"OECD (2026), PISA 2025 Results (Volume I), Executive Summary, Table I.1.",pisa2025_91_participantes_tres_areas.csv
Resultados internacionales 2025,Ciencia,Región del Kurdistán (Iraq),2025,Puntaje medio,,,,352,,,puntos PISA,,"OECD (2026), PISA 2025 Results (Volume I), Executive Summary, Table I.1.",pisa2025_91_participantes_tres_areas.csv
Resultados internacionales 2025,Lectura,Región del Kurdistán (Iraq),2025,Puntaje medio,,,,312,,,puntos PISA,,"OECD (2026), PISA 2025 Results (Volume I), Executive Summary, Table I.1.",pisa2025_91_participantes_tres_areas.csv
Resultados internacionales 2025,Matemática,Región del Kurdistán (Iraq),2025,Puntaje medio,,,,339,,,puntos PISA,,"OECD (2026), PISA 2025 Results (Volume I), Executive Summary, Table I.1.",pisa2025_91_participantes_tres_areas.csv
Resultados internacionales 2025,Ciencia,Guatemala,2025,Puntaje medio,,,,351,,,puntos PISA,,"OECD (2026), PISA 2025 Results (Volume I), Executive Summary, Table I.1.",pisa2025_91_participantes_tres_areas.csv
Resultados internacionales 2025,Lectura,Guatemala,2025,Puntaje medio,,,,337,,,puntos PISA,,"OECD (2026), PISA 2025 Results (Volume I), Executive Summary, Table I.1.",pisa2025_91_participantes_tres_areas.csv
Resultados internacionales 2025,Matemática,Guatemala,2025,Puntaje medio,,,,334,,,puntos PISA,,"OECD (2026), PISA 2025 Results (Volume I), Executive Summary, Table I.1.",pisa2025_91_participantes_tres_areas.csv
Resultados internacionales 2025,Ciencia,Zambia,2025,Puntaje medio,,,,337,,,puntos PISA,,"OECD (2026), PISA 2025 Results (Volume I), Executive Summary, Table I.1.",pisa2025_91_participantes_tres_areas.csv
Resultados internacionales 2025,Lectura,Zambia,2025,Puntaje medio,,,,325,,,puntos PISA,,"OECD (2026), PISA 2025 Results (Volume I), Executive Summary, Table I.1.",pisa2025_91_participantes_tres_areas.csv
Resultados internacionales 2025,Matemática,Zambia,2025,Puntaje medio,,,,314,,,puntos PISA,,"OECD (2026), PISA 2025 Results (Volume I), Executive Summary, Table I.1.",pisa2025_91_participantes_tres_areas.csv
Resultados internacionales 2025,Ciencia,Kenia,2025,Puntaje medio,,,,335,,,puntos PISA,,"OECD (2026), PISA 2025 Results (Volume I), Executive Summary, Table I.1.",pisa2025_91_participantes_tres_areas.csv
Resultados internacionales 2025,Lectura,Kenia,2025,Puntaje medio,,,,320,,,puntos PISA,,"OECD (2026), PISA 2025 Results (Volume I), Executive Summary, Table I.1.",pisa2025_91_participantes_tres_areas.csv
Resultados internacionales 2025,Matemática,Kenia,2025,Puntaje medio,,,,326,,,puntos PISA,,"OECD (2026), PISA 2025 Results (Volume I), Executive Summary, Table I.1.",pisa2025_91_participantes_tres_areas.csv
Resultados internacionales 2025,Ciencia,Dushanbe (Tayikistán),2025,Puntaje medio,,,,334,,,puntos PISA,,"OECD (2026), PISA 2025 Results (Volume I), Executive Summary, Table I.1.",pisa2025_91_participantes_tres_areas.csv
Resultados internacionales 2025,Lectura,Dushanbe (Tayikistán),2025,Puntaje medio,,,,368,,,puntos PISA,,"OECD (2026), PISA 2025 Results (Volume I), Executive Summary, Table I.1.",pisa2025_91_participantes_tres_areas.csv
Resultados internacionales 2025,Matemática,Dushanbe (Tayikistán),2025,Puntaje medio,,,,382,,,puntos PISA,,"OECD (2026), PISA 2025 Results (Volume I), Executive Summary, Table I.1.",pisa2025_91_participantes_tres_areas.csv
Resultados internacionales 2025,Ciencia,Ruanda,2025,Puntaje medio,,,,317,,,puntos PISA,,"OECD (2026), PISA 2025 Results (Volume I), Executive Summary, Table I.1.",pisa2025_91_participantes_tres_areas.csv
Resultados internacionales 2025,Lectura,Ruanda,2025,Puntaje medio,,,,301,,,puntos PISA,,"OECD (2026), PISA 2025 Results (Volume I), Executive Summary, Table I.1.",pisa2025_91_participantes_tres_areas.csv
Resultados internacionales 2025,Matemática,Ruanda,2025,Puntaje medio,,,,312,,,puntos PISA,,"OECD (2026), PISA 2025 Results (Volume I), Executive Summary, Table I.1.",pisa2025_91_participantes_tres_areas.csv
Serie regional histórica,Matemática,OCDE,2009,Puntaje medio,,Referencia OCDE,,492,,,puntos PISA,,"UMC-Minedu, Informe nacional PISA 2022",serie_regional_2009_2025.csv
Serie regional histórica,Matemática,OCDE,2012,Puntaje medio,,Referencia OCDE,,490,,,puntos PISA,,"UMC-Minedu, Informe nacional PISA 2022",serie_regional_2009_2025.csv
Serie regional histórica,Matemática,OCDE,2015,Puntaje medio,,Referencia OCDE,,487,,,puntos PISA,,"UMC-Minedu, Informe nacional PISA 2022",serie_regional_2009_2025.csv
Serie regional histórica,Matemática,OCDE,2018,Puntaje medio,,Referencia OCDE,,489,,,puntos PISA,,"UMC-Minedu, Informe nacional PISA 2022",serie_regional_2009_2025.csv
Serie regional histórica,Matemática,OCDE,2022,Puntaje medio,,Referencia OCDE,,472,,,puntos PISA,,"UMC-Minedu, Informe nacional PISA 2022",serie_regional_2009_2025.csv
Serie regional histórica,Matemática,OCDE,2025,Puntaje medio,,Referencia OCDE,,463,,,puntos PISA,,"Minedu/UMC, Brochure resultados PISA 2025",serie_regional_2009_2025.csv
Serie regional histórica,Matemática,Argentina,2009,Puntaje medio,,País,,388,,,puntos PISA,,"UMC-Minedu, Informe nacional PISA 2022",serie_regional_2009_2025.csv
Serie regional histórica,Matemática,Argentina,2012,Puntaje medio,,País,,388,,,puntos PISA,,"UMC-Minedu, Informe nacional PISA 2022",serie_regional_2009_2025.csv
Serie regional histórica,Matemática,Argentina,2018,Puntaje medio,,País,,379,,,puntos PISA,,"UMC-Minedu, Informe nacional PISA 2022",serie_regional_2009_2025.csv
Serie regional histórica,Matemática,Argentina,2022,Puntaje medio,,País,,378,,,puntos PISA,,"UMC-Minedu, Informe nacional PISA 2022",serie_regional_2009_2025.csv
Serie regional histórica,Matemática,Argentina,2025,Puntaje medio,,País,,367,,,puntos PISA,,"Minedu/UMC, Brochure resultados PISA 2025",serie_regional_2009_2025.csv
Serie regional histórica,Matemática,Brasil,2009,Puntaje medio,,País,,386,,,puntos PISA,,"UMC-Minedu, Informe nacional PISA 2022",serie_regional_2009_2025.csv
Serie regional histórica,Matemática,Brasil,2012,Puntaje medio,,País,,389,,,puntos PISA,,"UMC-Minedu, Informe nacional PISA 2022",serie_regional_2009_2025.csv
Serie regional histórica,Matemática,Brasil,2015,Puntaje medio,,País,,377,,,puntos PISA,,"UMC-Minedu, Informe nacional PISA 2022",serie_regional_2009_2025.csv
Serie regional histórica,Matemática,Brasil,2018,Puntaje medio,,País,,384,,,puntos PISA,,"UMC-Minedu, Informe nacional PISA 2022",serie_regional_2009_2025.csv
Serie regional histórica,Matemática,Brasil,2022,Puntaje medio,,País,,379,,,puntos PISA,,"UMC-Minedu, Informe nacional PISA 2022",serie_regional_2009_2025.csv
Serie regional histórica,Matemática,Brasil,2025,Puntaje medio,,País,,377,,,puntos PISA,,"Minedu/UMC, Brochure resultados PISA 2025",serie_regional_2009_2025.csv
Serie regional histórica,Matemática,Chile,2009,Puntaje medio,,País,,421,,,puntos PISA,,"UMC-Minedu, Informe nacional PISA 2022",serie_regional_2009_2025.csv
Serie regional histórica,Matemática,Chile,2012,Puntaje medio,,País,,423,,,puntos PISA,,"UMC-Minedu, Informe nacional PISA 2022",serie_regional_2009_2025.csv
Serie regional histórica,Matemática,Chile,2015,Puntaje medio,,País,,423,,,puntos PISA,,"UMC-Minedu, Informe nacional PISA 2022",serie_regional_2009_2025.csv
Serie regional histórica,Matemática,Chile,2018,Puntaje medio,,País,,417,,,puntos PISA,,"UMC-Minedu, Informe nacional PISA 2022",serie_regional_2009_2025.csv
Serie regional histórica,Matemática,Chile,2022,Puntaje medio,,País,,412,,,puntos PISA,,"UMC-Minedu, Informe nacional PISA 2022",serie_regional_2009_2025.csv
Serie regional histórica,Matemática,Chile,2025,Puntaje medio,,País,,403,,,puntos PISA,,"Minedu/UMC, Brochure resultados PISA 2025",serie_regional_2009_2025.csv
Serie regional histórica,Matemática,Colombia,2009,Puntaje medio,,País,,381,,,puntos PISA,,"UMC-Minedu, Informe nacional PISA 2022",serie_regional_2009_2025.csv
Serie regional histórica,Matemática,Colombia,2012,Puntaje medio,,País,,376,,,puntos PISA,,"UMC-Minedu, Informe nacional PISA 2022",serie_regional_2009_2025.csv
Serie regional histórica,Matemática,Colombia,2015,Puntaje medio,,País,,390,,,puntos PISA,,"UMC-Minedu, Informe nacional PISA 2022",serie_regional_2009_2025.csv
Serie regional histórica,Matemática,Colombia,2018,Puntaje medio,,País,,391,,,puntos PISA,,"UMC-Minedu, Informe nacional PISA 2022",serie_regional_2009_2025.csv
Serie regional histórica,Matemática,Colombia,2022,Puntaje medio,,País,,383,,,puntos PISA,,"UMC-Minedu, Informe nacional PISA 2022",serie_regional_2009_2025.csv
Serie regional histórica,Matemática,Colombia,2025,Puntaje medio,,País,,381,,,puntos PISA,,"Minedu/UMC, Brochure resultados PISA 2025",serie_regional_2009_2025.csv
Serie regional histórica,Matemática,Costa Rica,2009,Puntaje medio,,País,,409,,,puntos PISA,,"UMC-Minedu, Informe nacional PISA 2022",serie_regional_2009_2025.csv
Serie regional histórica,Matemática,Costa Rica,2012,Puntaje medio,,País,,407,,,puntos PISA,,"UMC-Minedu, Informe nacional PISA 2022",serie_regional_2009_2025.csv
Serie regional histórica,Matemática,Costa Rica,2015,Puntaje medio,,País,,400,,,puntos PISA,,"UMC-Minedu, Informe nacional PISA 2022",serie_regional_2009_2025.csv
Serie regional histórica,Matemática,Costa Rica,2018,Puntaje medio,,País,,402,,,puntos PISA,,"UMC-Minedu, Informe nacional PISA 2022",serie_regional_2009_2025.csv
Serie regional histórica,Matemática,Costa Rica,2022,Puntaje medio,,País,,385,,,puntos PISA,,"UMC-Minedu, Informe nacional PISA 2022",serie_regional_2009_2025.csv
Serie regional histórica,Matemática,Costa Rica,2025,Puntaje medio,,País,,387,,,puntos PISA,,"Minedu/UMC, Brochure resultados PISA 2025",serie_regional_2009_2025.csv
Serie regional histórica,Matemática,El Salvador,2022,Puntaje medio,,País,,343,,,puntos PISA,,"UMC-Minedu, Informe nacional PISA 2022",serie_regional_2009_2025.csv
Serie regional histórica,Matemática,El Salvador,2025,Puntaje medio,,País,,346,,,puntos PISA,,"Minedu/UMC, Brochure resultados PISA 2025",serie_regional_2009_2025.csv
Serie regional histórica,Matemática,Guatemala,2022,Puntaje medio,,País,,344,,,puntos PISA,,"UMC-Minedu, Informe nacional PISA 2022",serie_regional_2009_2025.csv
Serie regional histórica,Matemática,Guatemala,2025,Puntaje medio,,País,,334,,,puntos PISA,,"Minedu/UMC, Brochure resultados PISA 2025",serie_regional_2009_2025.csv
Serie regional histórica,Matemática,México,2009,Puntaje medio,,País,,419,,,puntos PISA,,"UMC-Minedu, Informe nacional PISA 2022",serie_regional_2009_2025.csv
Serie regional histórica,Matemática,México,2012,Puntaje medio,,País,,413,,,puntos PISA,,"UMC-Minedu, Informe nacional PISA 2022",serie_regional_2009_2025.csv
Serie regional histórica,Matemática,México,2015,Puntaje medio,,País,,408,,,puntos PISA,,"UMC-Minedu, Informe nacional PISA 2022",serie_regional_2009_2025.csv
Serie regional histórica,Matemática,México,2018,Puntaje medio,,País,,409,,,puntos PISA,,"UMC-Minedu, Informe nacional PISA 2022",serie_regional_2009_2025.csv
Serie regional histórica,Matemática,México,2022,Puntaje medio,,País,,395,,,puntos PISA,,"UMC-Minedu, Informe nacional PISA 2022",serie_regional_2009_2025.csv
Serie regional histórica,Matemática,México,2025,Puntaje medio,,País,,388,,,puntos PISA,,"Minedu/UMC, Brochure resultados PISA 2025",serie_regional_2009_2025.csv
Serie regional histórica,Matemática,Paraguay,2022,Puntaje medio,,País,,338,,,puntos PISA,,"UMC-Minedu, Informe nacional PISA 2022",serie_regional_2009_2025.csv
Serie regional histórica,Matemática,Paraguay,2025,Puntaje medio,,País,,334,,,puntos PISA,,"Minedu/UMC, Brochure resultados PISA 2025",serie_regional_2009_2025.csv
Serie regional histórica,Matemática,Perú,2009,Puntaje medio,,País,,365,,,puntos PISA,,"UMC-Minedu, Informe nacional PISA 2022",serie_regional_2009_2025.csv
Serie regional histórica,Matemática,Perú,2012,Puntaje medio,,País,,368,,,puntos PISA,,"UMC-Minedu, Informe nacional PISA 2022",serie_regional_2009_2025.csv
Serie regional histórica,Matemática,Perú,2015,Puntaje medio,,País,,387,,,puntos PISA,,"UMC-Minedu, Informe nacional PISA 2022",serie_regional_2009_2025.csv
Serie regional histórica,Matemática,Perú,2018,Puntaje medio,,País,,400,,,puntos PISA,,"UMC-Minedu, Informe nacional PISA 2022",serie_regional_2009_2025.csv
Serie regional histórica,Matemática,Perú,2022,Puntaje medio,,País,,391,,,puntos PISA,,"UMC-Minedu, Informe nacional PISA 2022",serie_regional_2009_2025.csv
Serie regional histórica,Matemática,Perú,2025,Puntaje medio,,País,,382,,,puntos PISA,,"Minedu/UMC, Brochure resultados PISA 2025",serie_regional_2009_2025.csv
Serie regional histórica,Matemática,Rep. Dominicana,2015,Puntaje medio,,País,,328,,,puntos PISA,,"UMC-Minedu, Informe nacional PISA 2022",serie_regional_2009_2025.csv
Serie regional histórica,Matemática,Rep. Dominicana,2018,Puntaje medio,,País,,325,,,puntos PISA,,"UMC-Minedu, Informe nacional PISA 2022",serie_regional_2009_2025.csv
Serie regional histórica,Matemática,Rep. Dominicana,2022,Puntaje medio,,País,,339,,,puntos PISA,,"UMC-Minedu, Informe nacional PISA 2022",serie_regional_2009_2025.csv
Serie regional histórica,Matemática,Rep. Dominicana,2025,Puntaje medio,,País,,339,,,puntos PISA,,"Minedu/UMC, Brochure resultados PISA 2025",serie_regional_2009_2025.csv
Serie regional histórica,Matemática,Uruguay,2009,Puntaje medio,,País,,427,,,puntos PISA,,"UMC-Minedu, Informe nacional PISA 2022",serie_regional_2009_2025.csv
Serie regional histórica,Matemática,Uruguay,2012,Puntaje medio,,País,,409,,,puntos PISA,,"UMC-Minedu, Informe nacional PISA 2022",serie_regional_2009_2025.csv
Serie regional histórica,Matemática,Uruguay,2015,Puntaje medio,,País,,418,,,puntos PISA,,"UMC-Minedu, Informe nacional PISA 2022",serie_regional_2009_2025.csv
Serie regional histórica,Matemática,Uruguay,2018,Puntaje medio,,País,,418,,,puntos PISA,,"UMC-Minedu, Informe nacional PISA 2022",serie_regional_2009_2025.csv
Serie regional histórica,Matemática,Uruguay,2022,Puntaje medio,,País,,409,,,puntos PISA,,"UMC-Minedu, Informe nacional PISA 2022",serie_regional_2009_2025.csv
Serie regional histórica,Matemática,Uruguay,2025,Puntaje medio,,País,,405,,,puntos PISA,,"Minedu/UMC, Brochure resultados PISA 2025",serie_regional_2009_2025.csv
Serie regional histórica,Lectura,OCDE,2009,Puntaje medio,,Referencia OCDE,,490,,,puntos PISA,,"UMC-Minedu, Informe nacional PISA 2022",serie_regional_2009_2025.csv
Serie regional histórica,Lectura,OCDE,2012,Puntaje medio,,Referencia OCDE,,493,,,puntos PISA,,"UMC-Minedu, Informe nacional PISA 2022",serie_regional_2009_2025.csv
Serie regional histórica,Lectura,OCDE,2015,Puntaje medio,,Referencia OCDE,,490,,,puntos PISA,,"UMC-Minedu, Informe nacional PISA 2022",serie_regional_2009_2025.csv
Serie regional histórica,Lectura,OCDE,2018,Puntaje medio,,Referencia OCDE,,487,,,puntos PISA,,"UMC-Minedu, Informe nacional PISA 2022",serie_regional_2009_2025.csv
Serie regional histórica,Lectura,OCDE,2022,Puntaje medio,,Referencia OCDE,,476,,,puntos PISA,,"UMC-Minedu, Informe nacional PISA 2022",serie_regional_2009_2025.csv
Serie regional histórica,Lectura,OCDE,2025,Puntaje medio,,Referencia OCDE,,461,,,puntos PISA,,"Minedu/UMC, Brochure resultados PISA 2025",serie_regional_2009_2025.csv
Serie regional histórica,Lectura,Argentina,2009,Puntaje medio,,País,,398,,,puntos PISA,,"UMC-Minedu, Informe nacional PISA 2022",serie_regional_2009_2025.csv
Serie regional histórica,Lectura,Argentina,2012,Puntaje medio,,País,,396,,,puntos PISA,,"UMC-Minedu, Informe nacional PISA 2022",serie_regional_2009_2025.csv
Serie regional histórica,Lectura,Argentina,2018,Puntaje medio,,País,,402,,,puntos PISA,,"UMC-Minedu, Informe nacional PISA 2022",serie_regional_2009_2025.csv
Serie regional histórica,Lectura,Argentina,2022,Puntaje medio,,País,,401,,,puntos PISA,,"UMC-Minedu, Informe nacional PISA 2022",serie_regional_2009_2025.csv
Serie regional histórica,Lectura,Argentina,2025,Puntaje medio,,País,,389,,,puntos PISA,,"Minedu/UMC, Brochure resultados PISA 2025",serie_regional_2009_2025.csv
Serie regional histórica,Lectura,Brasil,2009,Puntaje medio,,País,,412,,,puntos PISA,,"UMC-Minedu, Informe nacional PISA 2022",serie_regional_2009_2025.csv
Serie regional histórica,Lectura,Brasil,2012,Puntaje medio,,País,,407,,,puntos PISA,,"UMC-Minedu, Informe nacional PISA 2022",serie_regional_2009_2025.csv
Serie regional histórica,Lectura,Brasil,2015,Puntaje medio,,País,,407,,,puntos PISA,,"UMC-Minedu, Informe nacional PISA 2022",serie_regional_2009_2025.csv
Serie regional histórica,Lectura,Brasil,2018,Puntaje medio,,País,,413,,,puntos PISA,,"UMC-Minedu, Informe nacional PISA 2022",serie_regional_2009_2025.csv
Serie regional histórica,Lectura,Brasil,2022,Puntaje medio,,País,,410,,,puntos PISA,,"UMC-Minedu, Informe nacional PISA 2022",serie_regional_2009_2025.csv
Serie regional histórica,Lectura,Brasil,2025,Puntaje medio,,País,,408,,,puntos PISA,,"Minedu/UMC, Brochure resultados PISA 2025",serie_regional_2009_2025.csv
Serie regional histórica,Lectura,Chile,2009,Puntaje medio,,País,,449,,,puntos PISA,,"UMC-Minedu, Informe nacional PISA 2022",serie_regional_2009_2025.csv
Serie regional histórica,Lectura,Chile,2012,Puntaje medio,,País,,441,,,puntos PISA,,"UMC-Minedu, Informe nacional PISA 2022",serie_regional_2009_2025.csv
Serie regional histórica,Lectura,Chile,2015,Puntaje medio,,País,,459,,,puntos PISA,,"UMC-Minedu, Informe nacional PISA 2022",serie_regional_2009_2025.csv
Serie regional histórica,Lectura,Chile,2018,Puntaje medio,,País,,452,,,puntos PISA,,"UMC-Minedu, Informe nacional PISA 2022",serie_regional_2009_2025.csv
Serie regional histórica,Lectura,Chile,2022,Puntaje medio,,País,,448,,,puntos PISA,,"UMC-Minedu, Informe nacional PISA 2022",serie_regional_2009_2025.csv
Serie regional histórica,Lectura,Chile,2025,Puntaje medio,,País,,436,,,puntos PISA,,"Minedu/UMC, Brochure resultados PISA 2025",serie_regional_2009_2025.csv
Serie regional histórica,Lectura,Colombia,2009,Puntaje medio,,País,,413,,,puntos PISA,,"UMC-Minedu, Informe nacional PISA 2022",serie_regional_2009_2025.csv
Serie regional histórica,Lectura,Colombia,2012,Puntaje medio,,País,,403,,,puntos PISA,,"UMC-Minedu, Informe nacional PISA 2022",serie_regional_2009_2025.csv
Serie regional histórica,Lectura,Colombia,2015,Puntaje medio,,País,,425,,,puntos PISA,,"UMC-Minedu, Informe nacional PISA 2022",serie_regional_2009_2025.csv
Serie regional histórica,Lectura,Colombia,2018,Puntaje medio,,País,,412,,,puntos PISA,,"UMC-Minedu, Informe nacional PISA 2022",serie_regional_2009_2025.csv
Serie regional histórica,Lectura,Colombia,2022,Puntaje medio,,País,,409,,,puntos PISA,,"UMC-Minedu, Informe nacional PISA 2022",serie_regional_2009_2025.csv
Serie regional histórica,Lectura,Colombia,2025,Puntaje medio,,País,,399,,,puntos PISA,,"Minedu/UMC, Brochure resultados PISA 2025",serie_regional_2009_2025.csv
Serie regional histórica,Lectura,Costa Rica,2009,Puntaje medio,,País,,443,,,puntos PISA,,"UMC-Minedu, Informe nacional PISA 2022",serie_regional_2009_2025.csv
Serie regional histórica,Lectura,Costa Rica,2012,Puntaje medio,,País,,441,,,puntos PISA,,"UMC-Minedu, Informe nacional PISA 2022",serie_regional_2009_2025.csv
Serie regional histórica,Lectura,Costa Rica,2015,Puntaje medio,,País,,427,,,puntos PISA,,"UMC-Minedu, Informe nacional PISA 2022",serie_regional_2009_2025.csv
Serie regional histórica,Lectura,Costa Rica,2018,Puntaje medio,,País,,426,,,puntos PISA,,"UMC-Minedu, Informe nacional PISA 2022",serie_regional_2009_2025.csv
Serie regional histórica,Lectura,Costa Rica,2022,Puntaje medio,,País,,415,,,puntos PISA,,"UMC-Minedu, Informe nacional PISA 2022",serie_regional_2009_2025.csv
Serie regional histórica,Lectura,Costa Rica,2025,Puntaje medio,,País,,416,,,puntos PISA,,"Minedu/UMC, Brochure resultados PISA 2025",serie_regional_2009_2025.csv
Serie regional histórica,Lectura,El Salvador,2022,Puntaje medio,,País,,365,,,puntos PISA,,"UMC-Minedu, Informe nacional PISA 2022",serie_regional_2009_2025.csv
Serie regional histórica,Lectura,El Salvador,2025,Puntaje medio,,País,,366,,,puntos PISA,,"Minedu/UMC, Brochure resultados PISA 2025",serie_regional_2009_2025.csv
Serie regional histórica,Lectura,Guatemala,2022,Puntaje medio,,País,,374,,,puntos PISA,,"UMC-Minedu, Informe nacional PISA 2022",serie_regional_2009_2025.csv
Serie regional histórica,Lectura,Guatemala,2025,Puntaje medio,,País,,337,,,puntos PISA,,"Minedu/UMC, Brochure resultados PISA 2025",serie_regional_2009_2025.csv
Serie regional histórica,Lectura,México,2009,Puntaje medio,,País,,425,,,puntos PISA,,"UMC-Minedu, Informe nacional PISA 2022",serie_regional_2009_2025.csv
Serie regional histórica,Lectura,México,2012,Puntaje medio,,País,,424,,,puntos PISA,,"UMC-Minedu, Informe nacional PISA 2022",serie_regional_2009_2025.csv
Serie regional histórica,Lectura,México,2015,Puntaje medio,,País,,423,,,puntos PISA,,"UMC-Minedu, Informe nacional PISA 2022",serie_regional_2009_2025.csv
Serie regional histórica,Lectura,México,2018,Puntaje medio,,País,,420,,,puntos PISA,,"UMC-Minedu, Informe nacional PISA 2022",serie_regional_2009_2025.csv
Serie regional histórica,Lectura,México,2022,Puntaje medio,,País,,415,,,puntos PISA,,"UMC-Minedu, Informe nacional PISA 2022",serie_regional_2009_2025.csv
Serie regional histórica,Lectura,México,2025,Puntaje medio,,País,,408,,,puntos PISA,,"Minedu/UMC, Brochure resultados PISA 2025",serie_regional_2009_2025.csv
Serie regional histórica,Lectura,Paraguay,2022,Puntaje medio,,País,,373,,,puntos PISA,,"UMC-Minedu, Informe nacional PISA 2022",serie_regional_2009_2025.csv
Serie regional histórica,Lectura,Paraguay,2025,Puntaje medio,,País,,352,,,puntos PISA,,"Minedu/UMC, Brochure resultados PISA 2025",serie_regional_2009_2025.csv
Serie regional histórica,Lectura,Perú,2009,Puntaje medio,,País,,370,,,puntos PISA,,"UMC-Minedu, Informe nacional PISA 2022",serie_regional_2009_2025.csv
Serie regional histórica,Lectura,Perú,2012,Puntaje medio,,País,,384,,,puntos PISA,,"UMC-Minedu, Informe nacional PISA 2022",serie_regional_2009_2025.csv
Serie regional histórica,Lectura,Perú,2015,Puntaje medio,,País,,398,,,puntos PISA,,"UMC-Minedu, Informe nacional PISA 2022",serie_regional_2009_2025.csv
Serie regional histórica,Lectura,Perú,2018,Puntaje medio,,País,,401,,,puntos PISA,,"UMC-Minedu, Informe nacional PISA 2022",serie_regional_2009_2025.csv
Serie regional histórica,Lectura,Perú,2022,Puntaje medio,,País,,408,,,puntos PISA,,"UMC-Minedu, Informe nacional PISA 2022",serie_regional_2009_2025.csv
Serie regional histórica,Lectura,Perú,2025,Puntaje medio,,País,,390,,,puntos PISA,,"Minedu/UMC, Brochure resultados PISA 2025",serie_regional_2009_2025.csv
Serie regional histórica,Lectura,Rep. Dominicana,2015,Puntaje medio,,País,,358,,,puntos PISA,,"UMC-Minedu, Informe nacional PISA 2022",serie_regional_2009_2025.csv
Serie regional histórica,Lectura,Rep. Dominicana,2018,Puntaje medio,,País,,342,,,puntos PISA,,"UMC-Minedu, Informe nacional PISA 2022",serie_regional_2009_2025.csv
Serie regional histórica,Lectura,Rep. Dominicana,2022,Puntaje medio,,País,,351,,,puntos PISA,,"UMC-Minedu, Informe nacional PISA 2022",serie_regional_2009_2025.csv
Serie regional histórica,Lectura,Rep. Dominicana,2025,Puntaje medio,,País,,346,,,puntos PISA,,"Minedu/UMC, Brochure resultados PISA 2025",serie_regional_2009_2025.csv
Serie regional histórica,Lectura,Uruguay,2009,Puntaje medio,,País,,426,,,puntos PISA,,"UMC-Minedu, Informe nacional PISA 2022",serie_regional_2009_2025.csv
Serie regional histórica,Lectura,Uruguay,2012,Puntaje medio,,País,,411,,,puntos PISA,,"UMC-Minedu, Informe nacional PISA 2022",serie_regional_2009_2025.csv
Serie regional histórica,Lectura,Uruguay,2015,Puntaje medio,,País,,437,,,puntos PISA,,"UMC-Minedu, Informe nacional PISA 2022",serie_regional_2009_2025.csv
Serie regional histórica,Lectura,Uruguay,2018,Puntaje medio,,País,,427,,,puntos PISA,,"UMC-Minedu, Informe nacional PISA 2022",serie_regional_2009_2025.csv
Serie regional histórica,Lectura,Uruguay,2022,Puntaje medio,,País,,430,,,puntos PISA,,"UMC-Minedu, Informe nacional PISA 2022",serie_regional_2009_2025.csv
Serie regional histórica,Lectura,Uruguay,2025,Puntaje medio,,País,,423,,,puntos PISA,,"Minedu/UMC, Brochure resultados PISA 2025",serie_regional_2009_2025.csv
Serie regional histórica,Ciencia,OCDE,2009,Puntaje medio,,Referencia OCDE,,498,,,puntos PISA,,"UMC-Minedu, Informe nacional PISA 2022",serie_regional_2009_2025.csv
Serie regional histórica,Ciencia,OCDE,2012,Puntaje medio,,Referencia OCDE,,498,,,puntos PISA,,"UMC-Minedu, Informe nacional PISA 2022",serie_regional_2009_2025.csv
Serie regional histórica,Ciencia,OCDE,2015,Puntaje medio,,Referencia OCDE,,491,,,puntos PISA,,"UMC-Minedu, Informe nacional PISA 2022",serie_regional_2009_2025.csv
Serie regional histórica,Ciencia,OCDE,2018,Puntaje medio,,Referencia OCDE,,489,,,puntos PISA,,"UMC-Minedu, Informe nacional PISA 2022",serie_regional_2009_2025.csv
Serie regional histórica,Ciencia,OCDE,2022,Puntaje medio,,Referencia OCDE,,485,,,puntos PISA,,"UMC-Minedu, Informe nacional PISA 2022",serie_regional_2009_2025.csv
Serie regional histórica,Ciencia,OCDE,2025,Puntaje medio,,Referencia OCDE,,482,,,puntos PISA,,"Minedu/UMC, Brochure resultados PISA 2025",serie_regional_2009_2025.csv
Serie regional histórica,Ciencia,Argentina,2009,Puntaje medio,,País,,401,,,puntos PISA,,"UMC-Minedu, Informe nacional PISA 2022",serie_regional_2009_2025.csv
Serie regional histórica,Ciencia,Argentina,2012,Puntaje medio,,País,,406,,,puntos PISA,,"UMC-Minedu, Informe nacional PISA 2022",serie_regional_2009_2025.csv
Serie regional histórica,Ciencia,Argentina,2018,Puntaje medio,,País,,404,,,puntos PISA,,"UMC-Minedu, Informe nacional PISA 2022",serie_regional_2009_2025.csv
Serie regional histórica,Ciencia,Argentina,2022,Puntaje medio,,País,,406,,,puntos PISA,,"UMC-Minedu, Informe nacional PISA 2022",serie_regional_2009_2025.csv
Serie regional histórica,Ciencia,Argentina,2025,Puntaje medio,,País,,393,,,puntos PISA,,"Minedu/UMC, Brochure resultados PISA 2025",serie_regional_2009_2025.csv
Serie regional histórica,Ciencia,Brasil,2009,Puntaje medio,,País,,405,,,puntos PISA,,"UMC-Minedu, Informe nacional PISA 2022",serie_regional_2009_2025.csv
Serie regional histórica,Ciencia,Brasil,2012,Puntaje medio,,País,,402,,,puntos PISA,,"UMC-Minedu, Informe nacional PISA 2022",serie_regional_2009_2025.csv
Serie regional histórica,Ciencia,Brasil,2015,Puntaje medio,,País,,401,,,puntos PISA,,"UMC-Minedu, Informe nacional PISA 2022",serie_regional_2009_2025.csv
Serie regional histórica,Ciencia,Brasil,2018,Puntaje medio,,País,,404,,,puntos PISA,,"UMC-Minedu, Informe nacional PISA 2022",serie_regional_2009_2025.csv
Serie regional histórica,Ciencia,Brasil,2022,Puntaje medio,,País,,403,,,puntos PISA,,"UMC-Minedu, Informe nacional PISA 2022",serie_regional_2009_2025.csv
Serie regional histórica,Ciencia,Brasil,2025,Puntaje medio,,País,,409,,,puntos PISA,,"Minedu/UMC, Brochure resultados PISA 2025",serie_regional_2009_2025.csv
Serie regional histórica,Ciencia,Chile,2009,Puntaje medio,,País,,447,,,puntos PISA,,"UMC-Minedu, Informe nacional PISA 2022",serie_regional_2009_2025.csv
Serie regional histórica,Ciencia,Chile,2012,Puntaje medio,,País,,445,,,puntos PISA,,"UMC-Minedu, Informe nacional PISA 2022",serie_regional_2009_2025.csv
Serie regional histórica,Ciencia,Chile,2015,Puntaje medio,,País,,447,,,puntos PISA,,"UMC-Minedu, Informe nacional PISA 2022",serie_regional_2009_2025.csv
Serie regional histórica,Ciencia,Chile,2018,Puntaje medio,,País,,444,,,puntos PISA,,"UMC-Minedu, Informe nacional PISA 2022",serie_regional_2009_2025.csv
Serie regional histórica,Ciencia,Chile,2022,Puntaje medio,,País,,444,,,puntos PISA,,"UMC-Minedu, Informe nacional PISA 2022",serie_regional_2009_2025.csv
Serie regional histórica,Ciencia,Chile,2025,Puntaje medio,,País,,442,,,puntos PISA,,"Minedu/UMC, Brochure resultados PISA 2025",serie_regional_2009_2025.csv
Serie regional histórica,Ciencia,Colombia,2009,Puntaje medio,,País,,402,,,puntos PISA,,"UMC-Minedu, Informe nacional PISA 2022",serie_regional_2009_2025.csv
Serie regional histórica,Ciencia,Colombia,2012,Puntaje medio,,País,,399,,,puntos PISA,,"UMC-Minedu, Informe nacional PISA 2022",serie_regional_2009_2025.csv
Serie regional histórica,Ciencia,Colombia,2015,Puntaje medio,,País,,416,,,puntos PISA,,"UMC-Minedu, Informe nacional PISA 2022",serie_regional_2009_2025.csv
Serie regional histórica,Ciencia,Colombia,2018,Puntaje medio,,País,,413,,,puntos PISA,,"UMC-Minedu, Informe nacional PISA 2022",serie_regional_2009_2025.csv
Serie regional histórica,Ciencia,Colombia,2022,Puntaje medio,,País,,411,,,puntos PISA,,"UMC-Minedu, Informe nacional PISA 2022",serie_regional_2009_2025.csv
Serie regional histórica,Ciencia,Colombia,2025,Puntaje medio,,País,,414,,,puntos PISA,,"Minedu/UMC, Brochure resultados PISA 2025",serie_regional_2009_2025.csv
Serie regional histórica,Ciencia,Costa Rica,2009,Puntaje medio,,País,,430,,,puntos PISA,,"UMC-Minedu, Informe nacional PISA 2022",serie_regional_2009_2025.csv
Serie regional histórica,Ciencia,Costa Rica,2012,Puntaje medio,,País,,429,,,puntos PISA,,"UMC-Minedu, Informe nacional PISA 2022",serie_regional_2009_2025.csv
Serie regional histórica,Ciencia,Costa Rica,2015,Puntaje medio,,País,,420,,,puntos PISA,,"UMC-Minedu, Informe nacional PISA 2022",serie_regional_2009_2025.csv
Serie regional histórica,Ciencia,Costa Rica,2018,Puntaje medio,,País,,416,,,puntos PISA,,"UMC-Minedu, Informe nacional PISA 2022",serie_regional_2009_2025.csv
Serie regional histórica,Ciencia,Costa Rica,2022,Puntaje medio,,País,,411,,,puntos PISA,,"UMC-Minedu, Informe nacional PISA 2022",serie_regional_2009_2025.csv
Serie regional histórica,Ciencia,Costa Rica,2025,Puntaje medio,,País,,424,,,puntos PISA,,"Minedu/UMC, Brochure resultados PISA 2025",serie_regional_2009_2025.csv
Serie regional histórica,Ciencia,El Salvador,2022,Puntaje medio,,País,,373,,,puntos PISA,,"UMC-Minedu, Informe nacional PISA 2022",serie_regional_2009_2025.csv
Serie regional histórica,Ciencia,El Salvador,2025,Puntaje medio,,País,,385,,,puntos PISA,,"Minedu/UMC, Brochure resultados PISA 2025",serie_regional_2009_2025.csv
Serie regional histórica,Ciencia,Guatemala,2022,Puntaje medio,,País,,373,,,puntos PISA,,"UMC-Minedu, Informe nacional PISA 2022",serie_regional_2009_2025.csv
Serie regional histórica,Ciencia,Guatemala,2025,Puntaje medio,,País,,351,,,puntos PISA,,"Minedu/UMC, Brochure resultados PISA 2025",serie_regional_2009_2025.csv
Serie regional histórica,Ciencia,México,2009,Puntaje medio,,País,,416,,,puntos PISA,,"UMC-Minedu, Informe nacional PISA 2022",serie_regional_2009_2025.csv
Serie regional histórica,Ciencia,México,2012,Puntaje medio,,País,,415,,,puntos PISA,,"UMC-Minedu, Informe nacional PISA 2022",serie_regional_2009_2025.csv
Serie regional histórica,Ciencia,México,2015,Puntaje medio,,País,,416,,,puntos PISA,,"UMC-Minedu, Informe nacional PISA 2022",serie_regional_2009_2025.csv
Serie regional histórica,Ciencia,México,2018,Puntaje medio,,País,,419,,,puntos PISA,,"UMC-Minedu, Informe nacional PISA 2022",serie_regional_2009_2025.csv
Serie regional histórica,Ciencia,México,2022,Puntaje medio,,País,,410,,,puntos PISA,,"UMC-Minedu, Informe nacional PISA 2022",serie_regional_2009_2025.csv
Serie regional histórica,Ciencia,México,2025,Puntaje medio,,País,,414,,,puntos PISA,,"Minedu/UMC, Brochure resultados PISA 2025",serie_regional_2009_2025.csv
Serie regional histórica,Ciencia,Paraguay,2022,Puntaje medio,,País,,368,,,puntos PISA,,"UMC-Minedu, Informe nacional PISA 2022",serie_regional_2009_2025.csv
Serie regional histórica,Ciencia,Paraguay,2025,Puntaje medio,,País,,355,,,puntos PISA,,"Minedu/UMC, Brochure resultados PISA 2025",serie_regional_2009_2025.csv
Serie regional histórica,Ciencia,Perú,2009,Puntaje medio,,País,,369,,,puntos PISA,,"UMC-Minedu, Informe nacional PISA 2022",serie_regional_2009_2025.csv
Serie regional histórica,Ciencia,Perú,2012,Puntaje medio,,País,,373,,,puntos PISA,,"UMC-Minedu, Informe nacional PISA 2022",serie_regional_2009_2025.csv
Serie regional histórica,Ciencia,Perú,2015,Puntaje medio,,País,,397,,,puntos PISA,,"UMC-Minedu, Informe nacional PISA 2022",serie_regional_2009_2025.csv
Serie regional histórica,Ciencia,Perú,2018,Puntaje medio,,País,,404,,,puntos PISA,,"UMC-Minedu, Informe nacional PISA 2022",serie_regional_2009_2025.csv
Serie regional histórica,Ciencia,Perú,2022,Puntaje medio,,País,,408,,,puntos PISA,,"UMC-Minedu, Informe nacional PISA 2022",serie_regional_2009_2025.csv
Serie regional histórica,Ciencia,Perú,2025,Puntaje medio,,País,,406,,,puntos PISA,,"Minedu/UMC, Brochure resultados PISA 2025",serie_regional_2009_2025.csv
Serie regional histórica,Ciencia,Rep. Dominicana,2015,Puntaje medio,,País,,332,,,puntos PISA,,"UMC-Minedu, Informe nacional PISA 2022",serie_regional_2009_2025.csv
Serie regional histórica,Ciencia,Rep. Dominicana,2018,Puntaje medio,,País,,336,,,puntos PISA,,"UMC-Minedu, Informe nacional PISA 2022",serie_regional_2009_2025.csv
Serie regional histórica,Ciencia,Rep. Dominicana,2022,Puntaje medio,,País,,360,,,puntos PISA,,"UMC-Minedu, Informe nacional PISA 2022",serie_regional_2009_2025.csv
Serie regional histórica,Ciencia,Rep. Dominicana,2025,Puntaje medio,,País,,361,,,puntos PISA,,"Minedu/UMC, Brochure resultados PISA 2025",serie_regional_2009_2025.csv
Serie regional histórica,Ciencia,Uruguay,2009,Puntaje medio,,País,,427,,,puntos PISA,,"UMC-Minedu, Informe nacional PISA 2022",serie_regional_2009_2025.csv
Serie regional histórica,Ciencia,Uruguay,2012,Puntaje medio,,País,,416,,,puntos PISA,,"UMC-Minedu, Informe nacional PISA 2022",serie_regional_2009_2025.csv
Serie regional histórica,Ciencia,Uruguay,2015,Puntaje medio,,País,,435,,,puntos PISA,,"UMC-Minedu, Informe nacional PISA 2022",serie_regional_2009_2025.csv
Serie regional histórica,Ciencia,Uruguay,2018,Puntaje medio,,País,,426,,,puntos PISA,,"UMC-Minedu, Informe nacional PISA 2022",serie_regional_2009_2025.csv
Serie regional histórica,Ciencia,Uruguay,2022,Puntaje medio,,País,,435,,,puntos PISA,,"UMC-Minedu, Informe nacional PISA 2022",serie_regional_2009_2025.csv
Serie regional histórica,Ciencia,Uruguay,2025,Puntaje medio,,País,,445,,,puntos PISA,,"Minedu/UMC, Brochure resultados PISA 2025",serie_regional_2009_2025.csv
Tendencia por estratos,Matemática,,2009,Puntaje medio por estrato,Nacional,Perú,,365,,,puntos PISA,,UMC PISA 2022 / Minedu Brochure PISA 2025,tendencia_estratos_2009_2025.csv
Tendencia por estratos,Matemática,,2012,Puntaje medio por estrato,Nacional,Perú,,368,,,puntos PISA,,UMC PISA 2022 / Minedu Brochure PISA 2025,tendencia_estratos_2009_2025.csv
Tendencia por estratos,Matemática,,2015,Puntaje medio por estrato,Nacional,Perú,,387,,,puntos PISA,,UMC PISA 2022 / Minedu Brochure PISA 2025,tendencia_estratos_2009_2025.csv
Tendencia por estratos,Matemática,,2018,Puntaje medio por estrato,Nacional,Perú,,400,,,puntos PISA,,UMC PISA 2022 / Minedu Brochure PISA 2025,tendencia_estratos_2009_2025.csv
Tendencia por estratos,Matemática,,2022,Puntaje medio por estrato,Nacional,Perú,,391,,,puntos PISA,,UMC PISA 2022 / Minedu Brochure PISA 2025,tendencia_estratos_2009_2025.csv
Tendencia por estratos,Matemática,,2025,Puntaje medio por estrato,Nacional,Perú,,382,,,puntos PISA,,UMC PISA 2022 / Minedu Brochure PISA 2025,tendencia_estratos_2009_2025.csv
Tendencia por estratos,Matemática,,2009,Puntaje medio por estrato,Sexo,Hombre,,374,,,puntos PISA,,UMC PISA 2022 / Minedu Brochure PISA 2025,tendencia_estratos_2009_2025.csv
Tendencia por estratos,Matemática,,2012,Puntaje medio por estrato,Sexo,Hombre,,378,,,puntos PISA,,UMC PISA 2022 / Minedu Brochure PISA 2025,tendencia_estratos_2009_2025.csv
Tendencia por estratos,Matemática,,2015,Puntaje medio por estrato,Sexo,Hombre,,391,,,puntos PISA,,UMC PISA 2022 / Minedu Brochure PISA 2025,tendencia_estratos_2009_2025.csv
Tendencia por estratos,Matemática,,2018,Puntaje medio por estrato,Sexo,Hombre,,408,,,puntos PISA,,UMC PISA 2022 / Minedu Brochure PISA 2025,tendencia_estratos_2009_2025.csv
Tendencia por estratos,Matemática,,2022,Puntaje medio por estrato,Sexo,Hombre,,399,,,puntos PISA,,UMC PISA 2022 / Minedu Brochure PISA 2025,tendencia_estratos_2009_2025.csv
Tendencia por estratos,Matemática,,2025,Puntaje medio por estrato,Sexo,Hombre,,389,,,puntos PISA,,UMC PISA 2022 / Minedu Brochure PISA 2025,tendencia_estratos_2009_2025.csv
Tendencia por estratos,Matemática,,2009,Puntaje medio por estrato,Sexo,Mujer,,356,,,puntos PISA,,UMC PISA 2022 / Minedu Brochure PISA 2025,tendencia_estratos_2009_2025.csv
Tendencia por estratos,Matemática,,2012,Puntaje medio por estrato,Sexo,Mujer,,359,,,puntos PISA,,UMC PISA 2022 / Minedu Brochure PISA 2025,tendencia_estratos_2009_2025.csv
Tendencia por estratos,Matemática,,2015,Puntaje medio por estrato,Sexo,Mujer,,382,,,puntos PISA,,UMC PISA 2022 / Minedu Brochure PISA 2025,tendencia_estratos_2009_2025.csv
Tendencia por estratos,Matemática,,2018,Puntaje medio por estrato,Sexo,Mujer,,392,,,puntos PISA,,UMC PISA 2022 / Minedu Brochure PISA 2025,tendencia_estratos_2009_2025.csv
Tendencia por estratos,Matemática,,2022,Puntaje medio por estrato,Sexo,Mujer,,384,,,puntos PISA,,UMC PISA 2022 / Minedu Brochure PISA 2025,tendencia_estratos_2009_2025.csv
Tendencia por estratos,Matemática,,2025,Puntaje medio por estrato,Sexo,Mujer,,376,,,puntos PISA,,UMC PISA 2022 / Minedu Brochure PISA 2025,tendencia_estratos_2009_2025.csv
Tendencia por estratos,Matemática,,2009,Puntaje medio por estrato,Gestión,Privada,,428,,,puntos PISA,,UMC PISA 2022 / Minedu Brochure PISA 2025,tendencia_estratos_2009_2025.csv
Tendencia por estratos,Matemática,,2012,Puntaje medio por estrato,Gestión,Privada,,422,,,puntos PISA,,UMC PISA 2022 / Minedu Brochure PISA 2025,tendencia_estratos_2009_2025.csv
Tendencia por estratos,Matemática,,2015,Puntaje medio por estrato,Gestión,Privada,,428,,,puntos PISA,,UMC PISA 2022 / Minedu Brochure PISA 2025,tendencia_estratos_2009_2025.csv
Tendencia por estratos,Matemática,,2018,Puntaje medio por estrato,Gestión,Privada,,450,,,puntos PISA,,UMC PISA 2022 / Minedu Brochure PISA 2025,tendencia_estratos_2009_2025.csv
Tendencia por estratos,Matemática,,2022,Puntaje medio por estrato,Gestión,Privada,,437,,,puntos PISA,,UMC PISA 2022 / Minedu Brochure PISA 2025,tendencia_estratos_2009_2025.csv
Tendencia por estratos,Matemática,,2025,Puntaje medio por estrato,Gestión,Privada,,425,,,puntos PISA,,UMC PISA 2022 / Minedu Brochure PISA 2025,tendencia_estratos_2009_2025.csv
Tendencia por estratos,Matemática,,2009,Puntaje medio por estrato,Gestión,Pública,,345,,,puntos PISA,,UMC PISA 2022 / Minedu Brochure PISA 2025,tendencia_estratos_2009_2025.csv
Tendencia por estratos,Matemática,,2012,Puntaje medio por estrato,Gestión,Pública,,350,,,puntos PISA,,UMC PISA 2022 / Minedu Brochure PISA 2025,tendencia_estratos_2009_2025.csv
Tendencia por estratos,Matemática,,2015,Puntaje medio por estrato,Gestión,Pública,,372,,,puntos PISA,,UMC PISA 2022 / Minedu Brochure PISA 2025,tendencia_estratos_2009_2025.csv
Tendencia por estratos,Matemática,,2018,Puntaje medio por estrato,Gestión,Pública,,383,,,puntos PISA,,UMC PISA 2022 / Minedu Brochure PISA 2025,tendencia_estratos_2009_2025.csv
Tendencia por estratos,Matemática,,2022,Puntaje medio por estrato,Gestión,Pública,,375,,,puntos PISA,,UMC PISA 2022 / Minedu Brochure PISA 2025,tendencia_estratos_2009_2025.csv
Tendencia por estratos,Matemática,,2025,Puntaje medio por estrato,Gestión,Pública,,366,,,puntos PISA,,UMC PISA 2022 / Minedu Brochure PISA 2025,tendencia_estratos_2009_2025.csv
Tendencia por estratos,Matemática,,2009,Puntaje medio por estrato,Área,Urbana,,377,,,puntos PISA,Ruptura metodológica entre 2018 y 2022 por cambio de definición de ruralidad,UMC PISA 2022 / Minedu Brochure PISA 2025,tendencia_estratos_2009_2025.csv
Tendencia por estratos,Matemática,,2012,Puntaje medio por estrato,Área,Urbana,,376,,,puntos PISA,Ruptura metodológica entre 2018 y 2022 por cambio de definición de ruralidad,UMC PISA 2022 / Minedu Brochure PISA 2025,tendencia_estratos_2009_2025.csv
Tendencia por estratos,Matemática,,2015,Puntaje medio por estrato,Área,Urbana,,393,,,puntos PISA,Ruptura metodológica entre 2018 y 2022 por cambio de definición de ruralidad,UMC PISA 2022 / Minedu Brochure PISA 2025,tendencia_estratos_2009_2025.csv
Tendencia por estratos,Matemática,,2018,Puntaje medio por estrato,Área,Urbana,,407,,,puntos PISA,Ruptura metodológica entre 2018 y 2022 por cambio de definición de ruralidad,UMC PISA 2022 / Minedu Brochure PISA 2025,tendencia_estratos_2009_2025.csv
Tendencia por estratos,Matemática,,2022,Puntaje medio por estrato,Área,Urbana,,401,,,puntos PISA,Ruptura metodológica entre 2018 y 2022 por cambio de definición de ruralidad,UMC PISA 2022 / Minedu Brochure PISA 2025,tendencia_estratos_2009_2025.csv
Tendencia por estratos,Matemática,,2025,Puntaje medio por estrato,Área,Urbana,,392,,,puntos PISA,Ruptura metodológica entre 2018 y 2022 por cambio de definición de ruralidad,UMC PISA 2022 / Minedu Brochure PISA 2025,tendencia_estratos_2009_2025.csv
Tendencia por estratos,Matemática,,2009,Puntaje medio por estrato,Área,Rural,,291,,,puntos PISA,Ruptura metodológica entre 2018 y 2022 por cambio de definición de ruralidad,UMC PISA 2022 / Minedu Brochure PISA 2025,tendencia_estratos_2009_2025.csv
Tendencia por estratos,Matemática,,2012,Puntaje medio por estrato,Área,Rural,,302,,,puntos PISA,Ruptura metodológica entre 2018 y 2022 por cambio de definición de ruralidad,UMC PISA 2022 / Minedu Brochure PISA 2025,tendencia_estratos_2009_2025.csv
Tendencia por estratos,Matemática,,2015,Puntaje medio por estrato,Área,Rural,,327,,,puntos PISA,Ruptura metodológica entre 2018 y 2022 por cambio de definición de ruralidad,UMC PISA 2022 / Minedu Brochure PISA 2025,tendencia_estratos_2009_2025.csv
Tendencia por estratos,Matemática,,2018,Puntaje medio por estrato,Área,Rural,,334,,,puntos PISA,Ruptura metodológica entre 2018 y 2022 por cambio de definición de ruralidad,UMC PISA 2022 / Minedu Brochure PISA 2025,tendencia_estratos_2009_2025.csv
Tendencia por estratos,Matemática,,2022,Puntaje medio por estrato,Área,Rural,,345,,,puntos PISA,Ruptura metodológica entre 2018 y 2022 por cambio de definición de ruralidad,UMC PISA 2022 / Minedu Brochure PISA 2025,tendencia_estratos_2009_2025.csv
Tendencia por estratos,Matemática,,2025,Puntaje medio por estrato,Área,Rural,,343,,,puntos PISA,Ruptura metodológica entre 2018 y 2022 por cambio de definición de ruralidad,UMC PISA 2022 / Minedu Brochure PISA 2025,tendencia_estratos_2009_2025.csv
Tendencia por estratos,Lectura,,2009,Puntaje medio por estrato,Nacional,Perú,,370,,,puntos PISA,,UMC PISA 2022 / Minedu Brochure PISA 2025,tendencia_estratos_2009_2025.csv
Tendencia por estratos,Lectura,,2012,Puntaje medio por estrato,Nacional,Perú,,384,,,puntos PISA,,UMC PISA 2022 / Minedu Brochure PISA 2025,tendencia_estratos_2009_2025.csv
Tendencia por estratos,Lectura,,2015,Puntaje medio por estrato,Nacional,Perú,,398,,,puntos PISA,,UMC PISA 2022 / Minedu Brochure PISA 2025,tendencia_estratos_2009_2025.csv
Tendencia por estratos,Lectura,,2018,Puntaje medio por estrato,Nacional,Perú,,401,,,puntos PISA,,UMC PISA 2022 / Minedu Brochure PISA 2025,tendencia_estratos_2009_2025.csv
Tendencia por estratos,Lectura,,2022,Puntaje medio por estrato,Nacional,Perú,,408,,,puntos PISA,,UMC PISA 2022 / Minedu Brochure PISA 2025,tendencia_estratos_2009_2025.csv
Tendencia por estratos,Lectura,,2025,Puntaje medio por estrato,Nacional,Perú,,390,,,puntos PISA,,UMC PISA 2022 / Minedu Brochure PISA 2025,tendencia_estratos_2009_2025.csv
Tendencia por estratos,Lectura,,2009,Puntaje medio por estrato,Sexo,Hombre,,359,,,puntos PISA,,UMC PISA 2022 / Minedu Brochure PISA 2025,tendencia_estratos_2009_2025.csv
Tendencia por estratos,Lectura,,2012,Puntaje medio por estrato,Sexo,Hombre,,373,,,puntos PISA,,UMC PISA 2022 / Minedu Brochure PISA 2025,tendencia_estratos_2009_2025.csv
Tendencia por estratos,Lectura,,2015,Puntaje medio por estrato,Sexo,Hombre,,394,,,puntos PISA,,UMC PISA 2022 / Minedu Brochure PISA 2025,tendencia_estratos_2009_2025.csv
Tendencia por estratos,Lectura,,2018,Puntaje medio por estrato,Sexo,Hombre,,395,,,puntos PISA,,UMC PISA 2022 / Minedu Brochure PISA 2025,tendencia_estratos_2009_2025.csv
Tendencia por estratos,Lectura,,2022,Puntaje medio por estrato,Sexo,Hombre,,404,,,puntos PISA,,UMC PISA 2022 / Minedu Brochure PISA 2025,tendencia_estratos_2009_2025.csv
Tendencia por estratos,Lectura,,2025,Puntaje medio por estrato,Sexo,Hombre,,382,,,puntos PISA,,UMC PISA 2022 / Minedu Brochure PISA 2025,tendencia_estratos_2009_2025.csv
Tendencia por estratos,Lectura,,2009,Puntaje medio por estrato,Sexo,Mujer,,381,,,puntos PISA,,UMC PISA 2022 / Minedu Brochure PISA 2025,tendencia_estratos_2009_2025.csv
Tendencia por estratos,Lectura,,2012,Puntaje medio por estrato,Sexo,Mujer,,395,,,puntos PISA,,UMC PISA 2022 / Minedu Brochure PISA 2025,tendencia_estratos_2009_2025.csv
Tendencia por estratos,Lectura,,2015,Puntaje medio por estrato,Sexo,Mujer,,401,,,puntos PISA,,UMC PISA 2022 / Minedu Brochure PISA 2025,tendencia_estratos_2009_2025.csv
Tendencia por estratos,Lectura,,2018,Puntaje medio por estrato,Sexo,Mujer,,406,,,puntos PISA,,UMC PISA 2022 / Minedu Brochure PISA 2025,tendencia_estratos_2009_2025.csv
Tendencia por estratos,Lectura,,2022,Puntaje medio por estrato,Sexo,Mujer,,412,,,puntos PISA,,UMC PISA 2022 / Minedu Brochure PISA 2025,tendencia_estratos_2009_2025.csv
Tendencia por estratos,Lectura,,2025,Puntaje medio por estrato,Sexo,Mujer,,399,,,puntos PISA,,UMC PISA 2022 / Minedu Brochure PISA 2025,tendencia_estratos_2009_2025.csv
Tendencia por estratos,Lectura,,2009,Puntaje medio por estrato,Gestión,Privada,,435,,,puntos PISA,,UMC PISA 2022 / Minedu Brochure PISA 2025,tendencia_estratos_2009_2025.csv
Tendencia por estratos,Lectura,,2012,Puntaje medio por estrato,Gestión,Privada,,436,,,puntos PISA,,UMC PISA 2022 / Minedu Brochure PISA 2025,tendencia_estratos_2009_2025.csv
Tendencia por estratos,Lectura,,2015,Puntaje medio por estrato,Gestión,Privada,,447,,,puntos PISA,,UMC PISA 2022 / Minedu Brochure PISA 2025,tendencia_estratos_2009_2025.csv
Tendencia por estratos,Lectura,,2018,Puntaje medio por estrato,Gestión,Privada,,457,,,puntos PISA,,UMC PISA 2022 / Minedu Brochure PISA 2025,tendencia_estratos_2009_2025.csv
Tendencia por estratos,Lectura,,2022,Puntaje medio por estrato,Gestión,Privada,,457,,,puntos PISA,,UMC PISA 2022 / Minedu Brochure PISA 2025,tendencia_estratos_2009_2025.csv
Tendencia por estratos,Lectura,,2025,Puntaje medio por estrato,Gestión,Privada,,435,,,puntos PISA,,UMC PISA 2022 / Minedu Brochure PISA 2025,tendencia_estratos_2009_2025.csv
Tendencia por estratos,Lectura,,2009,Puntaje medio por estrato,Gestión,Pública,,348,,,puntos PISA,,UMC PISA 2022 / Minedu Brochure PISA 2025,tendencia_estratos_2009_2025.csv
Tendencia por estratos,Lectura,,2012,Puntaje medio por estrato,Gestión,Pública,,367,,,puntos PISA,,UMC PISA 2022 / Minedu Brochure PISA 2025,tendencia_estratos_2009_2025.csv
Tendencia por estratos,Lectura,,2015,Puntaje medio por estrato,Gestión,Pública,,380,,,puntos PISA,,UMC PISA 2022 / Minedu Brochure PISA 2025,tendencia_estratos_2009_2025.csv
Tendencia por estratos,Lectura,,2018,Puntaje medio por estrato,Gestión,Pública,,381,,,puntos PISA,,UMC PISA 2022 / Minedu Brochure PISA 2025,tendencia_estratos_2009_2025.csv
Tendencia por estratos,Lectura,,2022,Puntaje medio por estrato,Gestión,Pública,,391,,,puntos PISA,,UMC PISA 2022 / Minedu Brochure PISA 2025,tendencia_estratos_2009_2025.csv
Tendencia por estratos,Lectura,,2025,Puntaje medio por estrato,Gestión,Pública,,373,,,puntos PISA,,UMC PISA 2022 / Minedu Brochure PISA 2025,tendencia_estratos_2009_2025.csv
Tendencia por estratos,Lectura,,2009,Puntaje medio por estrato,Área,Urbana,,382,,,puntos PISA,Ruptura metodológica entre 2018 y 2022 por cambio de definición de ruralidad,UMC PISA 2022 / Minedu Brochure PISA 2025,tendencia_estratos_2009_2025.csv
Tendencia por estratos,Lectura,,2012,Puntaje medio por estrato,Área,Urbana,,393,,,puntos PISA,Ruptura metodológica entre 2018 y 2022 por cambio de definición de ruralidad,UMC PISA 2022 / Minedu Brochure PISA 2025,tendencia_estratos_2009_2025.csv
Tendencia por estratos,Lectura,,2015,Puntaje medio por estrato,Área,Urbana,,407,,,puntos PISA,Ruptura metodológica entre 2018 y 2022 por cambio de definición de ruralidad,UMC PISA 2022 / Minedu Brochure PISA 2025,tendencia_estratos_2009_2025.csv
Tendencia por estratos,Lectura,,2018,Puntaje medio por estrato,Área,Urbana,,418,,,puntos PISA,Ruptura metodológica entre 2018 y 2022 por cambio de definición de ruralidad,UMC PISA 2022 / Minedu Brochure PISA 2025,tendencia_estratos_2009_2025.csv
Tendencia por estratos,Lectura,,2022,Puntaje medio por estrato,Área,Urbana,,421,,,puntos PISA,Ruptura metodológica entre 2018 y 2022 por cambio de definición de ruralidad,UMC PISA 2022 / Minedu Brochure PISA 2025,tendencia_estratos_2009_2025.csv
Tendencia por estratos,Lectura,,2025,Puntaje medio por estrato,Área,Urbana,,402,,,puntos PISA,Ruptura metodológica entre 2018 y 2022 por cambio de definición de ruralidad,UMC PISA 2022 / Minedu Brochure PISA 2025,tendencia_estratos_2009_2025.csv
Tendencia por estratos,Lectura,,2009,Puntaje medio por estrato,Área,Rural,,291,,,puntos PISA,Ruptura metodológica entre 2018 y 2022 por cambio de definición de ruralidad,UMC PISA 2022 / Minedu Brochure PISA 2025,tendencia_estratos_2009_2025.csv
Tendencia por estratos,Lectura,,2012,Puntaje medio por estrato,Área,Rural,,303,,,puntos PISA,Ruptura metodológica entre 2018 y 2022 por cambio de definición de ruralidad,UMC PISA 2022 / Minedu Brochure PISA 2025,tendencia_estratos_2009_2025.csv
Tendencia por estratos,Lectura,,2015,Puntaje medio por estrato,Área,Rural,,314,,,puntos PISA,Ruptura metodológica entre 2018 y 2022 por cambio de definición de ruralidad,UMC PISA 2022 / Minedu Brochure PISA 2025,tendencia_estratos_2009_2025.csv
Tendencia por estratos,Lectura,,2018,Puntaje medio por estrato,Área,Rural,,323,,,puntos PISA,Ruptura metodológica entre 2018 y 2022 por cambio de definición de ruralidad,UMC PISA 2022 / Minedu Brochure PISA 2025,tendencia_estratos_2009_2025.csv
Tendencia por estratos,Lectura,,2022,Puntaje medio por estrato,Área,Rural,,349,,,puntos PISA,Ruptura metodológica entre 2018 y 2022 por cambio de definición de ruralidad,UMC PISA 2022 / Minedu Brochure PISA 2025,tendencia_estratos_2009_2025.csv
Tendencia por estratos,Lectura,,2025,Puntaje medio por estrato,Área,Rural,,338,,,puntos PISA,Ruptura metodológica entre 2018 y 2022 por cambio de definición de ruralidad,UMC PISA 2022 / Minedu Brochure PISA 2025,tendencia_estratos_2009_2025.csv
Tendencia por estratos,Ciencia,,2009,Puntaje medio por estrato,Nacional,Perú,,369,,,puntos PISA,,UMC PISA 2022 / Minedu Brochure PISA 2025,tendencia_estratos_2009_2025.csv
Tendencia por estratos,Ciencia,,2012,Puntaje medio por estrato,Nacional,Perú,,373,,,puntos PISA,,UMC PISA 2022 / Minedu Brochure PISA 2025,tendencia_estratos_2009_2025.csv
Tendencia por estratos,Ciencia,,2015,Puntaje medio por estrato,Nacional,Perú,,397,,,puntos PISA,,UMC PISA 2022 / Minedu Brochure PISA 2025,tendencia_estratos_2009_2025.csv
Tendencia por estratos,Ciencia,,2018,Puntaje medio por estrato,Nacional,Perú,,404,,,puntos PISA,,UMC PISA 2022 / Minedu Brochure PISA 2025,tendencia_estratos_2009_2025.csv
Tendencia por estratos,Ciencia,,2022,Puntaje medio por estrato,Nacional,Perú,,408,,,puntos PISA,,UMC PISA 2022 / Minedu Brochure PISA 2025,tendencia_estratos_2009_2025.csv
Tendencia por estratos,Ciencia,,2025,Puntaje medio por estrato,Nacional,Perú,,406,,,puntos PISA,,UMC PISA 2022 / Minedu Brochure PISA 2025,tendencia_estratos_2009_2025.csv
Tendencia por estratos,Ciencia,,2009,Puntaje medio por estrato,Sexo,Hombre,,372,,,puntos PISA,,UMC PISA 2022 / Minedu Brochure PISA 2025,tendencia_estratos_2009_2025.csv
Tendencia por estratos,Ciencia,,2012,Puntaje medio por estrato,Sexo,Hombre,,376,,,puntos PISA,,UMC PISA 2022 / Minedu Brochure PISA 2025,tendencia_estratos_2009_2025.csv
Tendencia por estratos,Ciencia,,2015,Puntaje medio por estrato,Sexo,Hombre,,402,,,puntos PISA,,UMC PISA 2022 / Minedu Brochure PISA 2025,tendencia_estratos_2009_2025.csv
Tendencia por estratos,Ciencia,,2018,Puntaje medio por estrato,Sexo,Hombre,,411,,,puntos PISA,,UMC PISA 2022 / Minedu Brochure PISA 2025,tendencia_estratos_2009_2025.csv
Tendencia por estratos,Ciencia,,2022,Puntaje medio por estrato,Sexo,Hombre,,415,,,puntos PISA,,UMC PISA 2022 / Minedu Brochure PISA 2025,tendencia_estratos_2009_2025.csv
Tendencia por estratos,Ciencia,,2025,Puntaje medio por estrato,Sexo,Hombre,,411,,,puntos PISA,,UMC PISA 2022 / Minedu Brochure PISA 2025,tendencia_estratos_2009_2025.csv
Tendencia por estratos,Ciencia,,2009,Puntaje medio por estrato,Sexo,Mujer,,367,,,puntos PISA,,UMC PISA 2022 / Minedu Brochure PISA 2025,tendencia_estratos_2009_2025.csv
Tendencia por estratos,Ciencia,,2012,Puntaje medio por estrato,Sexo,Mujer,,370,,,puntos PISA,,UMC PISA 2022 / Minedu Brochure PISA 2025,tendencia_estratos_2009_2025.csv
Tendencia por estratos,Ciencia,,2015,Puntaje medio por estrato,Sexo,Mujer,,392,,,puntos PISA,,UMC PISA 2022 / Minedu Brochure PISA 2025,tendencia_estratos_2009_2025.csv
Tendencia por estratos,Ciencia,,2018,Puntaje medio por estrato,Sexo,Mujer,,397,,,puntos PISA,,UMC PISA 2022 / Minedu Brochure PISA 2025,tendencia_estratos_2009_2025.csv
Tendencia por estratos,Ciencia,,2022,Puntaje medio por estrato,Sexo,Mujer,,401,,,puntos PISA,,UMC PISA 2022 / Minedu Brochure PISA 2025,tendencia_estratos_2009_2025.csv
Tendencia por estratos,Ciencia,,2025,Puntaje medio por estrato,Sexo,Mujer,,400,,,puntos PISA,,UMC PISA 2022 / Minedu Brochure PISA 2025,tendencia_estratos_2009_2025.csv
Tendencia por estratos,Ciencia,,2009,Puntaje medio por estrato,Gestión,Privada,,429,,,puntos PISA,,UMC PISA 2022 / Minedu Brochure PISA 2025,tendencia_estratos_2009_2025.csv
Tendencia por estratos,Ciencia,,2012,Puntaje medio por estrato,Gestión,Privada,,417,,,puntos PISA,,UMC PISA 2022 / Minedu Brochure PISA 2025,tendencia_estratos_2009_2025.csv
Tendencia por estratos,Ciencia,,2015,Puntaje medio por estrato,Gestión,Privada,,438,,,puntos PISA,,UMC PISA 2022 / Minedu Brochure PISA 2025,tendencia_estratos_2009_2025.csv
Tendencia por estratos,Ciencia,,2018,Puntaje medio por estrato,Gestión,Privada,,452,,,puntos PISA,,UMC PISA 2022 / Minedu Brochure PISA 2025,tendencia_estratos_2009_2025.csv
Tendencia por estratos,Ciencia,,2022,Puntaje medio por estrato,Gestión,Privada,,454,,,puntos PISA,,UMC PISA 2022 / Minedu Brochure PISA 2025,tendencia_estratos_2009_2025.csv
Tendencia por estratos,Ciencia,,2025,Puntaje medio por estrato,Gestión,Privada,,447,,,puntos PISA,,UMC PISA 2022 / Minedu Brochure PISA 2025,tendencia_estratos_2009_2025.csv
Tendencia por estratos,Ciencia,,2009,Puntaje medio por estrato,Gestión,Pública,,350,,,puntos PISA,,UMC PISA 2022 / Minedu Brochure PISA 2025,tendencia_estratos_2009_2025.csv
Tendencia por estratos,Ciencia,,2012,Puntaje medio por estrato,Gestión,Pública,,358,,,puntos PISA,,UMC PISA 2022 / Minedu Brochure PISA 2025,tendencia_estratos_2009_2025.csv
Tendencia por estratos,Ciencia,,2015,Puntaje medio por estrato,Gestión,Pública,,382,,,puntos PISA,,UMC PISA 2022 / Minedu Brochure PISA 2025,tendencia_estratos_2009_2025.csv
Tendencia por estratos,Ciencia,,2018,Puntaje medio por estrato,Gestión,Pública,,388,,,puntos PISA,,UMC PISA 2022 / Minedu Brochure PISA 2025,tendencia_estratos_2009_2025.csv
Tendencia por estratos,Ciencia,,2022,Puntaje medio por estrato,Gestión,Pública,,392,,,puntos PISA,,UMC PISA 2022 / Minedu Brochure PISA 2025,tendencia_estratos_2009_2025.csv
Tendencia por estratos,Ciencia,,2025,Puntaje medio por estrato,Gestión,Pública,,390,,,puntos PISA,,UMC PISA 2022 / Minedu Brochure PISA 2025,tendencia_estratos_2009_2025.csv
Tendencia por estratos,Ciencia,,2009,Puntaje medio por estrato,Área,Urbana,,380,,,puntos PISA,Ruptura metodológica entre 2018 y 2022 por cambio de definición de ruralidad,UMC PISA 2022 / Minedu Brochure PISA 2025,tendencia_estratos_2009_2025.csv
Tendencia por estratos,Ciencia,,2012,Puntaje medio por estrato,Área,Urbana,,380,,,puntos PISA,Ruptura metodológica entre 2018 y 2022 por cambio de definición de ruralidad,UMC PISA 2022 / Minedu Brochure PISA 2025,tendencia_estratos_2009_2025.csv
Tendencia por estratos,Ciencia,,2015,Puntaje medio por estrato,Área,Urbana,,404,,,puntos PISA,Ruptura metodológica entre 2018 y 2022 por cambio de definición de ruralidad,UMC PISA 2022 / Minedu Brochure PISA 2025,tendencia_estratos_2009_2025.csv
Tendencia por estratos,Ciencia,,2018,Puntaje medio por estrato,Área,Urbana,,411,,,puntos PISA,Ruptura metodológica entre 2018 y 2022 por cambio de definición de ruralidad,UMC PISA 2022 / Minedu Brochure PISA 2025,tendencia_estratos_2009_2025.csv
Tendencia por estratos,Ciencia,,2022,Puntaje medio por estrato,Área,Urbana,,418,,,puntos PISA,Ruptura metodológica entre 2018 y 2022 por cambio de definición de ruralidad,UMC PISA 2022 / Minedu Brochure PISA 2025,tendencia_estratos_2009_2025.csv
Tendencia por estratos,Ciencia,,2025,Puntaje medio por estrato,Área,Urbana,,416,,,puntos PISA,Ruptura metodológica entre 2018 y 2022 por cambio de definición de ruralidad,UMC PISA 2022 / Minedu Brochure PISA 2025,tendencia_estratos_2009_2025.csv
Tendencia por estratos,Ciencia,,2009,Puntaje medio por estrato,Área,Rural,,300,,,puntos PISA,Ruptura metodológica entre 2018 y 2022 por cambio de definición de ruralidad,UMC PISA 2022 / Minedu Brochure PISA 2025,tendencia_estratos_2009_2025.csv
Tendencia por estratos,Ciencia,,2012,Puntaje medio por estrato,Área,Rural,,311,,,puntos PISA,Ruptura metodológica entre 2018 y 2022 por cambio de definición de ruralidad,UMC PISA 2022 / Minedu Brochure PISA 2025,tendencia_estratos_2009_2025.csv
Tendencia por estratos,Ciencia,,2015,Puntaje medio por estrato,Área,Rural,,334,,,puntos PISA,Ruptura metodológica entre 2018 y 2022 por cambio de definición de ruralidad,UMC PISA 2022 / Minedu Brochure PISA 2025,tendencia_estratos_2009_2025.csv
Tendencia por estratos,Ciencia,,2018,Puntaje medio por estrato,Área,Rural,,343,,,puntos PISA,Ruptura metodológica entre 2018 y 2022 por cambio de definición de ruralidad,UMC PISA 2022 / Minedu Brochure PISA 2025,tendencia_estratos_2009_2025.csv
Tendencia por estratos,Ciencia,,2022,Puntaje medio por estrato,Área,Rural,,359,,,puntos PISA,Ruptura metodológica entre 2018 y 2022 por cambio de definición de ruralidad,UMC PISA 2022 / Minedu Brochure PISA 2025,tendencia_estratos_2009_2025.csv
Tendencia por estratos,Ciencia,,2025,Puntaje medio por estrato,Área,Rural,,361,,,puntos PISA,Ruptura metodológica entre 2018 y 2022 por cambio de definición de ruralidad,UMC PISA 2022 / Minedu Brochure PISA 2025,tendencia_estratos_2009_2025.csv
Evolución de brechas,Matemática,,2009,Brecha entre grupos,Sexo,Hombre - Mujer,,18,,,puntos PISA,,,evolucion_brechas_2009_2025.csv
Evolución de brechas,Matemática,,2012,Brecha entre grupos,Sexo,Hombre - Mujer,,19,,,puntos PISA,,,evolucion_brechas_2009_2025.csv
Evolución de brechas,Matemática,,2015,Brecha entre grupos,Sexo,Hombre - Mujer,,9,,,puntos PISA,,,evolucion_brechas_2009_2025.csv
Evolución de brechas,Matemática,,2018,Brecha entre grupos,Sexo,Hombre - Mujer,,16,,,puntos PISA,,,evolucion_brechas_2009_2025.csv
Evolución de brechas,Matemática,,2022,Brecha entre grupos,Sexo,Hombre - Mujer,,15,,,puntos PISA,,,evolucion_brechas_2009_2025.csv
Evolución de brechas,Matemática,,2025,Brecha entre grupos,Sexo,Hombre - Mujer,,13,,,puntos PISA,,,evolucion_brechas_2009_2025.csv
Evolución de brechas,Matemática,,2009,Brecha entre grupos,Gestión,Privada - Pública,,83,,,puntos PISA,,,evolucion_brechas_2009_2025.csv
Evolución de brechas,Matemática,,2012,Brecha entre grupos,Gestión,Privada - Pública,,72,,,puntos PISA,,,evolucion_brechas_2009_2025.csv
Evolución de brechas,Matemática,,2015,Brecha entre grupos,Gestión,Privada - Pública,,56,,,puntos PISA,,,evolucion_brechas_2009_2025.csv
Evolución de brechas,Matemática,,2018,Brecha entre grupos,Gestión,Privada - Pública,,67,,,puntos PISA,,,evolucion_brechas_2009_2025.csv
Evolución de brechas,Matemática,,2022,Brecha entre grupos,Gestión,Privada - Pública,,62,,,puntos PISA,,,evolucion_brechas_2009_2025.csv
Evolución de brechas,Matemática,,2025,Brecha entre grupos,Gestión,Privada - Pública,,59,,,puntos PISA,,,evolucion_brechas_2009_2025.csv
Evolución de brechas,Matemática,,2009,Brecha entre grupos,Área,Urbana - Rural,,86,,,puntos PISA,,,evolucion_brechas_2009_2025.csv
Evolución de brechas,Matemática,,2012,Brecha entre grupos,Área,Urbana - Rural,,74,,,puntos PISA,,,evolucion_brechas_2009_2025.csv
Evolución de brechas,Matemática,,2015,Brecha entre grupos,Área,Urbana - Rural,,66,,,puntos PISA,,,evolucion_brechas_2009_2025.csv
Evolución de brechas,Matemática,,2018,Brecha entre grupos,Área,Urbana - Rural,,73,,,puntos PISA,No comparar 2018 vs 2022 de forma directa,,evolucion_brechas_2009_2025.csv
Evolución de brechas,Matemática,,2022,Brecha entre grupos,Área,Urbana - Rural,,56,,,puntos PISA,No comparar 2018 vs 2022 de forma directa,,evolucion_brechas_2009_2025.csv
Evolución de brechas,Matemática,,2025,Brecha entre grupos,Área,Urbana - Rural,,49,,,puntos PISA,,,evolucion_brechas_2009_2025.csv
Evolución de brechas,Lectura,,2009,Brecha entre grupos,Sexo,Hombre - Mujer,,-22,,,puntos PISA,,,evolucion_brechas_2009_2025.csv
Evolución de brechas,Lectura,,2012,Brecha entre grupos,Sexo,Hombre - Mujer,,-22,,,puntos PISA,,,evolucion_brechas_2009_2025.csv
Evolución de brechas,Lectura,,2015,Brecha entre grupos,Sexo,Hombre - Mujer,,-7,,,puntos PISA,,,evolucion_brechas_2009_2025.csv
Evolución de brechas,Lectura,,2018,Brecha entre grupos,Sexo,Hombre - Mujer,,-11,,,puntos PISA,,,evolucion_brechas_2009_2025.csv
Evolución de brechas,Lectura,,2022,Brecha entre grupos,Sexo,Hombre - Mujer,,-8,,,puntos PISA,,,evolucion_brechas_2009_2025.csv
Evolución de brechas,Lectura,,2025,Brecha entre grupos,Sexo,Hombre - Mujer,,-17,,,puntos PISA,,,evolucion_brechas_2009_2025.csv
Evolución de brechas,Lectura,,2009,Brecha entre grupos,Gestión,Privada - Pública,,87,,,puntos PISA,,,evolucion_brechas_2009_2025.csv
Evolución de brechas,Lectura,,2012,Brecha entre grupos,Gestión,Privada - Pública,,69,,,puntos PISA,,,evolucion_brechas_2009_2025.csv
Evolución de brechas,Lectura,,2015,Brecha entre grupos,Gestión,Privada - Pública,,67,,,puntos PISA,,,evolucion_brechas_2009_2025.csv
Evolución de brechas,Lectura,,2018,Brecha entre grupos,Gestión,Privada - Pública,,76,,,puntos PISA,,,evolucion_brechas_2009_2025.csv
Evolución de brechas,Lectura,,2022,Brecha entre grupos,Gestión,Privada - Pública,,66,,,puntos PISA,,,evolucion_brechas_2009_2025.csv
Evolución de brechas,Lectura,,2025,Brecha entre grupos,Gestión,Privada - Pública,,62,,,puntos PISA,,,evolucion_brechas_2009_2025.csv
Evolución de brechas,Lectura,,2009,Brecha entre grupos,Área,Urbana - Rural,,91,,,puntos PISA,,,evolucion_brechas_2009_2025.csv
Evolución de brechas,Lectura,,2012,Brecha entre grupos,Área,Urbana - Rural,,90,,,puntos PISA,,,evolucion_brechas_2009_2025.csv
Evolución de brechas,Lectura,,2015,Brecha entre grupos,Área,Urbana - Rural,,93,,,puntos PISA,,,evolucion_brechas_2009_2025.csv
Evolución de brechas,Lectura,,2018,Brecha entre grupos,Área,Urbana - Rural,,95,,,puntos PISA,No comparar 2018 vs 2022 de forma directa,,evolucion_brechas_2009_2025.csv
Evolución de brechas,Lectura,,2022,Brecha entre grupos,Área,Urbana - Rural,,72,,,puntos PISA,No comparar 2018 vs 2022 de forma directa,,evolucion_brechas_2009_2025.csv
Evolución de brechas,Lectura,,2025,Brecha entre grupos,Área,Urbana - Rural,,64,,,puntos PISA,,,evolucion_brechas_2009_2025.csv
Evolución de brechas,Ciencia,,2009,Brecha entre grupos,Sexo,Hombre - Mujer,,5,,,puntos PISA,,,evolucion_brechas_2009_2025.csv
Evolución de brechas,Ciencia,,2012,Brecha entre grupos,Sexo,Hombre - Mujer,,6,,,puntos PISA,,,evolucion_brechas_2009_2025.csv
Evolución de brechas,Ciencia,,2015,Brecha entre grupos,Sexo,Hombre - Mujer,,10,,,puntos PISA,,,evolucion_brechas_2009_2025.csv
Evolución de brechas,Ciencia,,2018,Brecha entre grupos,Sexo,Hombre - Mujer,,14,,,puntos PISA,,,evolucion_brechas_2009_2025.csv
Evolución de brechas,Ciencia,,2022,Brecha entre grupos,Sexo,Hombre - Mujer,,14,,,puntos PISA,,,evolucion_brechas_2009_2025.csv
Evolución de brechas,Ciencia,,2025,Brecha entre grupos,Sexo,Hombre - Mujer,,11,,,puntos PISA,,,evolucion_brechas_2009_2025.csv
Evolución de brechas,Ciencia,,2009,Brecha entre grupos,Gestión,Privada - Pública,,79,,,puntos PISA,,,evolucion_brechas_2009_2025.csv
Evolución de brechas,Ciencia,,2012,Brecha entre grupos,Gestión,Privada - Pública,,59,,,puntos PISA,,,evolucion_brechas_2009_2025.csv
Evolución de brechas,Ciencia,,2015,Brecha entre grupos,Gestión,Privada - Pública,,56,,,puntos PISA,,,evolucion_brechas_2009_2025.csv
Evolución de brechas,Ciencia,,2018,Brecha entre grupos,Gestión,Privada - Pública,,64,,,puntos PISA,,,evolucion_brechas_2009_2025.csv
Evolución de brechas,Ciencia,,2022,Brecha entre grupos,Gestión,Privada - Pública,,62,,,puntos PISA,,,evolucion_brechas_2009_2025.csv
Evolución de brechas,Ciencia,,2025,Brecha entre grupos,Gestión,Privada - Pública,,57,,,puntos PISA,,,evolucion_brechas_2009_2025.csv
Evolución de brechas,Ciencia,,2009,Brecha entre grupos,Área,Urbana - Rural,,80,,,puntos PISA,,,evolucion_brechas_2009_2025.csv
Evolución de brechas,Ciencia,,2012,Brecha entre grupos,Área,Urbana - Rural,,69,,,puntos PISA,,,evolucion_brechas_2009_2025.csv
Evolución de brechas,Ciencia,,2015,Brecha entre grupos,Área,Urbana - Rural,,70,,,puntos PISA,,,evolucion_brechas_2009_2025.csv
Evolución de brechas,Ciencia,,2018,Brecha entre grupos,Área,Urbana - Rural,,68,,,puntos PISA,No comparar 2018 vs 2022 de forma directa,,evolucion_brechas_2009_2025.csv
Evolución de brechas,Ciencia,,2022,Brecha entre grupos,Área,Urbana - Rural,,59,,,puntos PISA,No comparar 2018 vs 2022 de forma directa,,evolucion_brechas_2009_2025.csv
Evolución de brechas,Ciencia,,2025,Brecha entre grupos,Área,Urbana - Rural,,55,,,puntos PISA,,,evolucion_brechas_2009_2025.csv
Nivel 2 y línea base 2025,Ciencia,,2025,En Nivel 2,,Perú,,30.6323,,,%,,Minedu brochure / OECD Country Note Peru 2025,nivel2_y_linea_base_2025.csv
Nivel 2 y línea base 2025,Ciencia,,2025,Nivel 2 o superior,,Perú,,47.4824,,,%,,Minedu brochure / OECD Country Note Peru 2025,nivel2_y_linea_base_2025.csv
Nivel 2 y línea base 2025,Ciencia,,2025,Nivel 2 o superior,,OCDE,,74,,,%,,Minedu brochure / OECD Country Note Peru 2025,nivel2_y_linea_base_2025.csv
Nivel 2 y línea base 2025,Lectura,,2025,En Nivel 2,,Perú,,26.0223,,,%,,Minedu brochure / OECD Country Note Peru 2025,nivel2_y_linea_base_2025.csv
Nivel 2 y línea base 2025,Lectura,,2025,Nivel 2 o superior,,Perú,,41.8259,,,%,,Minedu brochure / OECD Country Note Peru 2025,nivel2_y_linea_base_2025.csv
Nivel 2 y línea base 2025,Lectura,,2025,Nivel 2 o superior,,OCDE,,69,,,%,,Minedu brochure / OECD Country Note Peru 2025,nivel2_y_linea_base_2025.csv
Nivel 2 y línea base 2025,Matemática,,2025,En Nivel 2,,Perú,,19.689,,,%,,Minedu brochure / OECD Country Note Peru 2025,nivel2_y_linea_base_2025.csv
Nivel 2 y línea base 2025,Matemática,,2025,Nivel 2 o superior,,Perú,,30.4771,,,%,,Minedu brochure / OECD Country Note Peru 2025,nivel2_y_linea_base_2025.csv
Nivel 2 y línea base 2025,Matemática,,2025,Nivel 2 o superior,,OCDE,,65,,,%,,Minedu brochure / OECD Country Note Peru 2025,nivel2_y_linea_base_2025.csv
Equidad y contexto 2025,,Perú,2025,Estudiantes en cuartil socioeconómico internacional inferior,Equidad socioeconómica,Perú,,36,,,%,,OECD PISA 2025 Country Note: Peru,equidad_contexto_2025.csv
Equidad y contexto 2025,,Perú,2025,Puntaje Ciencia del cuartil internacional inferior,Equidad socioeconómica,Perú,,379,,,puntos,,OECD PISA 2025 Country Note: Peru,equidad_contexto_2025.csv
Equidad y contexto 2025,,Perú,2025,Brecha Ciencia: 25% favorecido - 25% desfavorecido,Equidad socioeconómica,Perú,,78,,,puntos,,OECD PISA 2025 Country Note: Peru,equidad_contexto_2025.csv
Equidad y contexto 2025,,OCDE,2025,Brecha Ciencia: 25% favorecido - 25% desfavorecido,Equidad socioeconómica,OCDE,,85,,,puntos,,OECD PISA 2025 Country Note: Peru,equidad_contexto_2025.csv
Equidad y contexto 2025,,Perú,2025,Variación de Ciencia explicada por estatus socioeconómico,Equidad socioeconómica,Perú,,14,,,%,,OECD PISA 2025 Country Note: Peru,equidad_contexto_2025.csv
Equidad y contexto 2025,,OCDE,2025,Variación de Ciencia explicada por estatus socioeconómico,Equidad socioeconómica,OCDE,,12,,,%,,OECD PISA 2025 Country Note: Peru,equidad_contexto_2025.csv
Equidad y contexto 2025,,Perú,2025,Estudiantes desfavorecidos académicamente resilientes,Equidad socioeconómica,Perú,,10,,,%,,OECD PISA 2025 Country Note: Peru,equidad_contexto_2025.csv
Equidad y contexto 2025,,OCDE,2025,Estudiantes desfavorecidos académicamente resilientes,Equidad socioeconómica,OCDE,,12,,,%,,OECD PISA 2025 Country Note: Peru,equidad_contexto_2025.csv
Equidad y contexto 2025,,Perú,2025,Curiosidad por muchas cosas,Actitudes y aprendizaje,Perú,,81,,,%,,OECD PISA 2025 Country Note: Peru,equidad_contexto_2025.csv
Equidad y contexto 2025,,OCDE,2025,Curiosidad por muchas cosas,Actitudes y aprendizaje,OCDE,,73,,,%,,OECD PISA 2025 Country Note: Peru,equidad_contexto_2025.csv
Equidad y contexto 2025,,Perú,2025,Esfuerzo adicional cuando el trabajo es difícil,Actitudes y aprendizaje,Perú,,74,,,%,,OECD PISA 2025 Country Note: Peru,equidad_contexto_2025.csv
Equidad y contexto 2025,,OCDE,2025,Esfuerzo adicional cuando el trabajo es difícil,Actitudes y aprendizaje,OCDE,,60,,,%,,OECD PISA 2025 Country Note: Peru,equidad_contexto_2025.csv
Equidad y contexto 2025,,Perú,2025,Considera que la escuela ha sido pérdida de tiempo,Actitudes y aprendizaje,Perú,,14,,,%,,OECD PISA 2025 Country Note: Peru,equidad_contexto_2025.csv
Equidad y contexto 2025,,OCDE,2025,Considera que la escuela ha sido pérdida de tiempo,Actitudes y aprendizaje,OCDE,,24,,,%,,OECD PISA 2025 Country Note: Peru,equidad_contexto_2025.csv
Equidad y contexto 2025,,Perú,2025,Mentalidad de crecimiento,Actitudes y aprendizaje,Perú,,45,,,%,,OECD PISA 2025 Country Note: Peru,equidad_contexto_2025.csv
Equidad y contexto 2025,,OCDE,2025,Mentalidad de crecimiento,Actitudes y aprendizaje,OCDE,,69,,,%,,OECD PISA 2025 Country Note: Peru,equidad_contexto_2025.csv
Equidad y contexto 2025,,Perú,2025,Planifica frecuentemente cómo estudiar,Actitudes y aprendizaje,Perú,,44,,,%,,OECD PISA 2025 Country Note: Peru,equidad_contexto_2025.csv
Equidad y contexto 2025,,OCDE,2025,Planifica frecuentemente cómo estudiar,Actitudes y aprendizaje,OCDE,,37,,,%,,OECD PISA 2025 Country Note: Peru,equidad_contexto_2025.csv
Equidad y contexto 2025,,Perú,2025,Comprueba su comprensión mediante preguntas,Actitudes y aprendizaje,Perú,,48,,,%,,OECD PISA 2025 Country Note: Peru,equidad_contexto_2025.csv
Equidad y contexto 2025,,OCDE,2025,Comprueba su comprensión mediante preguntas,Actitudes y aprendizaje,OCDE,,49,,,%,,OECD PISA 2025 Country Note: Peru,equidad_contexto_2025.csv
Equidad y contexto 2025,,Perú,2025,Pide ayuda al docente cuando la necesita,Actitudes y aprendizaje,Perú,,79,,,%,,OECD PISA 2025 Country Note: Peru,equidad_contexto_2025.csv
Equidad y contexto 2025,,OCDE,2025,Pide ayuda al docente cuando la necesita,Actitudes y aprendizaje,OCDE,,77,,,%,,OECD PISA 2025 Country Note: Peru,equidad_contexto_2025.csv
Equidad y contexto 2025,,Perú,2025,Pide ayuda a compañeros cuando no entiende,Actitudes y aprendizaje,Perú,,81,,,%,,OECD PISA 2025 Country Note: Peru,equidad_contexto_2025.csv
Equidad y contexto 2025,,OCDE,2025,Pide ayuda a compañeros cuando no entiende,Actitudes y aprendizaje,OCDE,,82,,,%,,OECD PISA 2025 Country Note: Peru,equidad_contexto_2025.csv
Equidad y contexto 2025,,Perú,2025,Escuelas con falta percibida de docentes,Escuela y recursos,Perú,,27,,,%,,OECD PISA 2025 Country Note: Peru,equidad_contexto_2025.csv
Equidad y contexto 2025,,OCDE,2025,Escuelas con falta percibida de docentes,Escuela y recursos,OCDE,,39,,,%,,OECD PISA 2025 Country Note: Peru,equidad_contexto_2025.csv
Equidad y contexto 2025,,Perú,2022,Escuelas con falta percibida de docentes,Escuela y recursos,Perú,,18,,,%,Valor histórico reportado en la fuente,OECD PISA 2025 Country Note: Peru,equidad_contexto_2025.csv
Equidad y contexto 2025,,Perú,2025,Escuelas con falta percibida de personal de apoyo,Escuela y recursos,Perú,,49,,,%,,OECD PISA 2025 Country Note: Peru,equidad_contexto_2025.csv
Equidad y contexto 2025,,OCDE,2025,Escuelas con falta percibida de personal de apoyo,Escuela y recursos,OCDE,,39,,,%,,OECD PISA 2025 Country Note: Peru,equidad_contexto_2025.csv
Equidad y contexto 2025,,Perú,2025,Escuelas con carencia de material educativo,Escuela y recursos,Perú,,54,,,%,,OECD PISA 2025 Country Note: Peru,equidad_contexto_2025.csv
Equidad y contexto 2025,,Perú,2022,Escuelas con carencia de material educativo,Escuela y recursos,Perú,,55,,,%,Valor histórico reportado en la fuente,OECD PISA 2025 Country Note: Peru,equidad_contexto_2025.csv
Equidad y contexto 2025,,Perú,2025,Escuelas con carencia de infraestructura,Escuela y recursos,Perú,,42,,,%,,OECD PISA 2025 Country Note: Peru,equidad_contexto_2025.csv
Equidad y contexto 2025,,Perú,2022,Escuelas con carencia de infraestructura,Escuela y recursos,Perú,,33,,,%,Valor histórico reportado en la fuente,OECD PISA 2025 Country Note: Peru,equidad_contexto_2025.csv
Equidad y contexto 2025,,Perú,2025,Uso digital escolar para aprender,Escuela y recursos,Perú,,1.4,,,horas/día,,OECD PISA 2025 Country Note: Peru,equidad_contexto_2025.csv
Equidad y contexto 2025,,OCDE,2025,Uso digital escolar para aprender,Escuela y recursos,OCDE,,1.7,,,horas/día,,OECD PISA 2025 Country Note: Peru,equidad_contexto_2025.csv
Equidad y contexto 2025,,Perú,2025,Uso digital escolar para ocio,Escuela y recursos,Perú,,1.0,,,horas/día,,OECD PISA 2025 Country Note: Peru,equidad_contexto_2025.csv
Equidad y contexto 2025,,OCDE,2025,Uso digital escolar para ocio,Escuela y recursos,OCDE,,1.1,,,horas/día,,OECD PISA 2025 Country Note: Peru,equidad_contexto_2025.csv
Equidad y contexto 2025,,Perú,2025,Distracción digital frecuente en Ciencia,Escuela y recursos,Perú,,24,,,%,,OECD PISA 2025 Country Note: Peru,equidad_contexto_2025.csv
Equidad y contexto 2025,,OCDE,2025,Distracción digital frecuente en Ciencia,Escuela y recursos,OCDE,,28,,,%,,OECD PISA 2025 Country Note: Peru,equidad_contexto_2025.csv
Equidad y contexto 2025,,Perú,2025,Estudiantes en escuelas con prohibición de celular,Escuela y recursos,Perú,,86,,,%,,OECD PISA 2025 Country Note: Peru,equidad_contexto_2025.csv
Equidad y contexto 2025,,OCDE,2025,Estudiantes en escuelas con prohibición de celular,Escuela y recursos,OCDE,,49,,,%,,OECD PISA 2025 Country Note: Peru,equidad_contexto_2025.csv
Equidad y contexto 2025,,Perú,2022,Estudiantes en escuelas con prohibición de celular,Escuela y recursos,Perú,,64,,,%,Valor histórico reportado en la fuente,OECD PISA 2025 Country Note: Peru,equidad_contexto_2025.csv
Equidad y contexto 2025,,Perú,2025,Uso semanal de chatbots de IA para aprender,Escuela y recursos,Perú,,54,,,%,,OECD PISA 2025 Country Note: Peru,equidad_contexto_2025.csv
Equidad y contexto 2025,,OCDE,2025,Uso semanal de chatbots de IA para aprender,Escuela y recursos,OCDE,,46,,,%,,OECD PISA 2025 Country Note: Peru,equidad_contexto_2025.csv
Equidad y contexto 2025,,Perú,2025,Víctimas frecuentes de bullying,Bienestar y asistencia,Perú,,24,,,%,,OECD PISA 2025 Country Note: Peru,equidad_contexto_2025.csv
Equidad y contexto 2025,,OCDE,2025,Víctimas frecuentes de bullying,Bienestar y asistencia,OCDE,,20,,,%,,OECD PISA 2025 Country Note: Peru,equidad_contexto_2025.csv
Equidad y contexto 2025,,Perú,2025,Cyberbullying: publicación de información molesta sin consentimiento,Bienestar y asistencia,Perú,,4,,,%,,OECD PISA 2025 Country Note: Peru,equidad_contexto_2025.csv
Equidad y contexto 2025,,OCDE,2025,Cyberbullying: publicación de información molesta sin consentimiento,Bienestar y asistencia,OCDE,,3,,,%,,OECD PISA 2025 Country Note: Peru,equidad_contexto_2025.csv
Equidad y contexto 2025,,Perú,2025,Familia pregunta semanalmente qué hizo en la escuela,Bienestar y asistencia,Perú,,58,,,%,,OECD PISA 2025 Country Note: Peru,equidad_contexto_2025.csv
Equidad y contexto 2025,,Perú,2022,Familia pregunta semanalmente qué hizo en la escuela,Bienestar y asistencia,Perú,,69,,,%,Valor histórico reportado en la fuente,OECD PISA 2025 Country Note: Peru,equidad_contexto_2025.csv
Equidad y contexto 2025,,Perú,2025,Conversaciones semanales sobre problemas escolares,Bienestar y asistencia,Perú,,45,,,%,,OECD PISA 2025 Country Note: Peru,equidad_contexto_2025.csv
Equidad y contexto 2025,,Perú,2022,Conversaciones semanales sobre problemas escolares,Bienestar y asistencia,Perú,,59,,,%,Valor histórico reportado en la fuente,OECD PISA 2025 Country Note: Peru,equidad_contexto_2025.csv
Equidad y contexto 2025,,Perú,2025,Faltó al menos un día en las dos semanas previas,Bienestar y asistencia,Perú,,39,,,%,,OECD PISA 2025 Country Note: Peru,equidad_contexto_2025.csv
Equidad y contexto 2025,,OCDE,2025,Faltó al menos un día en las dos semanas previas,Bienestar y asistencia,OCDE,,22,,,%,,OECD PISA 2025 Country Note: Peru,equidad_contexto_2025.csv
Equidad y contexto 2025,,Perú,2022,Faltó al menos un día en las dos semanas previas,Bienestar y asistencia,Perú,,28,,,%,Valor histórico reportado en la fuente,OECD PISA 2025 Country Note: Peru,equidad_contexto_2025.csv
Equidad y contexto 2025,,Perú,2018,Faltó al menos un día en las dos semanas previas,Bienestar y asistencia,Perú,,49,,,%,Valor histórico reportado en la fuente,OECD PISA 2025 Country Note: Peru,equidad_contexto_2025.csv
Equidad y contexto 2025,,Perú,2025,Faltó al menos a una clase en las dos semanas previas,Bienestar y asistencia,Perú,,27,,,%,,OECD PISA 2025 Country Note: Peru,equidad_contexto_2025.csv
Equidad y contexto 2025,,OCDE,2025,Faltó al menos a una clase en las dos semanas previas,Bienestar y asistencia,OCDE,,24,,,%,,OECD PISA 2025 Country Note: Peru,equidad_contexto_2025.csv
Equidad y contexto 2025,,Perú,2022,Faltó al menos a una clase en las dos semanas previas,Bienestar y asistencia,Perú,,20,,,%,Valor histórico reportado en la fuente,OECD PISA 2025 Country Note: Peru,equidad_contexto_2025.csv
Equidad y contexto 2025,,Perú,2018,Faltó al menos a una clase en las dos semanas previas,Bienestar y asistencia,Perú,,46,,,%,Valor histórico reportado en la fuente,OECD PISA 2025 Country Note: Peru,equidad_contexto_2025.csv
Equidad y contexto 2025,,Perú,2025,Llegó tarde en las dos semanas previas,Bienestar y asistencia,Perú,,69,,,%,,OECD PISA 2025 Country Note: Peru,equidad_contexto_2025.csv
Equidad y contexto 2025,,OCDE,2025,Llegó tarde en las dos semanas previas,Bienestar y asistencia,OCDE,,50,,,%,,OECD PISA 2025 Country Note: Peru,equidad_contexto_2025.csv
Equidad y contexto 2025,,Perú,2022,Llegó tarde en las dos semanas previas,Bienestar y asistencia,Perú,,61,,,%,Valor histórico reportado en la fuente,OECD PISA 2025 Country Note: Peru,equidad_contexto_2025.csv
Equidad y contexto 2025,,Perú,2018,Llegó tarde en las dos semanas previas,Bienestar y asistencia,Perú,,62,,,%,Valor histórico reportado en la fuente,OECD PISA 2025 Country Note: Peru,equidad_contexto_2025.csv
Equidad y contexto 2025,,Perú,2025,Resolución computacional de problemas - puntaje promedio,Nuevas competencias 2025,Perú,,436,,,puntos,,OECD PISA 2025 Country Note: Peru,equidad_contexto_2025.csv
Equidad y contexto 2025,,OCDE,2025,Resolución computacional de problemas - puntaje promedio,Nuevas competencias 2025,OCDE,,500,,,puntos,,OECD PISA 2025 Country Note: Peru,equidad_contexto_2025.csv
Equidad y contexto 2025,,Perú,2025,Desempeño mejor de lo esperado según rendimiento en Ciencia,Nuevas competencias 2025,Perú,,56.0,,,%,,OECD PISA 2025 Country Note: Peru,equidad_contexto_2025.csv
Equidad y contexto 2025,,OCDE,2025,Desempeño mejor de lo esperado según rendimiento en Ciencia,Nuevas competencias 2025,OCDE,,56.3,,,%,,OECD PISA 2025 Country Note: Peru,equidad_contexto_2025.csv
Equidad y contexto 2025,,Perú,2025,Ciencia ambiental: alcanza o supera línea base,Nuevas competencias 2025,Perú,,48,,,%,,OECD PISA 2025 Country Note: Peru,equidad_contexto_2025.csv
Equidad y contexto 2025,,OCDE,2025,Ciencia ambiental: alcanza o supera línea base,Nuevas competencias 2025,OCDE,,74,,,%,,OECD PISA 2025 Country Note: Peru,equidad_contexto_2025.csv
Promedio de mejora regional 2009-2025,Ciencia,Perú,2009-2025,Promedio de mejora,,,,7.2,,,indicador del brochure,Indicador publicado; no equivale a diferencia simple 2025-2009,"Minedu/UMC, Brochure resultados PISA 2025",promedio_mejora_regional_2009_2025.csv
Promedio de mejora regional 2009-2025,Ciencia,Uruguay,2009-2025,Promedio de mejora,,,,3.5,,,indicador del brochure,Indicador publicado; no equivale a diferencia simple 2025-2009,"Minedu/UMC, Brochure resultados PISA 2025",promedio_mejora_regional_2009_2025.csv
Promedio de mejora regional 2009-2025,Ciencia,Colombia,2009-2025,Promedio de mejora,,,,2.4,,,indicador del brochure,Indicador publicado; no equivale a diferencia simple 2025-2009,"Minedu/UMC, Brochure resultados PISA 2025",promedio_mejora_regional_2009_2025.csv
Promedio de mejora regional 2009-2025,Ciencia,Brasil,2009-2025,Promedio de mejora,,,,0.6,,,indicador del brochure,Indicador publicado; no equivale a diferencia simple 2025-2009,"Minedu/UMC, Brochure resultados PISA 2025",promedio_mejora_regional_2009_2025.csv
Promedio de mejora regional 2009-2025,Ciencia,México,2009-2025,Promedio de mejora,,,,-0.5,,,indicador del brochure,Indicador publicado; no equivale a diferencia simple 2025-2009,"Minedu/UMC, Brochure resultados PISA 2025",promedio_mejora_regional_2009_2025.csv
Promedio de mejora regional 2009-2025,Ciencia,Chile,2009-2025,Promedio de mejora,,,,-1.0,,,indicador del brochure,Indicador publicado; no equivale a diferencia simple 2025-2009,"Minedu/UMC, Brochure resultados PISA 2025",promedio_mejora_regional_2009_2025.csv
Promedio de mejora regional 2009-2025,Ciencia,Costa Rica,2009-2025,Promedio de mejora,,,,-1.3,,,indicador del brochure,Indicador publicado; no equivale a diferencia simple 2025-2009,"Minedu/UMC, Brochure resultados PISA 2025",promedio_mejora_regional_2009_2025.csv
Promedio de mejora regional 2009-2025,Lectura,Perú,2009-2025,Promedio de mejora,,,,4.1,,,indicador del brochure,Indicador publicado; no equivale a diferencia simple 2025-2009,"Minedu/UMC, Brochure resultados PISA 2025",promedio_mejora_regional_2009_2025.csv
Promedio de mejora regional 2009-2025,Lectura,Uruguay,2009-2025,Promedio de mejora,,,,-0.5,,,indicador del brochure,Indicador publicado; no equivale a diferencia simple 2025-2009,"Minedu/UMC, Brochure resultados PISA 2025",promedio_mejora_regional_2009_2025.csv
Promedio de mejora regional 2009-2025,Lectura,Brasil,2009-2025,Promedio de mejora,,,,-0.7,,,indicador del brochure,Indicador publicado; no equivale a diferencia simple 2025-2009,"Minedu/UMC, Brochure resultados PISA 2025",promedio_mejora_regional_2009_2025.csv
Promedio de mejora regional 2009-2025,Lectura,Chile,2009-2025,Promedio de mejora,,,,-2.7,,,indicador del brochure,Indicador publicado; no equivale a diferencia simple 2025-2009,"Minedu/UMC, Brochure resultados PISA 2025",promedio_mejora_regional_2009_2025.csv
Promedio de mejora regional 2009-2025,Lectura,Colombia,2009-2025,Promedio de mejora,,,,-2.8,,,indicador del brochure,Indicador publicado; no equivale a diferencia simple 2025-2009,"Minedu/UMC, Brochure resultados PISA 2025",promedio_mejora_regional_2009_2025.csv
Promedio de mejora regional 2009-2025,Lectura,México,2009-2025,Promedio de mejora,,,,-3.5,,,indicador del brochure,Indicador publicado; no equivale a diferencia simple 2025-2009,"Minedu/UMC, Brochure resultados PISA 2025",promedio_mejora_regional_2009_2025.csv
Promedio de mejora regional 2009-2025,Lectura,Costa Rica,2009-2025,Promedio de mejora,,,,-5.3,,,indicador del brochure,Indicador publicado; no equivale a diferencia simple 2025-2009,"Minedu/UMC, Brochure resultados PISA 2025",promedio_mejora_regional_2009_2025.csv
Promedio de mejora regional 2009-2025,Matemática,Perú,2009-2025,Promedio de mejora,,,,3.5,,,indicador del brochure,Indicador publicado; no equivale a diferencia simple 2025-2009,"Minedu/UMC, Brochure resultados PISA 2025",promedio_mejora_regional_2009_2025.csv
Promedio de mejora regional 2009-2025,Matemática,Colombia,2009-2025,Promedio de mejora,,,,-0.1,,,indicador del brochure,Indicador publicado; no equivale a diferencia simple 2025-2009,"Minedu/UMC, Brochure resultados PISA 2025",promedio_mejora_regional_2009_2025.csv
Promedio de mejora regional 2009-2025,Matemática,Brasil,2009-2025,Promedio de mejora,,,,-1.8,,,indicador del brochure,Indicador publicado; no equivale a diferencia simple 2025-2009,"Minedu/UMC, Brochure resultados PISA 2025",promedio_mejora_regional_2009_2025.csv
Promedio de mejora regional 2009-2025,Matemática,Chile,2009-2025,Promedio de mejora,,,,-3.7,,,indicador del brochure,Indicador publicado; no equivale a diferencia simple 2025-2009,"Minedu/UMC, Brochure resultados PISA 2025",promedio_mejora_regional_2009_2025.csv
Promedio de mejora regional 2009-2025,Matemática,Uruguay,2009-2025,Promedio de mejora,,,,-4.4,,,indicador del brochure,Indicador publicado; no equivale a diferencia simple 2025-2009,"Minedu/UMC, Brochure resultados PISA 2025",promedio_mejora_regional_2009_2025.csv
Promedio de mejora regional 2009-2025,Matemática,Costa Rica,2009-2025,Promedio de mejora,,,,-4.5,,,indicador del brochure,Indicador publicado; no equivale a diferencia simple 2025-2009,"Minedu/UMC, Brochure resultados PISA 2025",promedio_mejora_regional_2009_2025.csv
Promedio de mejora regional 2009-2025,Matemática,México,2009-2025,Promedio de mejora,,,,-6.2,,,indicador del brochure,Indicador publicado; no equivale a diferencia simple 2025-2009,"Minedu/UMC, Brochure resultados PISA 2025",promedio_mejora_regional_2009_2025.csv
Distribución por niveles de desempeño,Lectura,,2000,Distribución de estudiantes por nivel,,Nacional,Debajo de Nivel 1,54.1,,,%,,,niveles_desempeno.csv
Distribución por niveles de desempeño,Lectura,,2000,Distribución de estudiantes por nivel,,Hombres,Debajo de Nivel 1,55.3,,,%,,,niveles_desempeno.csv
Distribución por niveles de desempeño,Lectura,,2000,Distribución de estudiantes por nivel,,Mujeres,Debajo de Nivel 1,52.7,,,%,,,niveles_desempeno.csv
Distribución por niveles de desempeño,Lectura,,2000,Distribución de estudiantes por nivel,,Nacional,Nivel 1,25.5,,,%,,,niveles_desempeno.csv
Distribución por niveles de desempeño,Lectura,,2000,Distribución de estudiantes por nivel,,Hombres,Nivel 1,25.3,,,%,,,niveles_desempeno.csv
Distribución por niveles de desempeño,Lectura,,2000,Distribución de estudiantes por nivel,,Mujeres,Nivel 1,25.7,,,%,,,niveles_desempeno.csv
Distribución por niveles de desempeño,Lectura,,2000,Distribución de estudiantes por nivel,,Nacional,Nivel 2,14.5,,,%,,,niveles_desempeno.csv
Distribución por niveles de desempeño,Lectura,,2000,Distribución de estudiantes por nivel,,Hombres,Nivel 2,13.8,,,%,,,niveles_desempeno.csv
Distribución por niveles de desempeño,Lectura,,2000,Distribución de estudiantes por nivel,,Mujeres,Nivel 2,15.1,,,%,,,niveles_desempeno.csv
Distribución por niveles de desempeño,Lectura,,2000,Distribución de estudiantes por nivel,,Nacional,Nivel 3,4.9,,,%,,,niveles_desempeno.csv
Distribución por niveles de desempeño,Lectura,,2000,Distribución de estudiantes por nivel,,Hombres,Nivel 3,4.6,,,%,,,niveles_desempeno.csv
Distribución por niveles de desempeño,Lectura,,2000,Distribución de estudiantes por nivel,,Mujeres,Nivel 3,5.2,,,%,,,niveles_desempeno.csv
Distribución por niveles de desempeño,Lectura,,2000,Distribución de estudiantes por nivel,,Nacional,Nivel 4,1,,,%,,,niveles_desempeno.csv
Distribución por niveles de desempeño,Lectura,,2000,Distribución de estudiantes por nivel,,Hombres,Nivel 4,0.8,,,%,,,niveles_desempeno.csv
Distribución por niveles de desempeño,Lectura,,2000,Distribución de estudiantes por nivel,,Mujeres,Nivel 4,1.2,,,%,,,niveles_desempeno.csv
Distribución por niveles de desempeño,Lectura,,2000,Distribución de estudiantes por nivel,,Nacional,Nivel 5,0.1,,,%,,,niveles_desempeno.csv
Distribución por niveles de desempeño,Lectura,,2000,Distribución de estudiantes por nivel,,Hombres,Nivel 5,0.1,,,%,,,niveles_desempeno.csv
Distribución por niveles de desempeño,Lectura,,2000,Distribución de estudiantes por nivel,,Mujeres,Nivel 5,0.1,,,%,,,niveles_desempeno.csv
Distribución por niveles de desempeño,Lectura,,2009,Distribución de estudiantes por nivel,,Nacional,Debajo de Nivel 1b,14.122041690644881,,,%,,,niveles_desempeno.csv
Distribución por niveles de desempeño,Lectura,,2009,Distribución de estudiantes por nivel,,Hombres,Debajo de Nivel 1b,16.214226311626,,,%,,,niveles_desempeno.csv
Distribución por niveles de desempeño,Lectura,,2009,Distribución de estudiantes por nivel,,Mujeres,Debajo de Nivel 1b,11.987444884696,,,%,,,niveles_desempeno.csv
Distribución por niveles de desempeño,Lectura,,2009,Distribución de estudiantes por nivel,,Público,Debajo de Nivel 1b,17.676,,,%,,,niveles_desempeno.csv
Distribución por niveles de desempeño,Lectura,,2009,Distribución de estudiantes por nivel,,Privado,Debajo de Nivel 1b,3.218,,,%,,,niveles_desempeno.csv
Distribución por niveles de desempeño,Lectura,,2009,Distribución de estudiantes por nivel,,Nacional,Nivel 1b,21.993884088759014,,,%,,,niveles_desempeno.csv
Distribución por niveles de desempeño,Lectura,,2009,Distribución de estudiantes por nivel,,Hombres,Nivel 1b,24.3,,,%,,,niveles_desempeno.csv
Distribución por niveles de desempeño,Lectura,,2009,Distribución de estudiantes por nivel,,Mujeres,Nivel 1b,19.561307848827,,,%,,,niveles_desempeno.csv
Distribución por niveles de desempeño,Lectura,,2009,Distribución de estudiantes por nivel,,Público,Nivel 1b,25.939999999999998,,,%,,,niveles_desempeno.csv
Distribución por niveles de desempeño,Lectura,,2009,Distribución de estudiantes por nivel,,Privado,Nivel 1b,9.884,,,%,,,niveles_desempeno.csv
Distribución por niveles de desempeño,Lectura,,2009,Distribución de estudiantes por nivel,,Nacional,Nivel 1a,28.652338639972104,,,%,,,niveles_desempeno.csv
Distribución por niveles de desempeño,Lectura,,2009,Distribución de estudiantes por nivel,,Hombres,Nivel 1a,29,,,%,,,niveles_desempeno.csv
Distribución por niveles de desempeño,Lectura,,2009,Distribución de estudiantes por nivel,,Mujeres,Nivel 1a,28.3,,,%,,,niveles_desempeno.csv
Distribución por niveles de desempeño,Lectura,,2009,Distribución de estudiantes por nivel,,Público,Nivel 1a,29.924,,,%,,,niveles_desempeno.csv
Distribución por niveles de desempeño,Lectura,,2009,Distribución de estudiantes por nivel,,Privado,Nivel 1a,24.746000000000002,,,%,,,niveles_desempeno.csv
Distribución por niveles de desempeño,Lectura,,2009,Distribución de estudiantes por nivel,,Nacional,Nivel 2,22.07063614879921,,,%,,,niveles_desempeno.csv
Distribución por niveles de desempeño,Lectura,,2009,Distribución de estudiantes por nivel,,Hombres,Nivel 2,19.893758890418,,,%,,,niveles_desempeno.csv
Distribución por niveles de desempeño,Lectura,,2009,Distribución de estudiantes por nivel,,Mujeres,Nivel 2,24.291642457748,,,%,,,niveles_desempeno.csv
Distribución por niveles de desempeño,Lectura,,2009,Distribución de estudiantes por nivel,,Público,Nivel 2,19.184,,,%,,,niveles_desempeno.csv
Distribución por niveles de desempeño,Lectura,,2009,Distribución de estudiantes por nivel,,Privado,Nivel 2,30.922000000000004,,,%,,,niveles_desempeno.csv
Distribución por niveles de desempeño,Lectura,,2009,Distribución de estudiantes por nivel,,Nacional,Nivel 3,10.073200382456035,,,%,,,niveles_desempeno.csv
Distribución por niveles de desempeño,Lectura,,2009,Distribución de estudiantes por nivel,,Hombres,Nivel 3,7.9,,,%,,,niveles_desempeno.csv
Distribución por niveles de desempeño,Lectura,,2009,Distribución de estudiantes por nivel,,Mujeres,Nivel 3,12.3,,,%,,,niveles_desempeno.csv
Distribución por niveles de desempeño,Lectura,,2009,Distribución de estudiantes por nivel,,Público,Nivel 3,6.316000000000001,,,%,,,niveles_desempeno.csv
Distribución por niveles de desempeño,Lectura,,2009,Distribución de estudiantes por nivel,,Privado,Nivel 3,21.608,,,%,,,niveles_desempeno.csv
Distribución por niveles de desempeño,Lectura,,2009,Distribución de estudiantes por nivel,,Nacional,Nivel 4,2.6011364770330614,,,%,,,niveles_desempeno.csv
Distribución por niveles de desempeño,Lectura,,2009,Distribución de estudiantes por nivel,,Hombres,Nivel 4,2.079596217552,,,%,,,niveles_desempeno.csv
Distribución por niveles de desempeño,Lectura,,2009,Distribución de estudiantes por nivel,,Mujeres,Nivel 4,3.133249255656,,,%,,,niveles_desempeno.csv
Distribución por niveles de desempeño,Lectura,,2009,Distribución de estudiantes por nivel,,Público,Nivel 4,0.9120000000000001,,,%,,,niveles_desempeno.csv
Distribución por niveles de desempeño,Lectura,,2009,Distribución de estudiantes por nivel,,Privado,Nivel 4,7.789999999999999,,,%,,,niveles_desempeno.csv
Distribución por niveles de desempeño,Lectura,,2009,Distribución de estudiantes por nivel,,Nacional,Nivel 5,0.4451539305236009,,,%,,,niveles_desempeno.csv
Distribución por niveles de desempeño,Lectura,,2009,Distribución de estudiantes por nivel,,Hombres,Nivel 5,0.493211888688,,,%,,,niveles_desempeno.csv
Distribución por niveles de desempeño,Lectura,,2009,Distribución de estudiantes por nivel,,Mujeres,Nivel 5,0.396121754792,,,%,,,niveles_desempeno.csv
Distribución por niveles de desempeño,Lectura,,2009,Distribución de estudiantes por nivel,,Público,Nivel 5,0.05,,,%,,,niveles_desempeno.csv
Distribución por niveles de desempeño,Lectura,,2009,Distribución de estudiantes por nivel,,Privado,Nivel 5,1.6580000000000001,,,%,,,niveles_desempeno.csv
Distribución por niveles de desempeño,Lectura,,2009,Distribución de estudiantes por nivel,,Nacional,Nivel 6,0.0416086418120909,,,%,,,niveles_desempeno.csv
Distribución por niveles de desempeño,Lectura,,2009,Distribución de estudiantes por nivel,,Hombres,Nivel 6,0.064430564042,,,%,,,niveles_desempeno.csv
Distribución por niveles de desempeño,Lectura,,2009,Distribución de estudiantes por nivel,,Mujeres,Nivel 6,0.018324079919,,,%,,,niveles_desempeno.csv
Distribución por niveles de desempeño,Lectura,,2009,Distribución de estudiantes por nivel,,Público,Nivel 6,0,,,%,,,niveles_desempeno.csv
Distribución por niveles de desempeño,Lectura,,2009,Distribución de estudiantes por nivel,,Privado,Nivel 6,0.16999999999999998,,,%,,,niveles_desempeno.csv
Distribución por niveles de desempeño,Lectura,,2012,Distribución de estudiantes por nivel,,Nacional,Debajo de Nivel 1b,9.798068809458302,,,%,,,niveles_desempeno.csv
Distribución por niveles de desempeño,Lectura,,2012,Distribución de estudiantes por nivel,,Hombres,Debajo de Nivel 1b,11.566614356179272,,,%,,,niveles_desempeno.csv
Distribución por niveles de desempeño,Lectura,,2012,Distribución de estudiantes por nivel,,Mujeres,Debajo de Nivel 1b,8.126648523101638,,,%,,,niveles_desempeno.csv
Distribución por niveles de desempeño,Lectura,,2012,Distribución de estudiantes por nivel,,Público,Debajo de Nivel 1b,11.634000000000002,,,%,,,niveles_desempeno.csv
Distribución por niveles de desempeño,Lectura,,2012,Distribución de estudiantes por nivel,,Privado,Debajo de Nivel 1b,4.356,,,%,,,niveles_desempeno.csv
Distribución por niveles de desempeño,Lectura,,2012,Distribución de estudiantes por nivel,,Nacional,Nivel 1b,20.629129715434654,,,%,,,niveles_desempeno.csv
Distribución por niveles de desempeño,Lectura,,2012,Distribución de estudiantes por nivel,,Hombres,Nivel 1b,23.091130706214216,,,%,,,niveles_desempeno.csv
Distribución por niveles de desempeño,Lectura,,2012,Distribución de estudiantes por nivel,,Mujeres,Nivel 1b,18.302337279328643,,,%,,,niveles_desempeno.csv
Distribución por niveles de desempeño,Lectura,,2012,Distribución de estudiantes por nivel,,Público,Nivel 1b,24.144,,,%,,,niveles_desempeno.csv
Distribución por niveles de desempeño,Lectura,,2012,Distribución de estudiantes por nivel,,Privado,Nivel 1b,10.209999999999999,,,%,,,niveles_desempeno.csv
Distribución por niveles de desempeño,Lectura,,2012,Distribución de estudiantes por nivel,,Nacional,Nivel 1a,29.450345833841293,,,%,,,niveles_desempeno.csv
Distribución por niveles de desempeño,Lectura,,2012,Distribución de estudiantes por nivel,,Hombres,Nivel 1a,30.46629105729572,,,%,,,niveles_desempeno.csv
Distribución por niveles de desempeño,Lectura,,2012,Distribución de estudiantes por nivel,,Mujeres,Nivel 1a,28.490194448734012,,,%,,,niveles_desempeno.csv
Distribución por niveles de desempeño,Lectura,,2012,Distribución de estudiantes por nivel,,Público,Nivel 1a,31.865999999999996,,,%,,,niveles_desempeno.csv
Distribución por niveles de desempeño,Lectura,,2012,Distribución de estudiantes por nivel,,Privado,Nivel 1a,22.288,,,%,,,niveles_desempeno.csv
Distribución por niveles de desempeño,Lectura,,2012,Distribución de estudiantes por nivel,,Nacional,Nivel 2,24.938750633673333,,,%,,,niveles_desempeno.csv
Distribución por niveles de desempeño,Lectura,,2012,Distribución de estudiantes por nivel,,Hombres,Nivel 2,22.247738764107073,,,%,,,niveles_desempeno.csv
Distribución por niveles de desempeño,Lectura,,2012,Distribución de estudiantes por nivel,,Mujeres,Nivel 2,27.48197709338147,,,%,,,niveles_desempeno.csv
Distribución por niveles de desempeño,Lectura,,2012,Distribución de estudiantes por nivel,,Público,Nivel 2,23.048000000000002,,,%,,,niveles_desempeno.csv
Distribución por niveles de desempeño,Lectura,,2012,Distribución de estudiantes por nivel,,Privado,Nivel 2,30.535999999999994,,,%,,,niveles_desempeno.csv
Distribución por niveles de desempeño,Lectura,,2012,Distribución de estudiantes por nivel,,Nacional,Nivel 3,11.444029022184756,,,%,,,niveles_desempeno.csv
Distribución por niveles de desempeño,Lectura,,2012,Distribución de estudiantes por nivel,,Hombres,Nivel 3,9.787341842876323,,,%,,,niveles_desempeno.csv
Distribución por niveles de desempeño,Lectura,,2012,Distribución de estudiantes por nivel,,Mujeres,Nivel 3,13.009733996409205,,,%,,,niveles_desempeno.csv
Distribución por niveles de desempeño,Lectura,,2012,Distribución de estudiantes por nivel,,Público,Nivel 3,7.866,,,%,,,niveles_desempeno.csv
Distribución por niveles de desempeño,Lectura,,2012,Distribución de estudiantes por nivel,,Privado,Nivel 3,22.05,,,%,,,niveles_desempeno.csv
Distribución por niveles de desempeño,Lectura,,2012,Distribución de estudiantes por nivel,,Nacional,Nivel 4,3.268826194445257,,,%,,,niveles_desempeno.csv
Distribución por niveles de desempeño,Lectura,,2012,Distribución de estudiantes por nivel,,Hombres,Nivel 4,2.5074293602324405,,,%,,,niveles_desempeno.csv
Distribución por niveles de desempeño,Lectura,,2012,Distribución de estudiantes por nivel,,Mujeres,Nivel 4,3.98840851848024,,,%,,,niveles_desempeno.csv
Distribución por niveles de desempeño,Lectura,,2012,Distribución de estudiantes por nivel,,Público,Nivel 4,1.322,,,%,,,niveles_desempeno.csv
Distribución por niveles de desempeño,Lectura,,2012,Distribución de estudiantes por nivel,,Privado,Nivel 4,9.044,,,%,,,niveles_desempeno.csv
Distribución por niveles de desempeño,Lectura,,2012,Distribución de estudiantes por nivel,,Nacional,Nivel 5,0.4589422375279864,,,%,,,niveles_desempeno.csv
Distribución por niveles de desempeño,Lectura,,2012,Distribución de estudiantes por nivel,,Hombres,Nivel 5,0.3334539130949528,,,%,,,niveles_desempeno.csv
Distribución por niveles de desempeño,Lectura,,2012,Distribución de estudiantes por nivel,,Mujeres,Nivel 5,0.5775389745739629,,,%,,,niveles_desempeno.csv
Distribución por niveles de desempeño,Lectura,,2012,Distribución de estudiantes por nivel,,Público,Nivel 5,0.11400000000000002,,,%,,,niveles_desempeno.csv
Distribución por niveles de desempeño,Lectura,,2012,Distribución de estudiantes por nivel,,Privado,Nivel 5,1.48,,,%,,,niveles_desempeno.csv
Distribución por niveles de desempeño,Lectura,,2012,Distribución de estudiantes por nivel,,Nacional,Nivel 6,0.011907553434411966,,,%,,,niveles_desempeno.csv
Distribución por niveles de desempeño,Lectura,,2012,Distribución de estudiantes por nivel,,Hombres,Nivel 6,0,,,%,,,niveles_desempeno.csv
Distribución por niveles de desempeño,Lectura,,2012,Distribución de estudiantes por nivel,,Mujeres,Nivel 6,0.02316116599082818,,,%,,,niveles_desempeno.csv
Distribución por niveles de desempeño,Lectura,,2012,Distribución de estudiantes por nivel,,Público,Nivel 6,0.01,,,%,,,niveles_desempeno.csv
Distribución por niveles de desempeño,Lectura,,2012,Distribución de estudiantes por nivel,,Privado,Nivel 6,0.05000000000000001,,,%,,,niveles_desempeno.csv
Distribución por niveles de desempeño,Lectura,,2015,Distribución de estudiantes por nivel,,Nacional,Debajo de Nivel 1b,6.444119867686242,,,%,,,niveles_desempeno.csv
Distribución por niveles de desempeño,Lectura,,2015,Distribución de estudiantes por nivel,,Hombres,Debajo de Nivel 1b,6.751,,,%,,,niveles_desempeno.csv
Distribución por niveles de desempeño,Lectura,,2015,Distribución de estudiantes por nivel,,Mujeres,Debajo de Nivel 1b,6.136000000000001,,,%,,,niveles_desempeno.csv
Distribución por niveles de desempeño,Lectura,,2015,Distribución de estudiantes por nivel,,Público,Debajo de Nivel 1b,7.912000000000001,,,%,,,niveles_desempeno.csv
Distribución por niveles de desempeño,Lectura,,2015,Distribución de estudiantes por nivel,,Privado,Debajo de Nivel 1b,2.281,,,%,,,niveles_desempeno.csv
Distribución por niveles de desempeño,Lectura,,2015,Distribución de estudiantes por nivel,,Nacional,Nivel 1b,19.158097762551545,,,%,,,niveles_desempeno.csv
Distribución por niveles de desempeño,Lectura,,2015,Distribución de estudiantes por nivel,,Hombres,Nivel 1b,20.055,,,%,,,niveles_desempeno.csv
Distribución por niveles de desempeño,Lectura,,2015,Distribución de estudiantes por nivel,,Mujeres,Nivel 1b,18.253,,,%,,,niveles_desempeno.csv
Distribución por niveles de desempeño,Lectura,,2015,Distribución de estudiantes por nivel,,Público,Nivel 1b,23.256000000000004,,,%,,,niveles_desempeno.csv
Distribución por niveles de desempeño,Lectura,,2015,Distribución de estudiantes por nivel,,Privado,Nivel 1b,7.552,,,%,,,niveles_desempeno.csv
Distribución por niveles de desempeño,Lectura,,2015,Distribución de estudiantes por nivel,,Nacional,Nivel 1a,28.300214142578735,,,%,,,niveles_desempeno.csv
Distribución por niveles de desempeño,Lectura,,2015,Distribución de estudiantes por nivel,,Hombres,Nivel 1a,28.976999999999997,,,%,,,niveles_desempeno.csv
Distribución por niveles de desempeño,Lectura,,2015,Distribución de estudiantes por nivel,,Mujeres,Nivel 1a,27.615999999999996,,,%,,,niveles_desempeno.csv
Distribución por niveles de desempeño,Lectura,,2015,Distribución de estudiantes por nivel,,Público,Nivel 1a,31.076000000000004,,,%,,,niveles_desempeno.csv
Distribución por niveles de desempeño,Lectura,,2015,Distribución de estudiantes por nivel,,Privado,Nivel 1a,20.435000000000002,,,%,,,niveles_desempeno.csv
Distribución por niveles de desempeño,Lectura,,2015,Distribución de estudiantes por nivel,,Nacional,Nivel 2,27.297666264071168,,,%,,,niveles_desempeno.csv
Distribución por niveles de desempeño,Lectura,,2015,Distribución de estudiantes por nivel,,Hombres,Nivel 2,26.738999999999997,,,%,,,niveles_desempeno.csv
Distribución por niveles de desempeño,Lectura,,2015,Distribución de estudiantes por nivel,,Mujeres,Nivel 2,27.860000000000003,,,%,,,niveles_desempeno.csv
Distribución por niveles de desempeño,Lectura,,2015,Distribución de estudiantes por nivel,,Público,Nivel 2,25.21,,,%,,,niveles_desempeno.csv
Distribución por niveles de desempeño,Lectura,,2015,Distribución de estudiantes por nivel,,Privado,Nivel 2,33.217000000000006,,,%,,,niveles_desempeno.csv
Distribución por niveles de desempeño,Lectura,,2015,Distribución de estudiantes por nivel,,Nacional,Nivel 3,14.974799857544529,,,%,,,niveles_desempeno.csv
Distribución por niveles de desempeño,Lectura,,2015,Distribución de estudiantes por nivel,,Hombres,Nivel 3,14.02,,,%,,,niveles_desempeno.csv
Distribución por niveles de desempeño,Lectura,,2015,Distribución de estudiantes por nivel,,Mujeres,Nivel 3,15.935999999999998,,,%,,,niveles_desempeno.csv
Distribución por niveles de desempeño,Lectura,,2015,Distribución de estudiantes por nivel,,Público,Nivel 3,10.951000000000002,,,%,,,niveles_desempeno.csv
Distribución por niveles de desempeño,Lectura,,2015,Distribución de estudiantes por nivel,,Privado,Nivel 3,26.372000000000003,,,%,,,niveles_desempeno.csv
Distribución por niveles de desempeño,Lectura,,2015,Distribución de estudiantes por nivel,,Nacional,Nivel 4,3.523654864607755,,,%,,,niveles_desempeno.csv
Distribución por niveles de desempeño,Lectura,,2015,Distribución de estudiantes por nivel,,Hombres,Nivel 4,3.192,,,%,,,niveles_desempeno.csv
Distribución por niveles de desempeño,Lectura,,2015,Distribución de estudiantes por nivel,,Mujeres,Nivel 4,3.864,,,%,,,niveles_desempeno.csv
Distribución por niveles de desempeño,Lectura,,2015,Distribución de estudiantes por nivel,,Público,Nivel 4,1.526,,,%,,,niveles_desempeno.csv
Distribución por niveles de desempeño,Lectura,,2015,Distribución de estudiantes por nivel,,Privado,Nivel 4,9.191,,,%,,,niveles_desempeno.csv
Distribución por niveles de desempeño,Lectura,,2015,Distribución de estudiantes por nivel,,Nacional,Nivel 5,0.2948553919795151,,,%,,,niveles_desempeno.csv
Distribución por niveles de desempeño,Lectura,,2015,Distribución de estudiantes por nivel,,Hombres,Nivel 5,0.26099999999999995,,,%,,,niveles_desempeno.csv
Distribución por niveles de desempeño,Lectura,,2015,Distribución de estudiantes por nivel,,Mujeres,Nivel 5,0.33,,,%,,,niveles_desempeno.csv
Distribución por niveles de desempeño,Lectura,,2015,Distribución de estudiantes por nivel,,Público,Nivel 5,0.069,,,%,,,niveles_desempeno.csv
Distribución por niveles de desempeño,Lectura,,2015,Distribución de estudiantes por nivel,,Privado,Nivel 5,0.9339999999999999,,,%,,,niveles_desempeno.csv
Distribución por niveles de desempeño,Lectura,,2015,Distribución de estudiantes por nivel,,Nacional,Nivel 6,0.006591848980523629,,,%,,,niveles_desempeno.csv
Distribución por niveles de desempeño,Lectura,,2015,Distribución de estudiantes por nivel,,Hombres,Nivel 6,0.015,,,%,,,niveles_desempeno.csv
Distribución por niveles de desempeño,Lectura,,2015,Distribución de estudiantes por nivel,,Mujeres,Nivel 6,0.0175,,,%,,,niveles_desempeno.csv
Distribución por niveles de desempeño,Lectura,,2015,Distribución de estudiantes por nivel,,Público,Nivel 6,0.005,,,%,,,niveles_desempeno.csv
Distribución por niveles de desempeño,Lectura,,2015,Distribución de estudiantes por nivel,,Privado,Nivel 6,0.05,,,%,,,niveles_desempeno.csv
Distribución por niveles de desempeño,Lectura,,2018,Distribución de estudiantes por nivel,,Nacional,Debajo de Nivel 1c,0.35,,,%,,,niveles_desempeno.csv
Distribución por niveles de desempeño,Lectura,,2018,Distribución de estudiantes por nivel,,Hombres,Debajo de Nivel 1c,0.6,,,%,,,niveles_desempeno.csv
Distribución por niveles de desempeño,Lectura,,2018,Distribución de estudiantes por nivel,,Mujeres,Debajo de Nivel 1c,0.35,,,%,,,niveles_desempeno.csv
Distribución por niveles de desempeño,Lectura,,2018,Distribución de estudiantes por nivel,,Público,Debajo de Nivel 1c,0.44,,,%,,,niveles_desempeno.csv
Distribución por niveles de desempeño,Lectura,,2018,Distribución de estudiantes por nivel,,Privado,Debajo de Nivel 1c,0.11,,,%,,,niveles_desempeno.csv
Distribución por niveles de desempeño,Lectura,,2018,Distribución de estudiantes por nivel,,Nacional,Nivel 1c,5.49,,,%,,,niveles_desempeno.csv
Distribución por niveles de desempeño,Lectura,,2018,Distribución de estudiantes por nivel,,Hombres,Nivel 1c,6,,,%,,,niveles_desempeno.csv
Distribución por niveles de desempeño,Lectura,,2018,Distribución de estudiantes por nivel,,Mujeres,Nivel 1c,4.97,,,%,,,niveles_desempeno.csv
Distribución por niveles de desempeño,Lectura,,2018,Distribución de estudiantes por nivel,,Público,Nivel 1c,6.96,,,%,,,niveles_desempeno.csv
Distribución por niveles de desempeño,Lectura,,2018,Distribución de estudiantes por nivel,,Privado,Nivel 1c,1.19,,,%,,,niveles_desempeno.csv
Distribución por niveles de desempeño,Lectura,,2018,Distribución de estudiantes por nivel,,Nacional,Nivel 1b,19.58,,,%,,,niveles_desempeno.csv
Distribución por niveles de desempeño,Lectura,,2018,Distribución de estudiantes por nivel,,Hombres,Nivel 1b,21.75,,,%,,,niveles_desempeno.csv
Distribución por niveles de desempeño,Lectura,,2018,Distribución de estudiantes por nivel,,Mujeres,Nivel 1b,17.33,,,%,,,niveles_desempeno.csv
Distribución por niveles de desempeño,Lectura,,2018,Distribución de estudiantes por nivel,,Público,Nivel 1b,23.69,,,%,,,niveles_desempeno.csv
Distribución por niveles de desempeño,Lectura,,2018,Distribución de estudiantes por nivel,,Privado,Nivel 1b,7.54,,,%,,,niveles_desempeno.csv
Distribución por niveles de desempeño,Lectura,,2018,Distribución de estudiantes por nivel,,Nacional,Nivel 1a,28.88,,,%,,,niveles_desempeno.csv
Distribución por niveles de desempeño,Lectura,,2018,Distribución de estudiantes por nivel,,Hombres,Nivel 1a,29.33,,,%,,,niveles_desempeno.csv
Distribución por niveles de desempeño,Lectura,,2018,Distribución de estudiantes por nivel,,Mujeres,Nivel 1a,28.4,,,%,,,niveles_desempeno.csv
Distribución por niveles de desempeño,Lectura,,2018,Distribución de estudiantes por nivel,,Público,Nivel 1a,32.03,,,%,,,niveles_desempeno.csv
Distribución por niveles de desempeño,Lectura,,2018,Distribución de estudiantes por nivel,,Privado,Nivel 1a,19.62,,,%,,,niveles_desempeno.csv
Distribución por niveles de desempeño,Lectura,,2018,Distribución de estudiantes por nivel,,Nacional,Nivel 2,25.81,,,%,,,niveles_desempeno.csv
Distribución por niveles de desempeño,Lectura,,2018,Distribución de estudiantes por nivel,,Hombres,Nivel 2,23.45,,,%,,,niveles_desempeno.csv
Distribución por niveles de desempeño,Lectura,,2018,Distribución de estudiantes por nivel,,Mujeres,Nivel 2,28.26,,,%,,,niveles_desempeno.csv
Distribución por niveles de desempeño,Lectura,,2018,Distribución de estudiantes por nivel,,Público,Nivel 2,23.98,,,%,,,niveles_desempeno.csv
Distribución por niveles de desempeño,Lectura,,2018,Distribución de estudiantes por nivel,,Privado,Nivel 2,31.16,,,%,,,niveles_desempeno.csv
Distribución por niveles de desempeño,Lectura,,2018,Distribución de estudiantes por nivel,,Nacional,Nivel 3,14.29,,,%,,,niveles_desempeno.csv
Distribución por niveles de desempeño,Lectura,,2018,Distribución de estudiantes por nivel,,Hombres,Nivel 3,13.4,,,%,,,niveles_desempeno.csv
Distribución por niveles de desempeño,Lectura,,2018,Distribución de estudiantes por nivel,,Mujeres,Nivel 3,15.22,,,%,,,niveles_desempeno.csv
Distribución por niveles de desempeño,Lectura,,2018,Distribución de estudiantes por nivel,,Público,Nivel 3,10.26,,,%,,,niveles_desempeno.csv
Distribución por niveles de desempeño,Lectura,,2018,Distribución de estudiantes por nivel,,Privado,Nivel 3,26.11,,,%,,,niveles_desempeno.csv
Distribución por niveles de desempeño,Lectura,,2018,Distribución de estudiantes por nivel,,Nacional,Nivel 4,4.81,,,%,,,niveles_desempeno.csv
Distribución por niveles de desempeño,Lectura,,2018,Distribución de estudiantes por nivel,,Hombres,Nivel 4,4.92,,,%,,,niveles_desempeno.csv
Distribución por niveles de desempeño,Lectura,,2018,Distribución de estudiantes por nivel,,Mujeres,Nivel 4,4.7,,,%,,,niveles_desempeno.csv
Distribución por niveles de desempeño,Lectura,,2018,Distribución de estudiantes por nivel,,Público,Nivel 4,2.41,,,%,,,niveles_desempeno.csv
Distribución por niveles de desempeño,Lectura,,2018,Distribución de estudiantes por nivel,,Privado,Nivel 4,11.84,,,%,,,niveles_desempeno.csv
Distribución por niveles de desempeño,Lectura,,2018,Distribución de estudiantes por nivel,,Nacional,Nivel 5,0.75,,,%,,,niveles_desempeno.csv
Distribución por niveles de desempeño,Lectura,,2018,Distribución de estudiantes por nivel,,Hombres,Nivel 5,0.77,,,%,,,niveles_desempeno.csv
Distribución por niveles de desempeño,Lectura,,2018,Distribución de estudiantes por nivel,,Mujeres,Nivel 5,0.72,,,%,,,niveles_desempeno.csv
Distribución por niveles de desempeño,Lectura,,2018,Distribución de estudiantes por nivel,,Público,Nivel 5,0.21,,,%,,,niveles_desempeno.csv
Distribución por niveles de desempeño,Lectura,,2018,Distribución de estudiantes por nivel,,Privado,Nivel 5,2.34,,,%,,,niveles_desempeno.csv
Distribución por niveles de desempeño,Lectura,,2018,Distribución de estudiantes por nivel,,Nacional,Nivel 6,0.03,,,%,,,niveles_desempeno.csv
Distribución por niveles de desempeño,Lectura,,2018,Distribución de estudiantes por nivel,,Hombres,Nivel 6,0.02,,,%,,,niveles_desempeno.csv
Distribución por niveles de desempeño,Lectura,,2018,Distribución de estudiantes por nivel,,Mujeres,Nivel 6,0.05,,,%,,,niveles_desempeno.csv
Distribución por niveles de desempeño,Lectura,,2018,Distribución de estudiantes por nivel,,Público,Nivel 6,0.01,,,%,,,niveles_desempeno.csv
Distribución por niveles de desempeño,Lectura,,2018,Distribución de estudiantes por nivel,,Privado,Nivel 6,0.1,,,%,,,niveles_desempeno.csv
Distribución por niveles de desempeño,Lectura,,2022,Distribución de estudiantes por nivel,,Nacional,Debajo de Nivel 1c,0.49,,,%,,,niveles_desempeno.csv
Distribución por niveles de desempeño,Lectura,,2022,Distribución de estudiantes por nivel,,Hombres,Debajo de Nivel 1c,0.55,,,%,,,niveles_desempeno.csv
Distribución por niveles de desempeño,Lectura,,2022,Distribución de estudiantes por nivel,,Mujeres,Debajo de Nivel 1c,0.44,,,%,,,niveles_desempeno.csv
Distribución por niveles de desempeño,Lectura,,2022,Distribución de estudiantes por nivel,,Público,Debajo de Nivel 1c,0.6,,,%,,,niveles_desempeno.csv
Distribución por niveles de desempeño,Lectura,,2022,Distribución de estudiantes por nivel,,Privado,Debajo de Nivel 1c,0.19,,,%,,,niveles_desempeno.csv
Distribución por niveles de desempeño,Lectura,,2022,Distribución de estudiantes por nivel,,Nacional,Nivel 1c,4.64,,,%,,,niveles_desempeno.csv
Distribución por niveles de desempeño,Lectura,,2022,Distribución de estudiantes por nivel,,Hombres,Nivel 1c,5.26,,,%,,,niveles_desempeno.csv
Distribución por niveles de desempeño,Lectura,,2022,Distribución de estudiantes por nivel,,Mujeres,Nivel 1c,4.03,,,%,,,niveles_desempeno.csv
Distribución por niveles de desempeño,Lectura,,2022,Distribución de estudiantes por nivel,,Público,Nivel 1c,5.89,,,%,,,niveles_desempeno.csv
Distribución por niveles de desempeño,Lectura,,2022,Distribución de estudiantes por nivel,,Privado,Nivel 1c,1.1,,,%,,,niveles_desempeno.csv
Distribución por niveles de desempeño,Lectura,,2022,Distribución de estudiantes por nivel,,Nacional,Nivel 1b,16.81,,,%,,,niveles_desempeno.csv
Distribución por niveles de desempeño,Lectura,,2022,Distribución de estudiantes por nivel,,Hombres,Nivel 1b,18.03,,,%,,,niveles_desempeno.csv
Distribución por niveles de desempeño,Lectura,,2022,Distribución de estudiantes por nivel,,Mujeres,Nivel 1b,15.59,,,%,,,niveles_desempeno.csv
Distribución por niveles de desempeño,Lectura,,2022,Distribución de estudiantes por nivel,,Público,Nivel 1b,20.5,,,%,,,niveles_desempeno.csv
Distribución por niveles de desempeño,Lectura,,2022,Distribución de estudiantes por nivel,,Privado,Nivel 1b,6.32,,,%,,,niveles_desempeno.csv
Distribución por niveles de desempeño,Lectura,,2022,Distribución de estudiantes por nivel,,Nacional,Nivel 1a,28.46,,,%,,,niveles_desempeno.csv
Distribución por niveles de desempeño,Lectura,,2022,Distribución de estudiantes por nivel,,Hombres,Nivel 1a,28.44,,,%,,,niveles_desempeno.csv
Distribución por niveles de desempeño,Lectura,,2022,Distribución de estudiantes por nivel,,Mujeres,Nivel 1a,28.48,,,%,,,niveles_desempeno.csv
Distribución por niveles de desempeño,Lectura,,2022,Distribución de estudiantes por nivel,,Público,Nivel 1a,31.73,,,%,,,niveles_desempeno.csv
Distribución por niveles de desempeño,Lectura,,2022,Distribución de estudiantes por nivel,,Privado,Nivel 1a,19.18,,,%,,,niveles_desempeno.csv
Distribución por niveles de desempeño,Lectura,,2022,Distribución de estudiantes por nivel,,Nacional,Nivel 2,27.18,,,%,,,niveles_desempeno.csv
Distribución por niveles de desempeño,Lectura,,2022,Distribución de estudiantes por nivel,,Hombres,Nivel 2,26.09,,,%,,,niveles_desempeno.csv
Distribución por niveles de desempeño,Lectura,,2022,Distribución de estudiantes por nivel,,Mujeres,Nivel 2,28.28,,,%,,,niveles_desempeno.csv
Distribución por niveles de desempeño,Lectura,,2022,Distribución de estudiantes por nivel,,Público,Nivel 2,25.27,,,%,,,niveles_desempeno.csv
Distribución por niveles de desempeño,Lectura,,2022,Distribución de estudiantes por nivel,,Privado,Nivel 2,32.6,,,%,,,niveles_desempeno.csv
Distribución por niveles de desempeño,Lectura,,2022,Distribución de estudiantes por nivel,,Nacional,Nivel 3,16.56,,,%,,,niveles_desempeno.csv
Distribución por niveles de desempeño,Lectura,,2022,Distribución de estudiantes por nivel,,Hombres,Nivel 3,15.88,,,%,,,niveles_desempeno.csv
Distribución por niveles de desempeño,Lectura,,2022,Distribución de estudiantes por nivel,,Mujeres,Nivel 3,17.24,,,%,,,niveles_desempeno.csv
Distribución por niveles de desempeño,Lectura,,2022,Distribución de estudiantes por nivel,,Público,Nivel 3,12.28,,,%,,,niveles_desempeno.csv
Distribución por niveles de desempeño,Lectura,,2022,Distribución de estudiantes por nivel,,Privado,Nivel 3,28.7,,,%,,,niveles_desempeno.csv
Distribución por niveles de desempeño,Lectura,,2022,Distribución de estudiantes por nivel,,Nacional,Nivel 4,5.16,,,%,,,niveles_desempeno.csv
Distribución por niveles de desempeño,Lectura,,2022,Distribución de estudiantes por nivel,,Hombres,Nivel 4,5.12,,,%,,,niveles_desempeno.csv
Distribución por niveles de desempeño,Lectura,,2022,Distribución de estudiantes por nivel,,Mujeres,Nivel 4,5.21,,,%,,,niveles_desempeno.csv
Distribución por niveles de desempeño,Lectura,,2022,Distribución de estudiantes por nivel,,Público,Nivel 4,3.32,,,%,,,niveles_desempeno.csv
Distribución por niveles de desempeño,Lectura,,2022,Distribución de estudiantes por nivel,,Privado,Nivel 4,10.39,,,%,,,niveles_desempeno.csv
Distribución por niveles de desempeño,Lectura,,2022,Distribución de estudiantes por nivel,,Nacional,Nivel 5,0.65,,,%,,,niveles_desempeno.csv
Distribución por niveles de desempeño,Lectura,,2022,Distribución de estudiantes por nivel,,Hombres,Nivel 5,0.61,,,%,,,niveles_desempeno.csv
Distribución por niveles de desempeño,Lectura,,2022,Distribución de estudiantes por nivel,,Mujeres,Nivel 5,0.7,,,%,,,niveles_desempeno.csv
Distribución por niveles de desempeño,Lectura,,2022,Distribución de estudiantes por nivel,,Público,Nivel 5,0.39,,,%,,,niveles_desempeno.csv
Distribución por niveles de desempeño,Lectura,,2022,Distribución de estudiantes por nivel,,Privado,Nivel 5,1.41,,,%,,,niveles_desempeno.csv
Distribución por niveles de desempeño,Lectura,,2022,Distribución de estudiantes por nivel,,Nacional,Nivel 6,0.04,,,%,,,niveles_desempeno.csv
Distribución por niveles de desempeño,Lectura,,2022,Distribución de estudiantes por nivel,,Hombres,Nivel 6,0.03,,,%,,,niveles_desempeno.csv
Distribución por niveles de desempeño,Lectura,,2022,Distribución de estudiantes por nivel,,Mujeres,Nivel 6,0.04,,,%,,,niveles_desempeno.csv
Distribución por niveles de desempeño,Lectura,,2022,Distribución de estudiantes por nivel,,Público,Nivel 6,0.01,,,%,,,niveles_desempeno.csv
Distribución por niveles de desempeño,Lectura,,2022,Distribución de estudiantes por nivel,,Privado,Nivel 6,0.1,,,%,,,niveles_desempeno.csv
Distribución por niveles de desempeño,Lectura,,2025,Distribución de estudiantes por nivel,,Nacional,Debajo de Nivel 1c,0.62916,,,%,,,niveles_desempeno.csv
Distribución por niveles de desempeño,Lectura,,2025,Distribución de estudiantes por nivel,,Hombres,Debajo de Nivel 1c,0.81179,,,%,,,niveles_desempeno.csv
Distribución por niveles de desempeño,Lectura,,2025,Distribución de estudiantes por nivel,,Mujeres,Debajo de Nivel 1c,0.44016000000000005,,,%,,,niveles_desempeno.csv
Distribución por niveles de desempeño,Lectura,,2025,Distribución de estudiantes por nivel,,Público,Debajo de Nivel 1c,0.8470353210004239,,,%,,,niveles_desempeno.csv
Distribución por niveles de desempeño,Lectura,,2025,Distribución de estudiantes por nivel,,Privado,Debajo de Nivel 1c,0.06575584281922557,,,%,,,niveles_desempeno.csv
Distribución por niveles de desempeño,Lectura,,2025,Distribución de estudiantes por nivel,,Nacional,Nivel 1c,6.161980000000001,,,%,,,niveles_desempeno.csv
Distribución por niveles de desempeño,Lectura,,2025,Distribución de estudiantes por nivel,,Hombres,Nivel 1c,7.6147800000000005,,,%,,,niveles_desempeno.csv
Distribución por niveles de desempeño,Lectura,,2025,Distribución de estudiantes por nivel,,Mujeres,Nivel 1c,4.65859,,,%,,,niveles_desempeno.csv
Distribución por niveles de desempeño,Lectura,,2025,Distribución de estudiantes por nivel,,Público,Nivel 1c,7.598311600037621,,,%,,,niveles_desempeno.csv
Distribución por niveles de desempeño,Lectura,,2025,Distribución de estudiantes por nivel,,Privado,Nivel 1c,2.447873449380496,,,%,,,niveles_desempeno.csv
Distribución por niveles de desempeño,Lectura,,2025,Distribución de estudiantes por nivel,,Nacional,Nivel 1b,20.32156,,,%,,,niveles_desempeno.csv
Distribución por niveles de desempeño,Lectura,,2025,Distribución de estudiantes por nivel,,Hombres,Nivel 1b,22.944640000000003,,,%,,,niveles_desempeno.csv
Distribución por niveles de desempeño,Lectura,,2025,Distribución de estudiantes por nivel,,Mujeres,Nivel 1b,17.60716,,,%,,,niveles_desempeno.csv
Distribución por niveles de desempeño,Lectura,,2025,Distribución de estudiantes por nivel,,Público,Nivel 1b,24.51369871052869,,,%,,,niveles_desempeno.csv
Distribución por niveles de desempeño,Lectura,,2025,Distribución de estudiantes por nivel,,Privado,Nivel 1b,9.481439570301013,,,%,,,niveles_desempeno.csv
Distribución por niveles de desempeño,Lectura,,2025,Distribución de estudiantes por nivel,,Nacional,Nivel 1a,31.061450000000004,,,%,,,niveles_desempeno.csv
Distribución por niveles de desempeño,Lectura,,2025,Distribución de estudiantes por nivel,,Hombres,Nivel 1a,30.523880000000002,,,%,,,niveles_desempeno.csv
Distribución por niveles de desempeño,Lectura,,2025,Distribución de estudiantes por nivel,,Mujeres,Nivel 1a,31.61773,,,%,,,niveles_desempeno.csv
Distribución por niveles de desempeño,Lectura,,2025,Distribución de estudiantes por nivel,,Público,Nivel 1a,33.93553702109882,,,%,,,niveles_desempeno.csv
Distribución por niveles de desempeño,Lectura,,2025,Distribución de estudiantes por nivel,,Privado,Nivel 1a,23.62955554214186,,,%,,,niveles_desempeno.csv
Distribución por niveles de desempeño,Lectura,,2025,Distribución de estudiantes por nivel,,Nacional,Nivel 2,26.022260000000003,,,%,,,niveles_desempeno.csv
Distribución por niveles de desempeño,Lectura,,2025,Distribución de estudiantes por nivel,,Hombres,Nivel 2,23.877930000000003,,,%,,,niveles_desempeno.csv
Distribución por niveles de desempeño,Lectura,,2025,Distribución de estudiantes por nivel,,Mujeres,Nivel 2,28.24125,,,%,,,niveles_desempeno.csv
Distribución por niveles de desempeño,Lectura,,2025,Distribución de estudiantes por nivel,,Público,Nivel 2,23.00154562137076,,,%,,,niveles_desempeno.csv
Distribución por niveles de desempeño,Lectura,,2025,Distribución de estudiantes por nivel,,Privado,Nivel 2,33.83328958045226,,,%,,,niveles_desempeno.csv
Distribución por niveles de desempeño,Lectura,,2025,Distribución de estudiantes por nivel,,Nacional,Nivel 3,12.823440000000002,,,%,,,niveles_desempeno.csv
Distribución por niveles de desempeño,Lectura,,2025,Distribución de estudiantes por nivel,,Hombres,Nivel 3,11.52904,,,%,,,niveles_desempeno.csv
Distribución por niveles de desempeño,Lectura,,2025,Distribución de estudiantes por nivel,,Mujeres,Nivel 3,14.162910000000002,,,%,,,niveles_desempeno.csv
Distribución por niveles de desempeño,Lectura,,2025,Distribución de estudiantes por nivel,,Público,Nivel 3,8.758420812387596,,,%,,,niveles_desempeno.csv
Distribución por niveles de desempeño,Lectura,,2025,Distribución de estudiantes por nivel,,Privado,Nivel 3,23.33485282488569,,,%,,,niveles_desempeno.csv
Distribución por niveles de desempeño,Lectura,,2025,Distribución de estudiantes por nivel,,Nacional,Nivel 4,2.74962,,,%,,,niveles_desempeno.csv
Distribución por niveles de desempeño,Lectura,,2025,Distribución de estudiantes por nivel,,Hombres,Nivel 4,2.51582,,,%,,,niveles_desempeno.csv
Distribución por niveles de desempeño,Lectura,,2025,Distribución de estudiantes por nivel,,Mujeres,Nivel 4,2.9915700000000003,,,%,,,niveles_desempeno.csv
Distribución por niveles de desempeño,Lectura,,2025,Distribución de estudiantes por nivel,,Público,Nivel 4,1.243629503623991,,,%,,,niveles_desempeno.csv
Distribución por niveles de desempeño,Lectura,,2025,Distribución de estudiantes por nivel,,Privado,Nivel 4,6.643856697208554,,,%,,,niveles_desempeno.csv
Distribución por niveles de desempeño,Lectura,,2025,Distribución de estudiantes por nivel,,Nacional,Nivel 5,0.23054000000000002,,,%,,,niveles_desempeno.csv
Distribución por niveles de desempeño,Lectura,,2025,Distribución de estudiantes por nivel,,Hombres,Nivel 5,0.18212,,,%,,,niveles_desempeno.csv
Distribución por niveles de desempeño,Lectura,,2025,Distribución de estudiantes por nivel,,Mujeres,Nivel 5,0.28064,,,%,,,niveles_desempeno.csv
Distribución por niveles de desempeño,Lectura,,2025,Distribución de estudiantes por nivel,,Público,Nivel 5,0.1018214099520953,,,%,,,niveles_desempeno.csv
Distribución por niveles de desempeño,Lectura,,2025,Distribución de estudiantes por nivel,,Privado,Nivel 5,0.5633764928109002,,,%,,,niveles_desempeno.csv
Distribución por niveles de desempeño,Lectura,,2025,Distribución de estudiantes por nivel,,Nacional,Nivel 6,0,,,%,,,niveles_desempeno.csv
Distribución por niveles de desempeño,Lectura,,2025,Distribución de estudiantes por nivel,,Hombres,Nivel 6,0,,,%,,,niveles_desempeno.csv
Distribución por niveles de desempeño,Lectura,,2025,Distribución de estudiantes por nivel,,Mujeres,Nivel 6,0,,,%,,,niveles_desempeno.csv
Distribución por niveles de desempeño,Lectura,,2025,Distribución de estudiantes por nivel,,Público,Nivel 6,0,,,%,,,niveles_desempeno.csv
Distribución por niveles de desempeño,Lectura,,2025,Distribución de estudiantes por nivel,,Privado,Nivel 6,0,,,%,,,niveles_desempeno.csv
Distribución por niveles de desempeño,Matemática,,2009,Distribución de estudiantes por nivel,,Nacional,Debajo de Nivel 1,47.644062455422,,,%,,,niveles_desempeno.csv
Distribución por niveles de desempeño,Matemática,,2009,Distribución de estudiantes por nivel,,Hombres,Debajo de Nivel 1,44.467310114694,,,%,,,niveles_desempeno.csv
Distribución por niveles de desempeño,Matemática,,2009,Distribución de estudiantes por nivel,,Mujeres,Debajo de Nivel 1,50.885213036402,,,%,,,niveles_desempeno.csv
Distribución por niveles de desempeño,Matemática,,2009,Distribución de estudiantes por nivel,,Público,Debajo de Nivel 1,56.462,,,%,,,niveles_desempeno.csv
Distribución por niveles de desempeño,Matemática,,2009,Distribución de estudiantes por nivel,,Privado,Debajo de Nivel 1,20.582,,,%,,,niveles_desempeno.csv
Distribución por niveles de desempeño,Matemática,,2009,Distribución de estudiantes por nivel,,Nacional,Nivel 1,25.887416988023,,,%,,,niveles_desempeno.csv
Distribución por niveles de desempeño,Matemática,,2009,Distribución de estudiantes por nivel,,Hombres,Nivel 1,26.011871052218,,,%,,,niveles_desempeno.csv
Distribución por niveles de desempeño,Matemática,,2009,Distribución de estudiantes por nivel,,Mujeres,Nivel 1,25.760440025639,,,%,,,niveles_desempeno.csv
Distribución por niveles de desempeño,Matemática,,2009,Distribución de estudiantes por nivel,,Público,Nivel 1,25.884000000000004,,,%,,,niveles_desempeno.csv
Distribución por niveles de desempeño,Matemática,,2009,Distribución de estudiantes por nivel,,Privado,Nivel 1,25.896000000000004,,,%,,,niveles_desempeno.csv
Distribución por niveles de desempeño,Matemática,,2009,Distribución de estudiantes por nivel,,Nacional,Nivel 2,16.90065370692,,,%,,,niveles_desempeno.csv
Distribución por niveles de desempeño,Matemática,,2009,Distribución de estudiantes por nivel,,Hombres,Nivel 2,18.215781844253,,,%,,,niveles_desempeno.csv
Distribución por niveles de desempeño,Matemática,,2009,Distribución de estudiantes por nivel,,Mujeres,Nivel 2,15.558865657619,,,%,,,niveles_desempeno.csv
Distribución por niveles de desempeño,Matemática,,2009,Distribución de estudiantes por nivel,,Público,Nivel 2,13.295999999999998,,,%,,,niveles_desempeno.csv
Distribución por niveles de desempeño,Matemática,,2009,Distribución de estudiantes por nivel,,Privado,Nivel 2,27.962,,,%,,,niveles_desempeno.csv
Distribución por niveles de desempeño,Matemática,,2009,Distribución de estudiantes por nivel,,Nacional,Nivel 3,6.847907786695,,,%,,,niveles_desempeno.csv
Distribución por niveles de desempeño,Matemática,,2009,Distribución de estudiantes por nivel,,Hombres,Nivel 3,7.704662796145,,,%,,,niveles_desempeno.csv
Distribución por niveles de desempeño,Matemática,,2009,Distribución de estudiantes por nivel,,Mujeres,Nivel 3,5.973784877889,,,%,,,niveles_desempeno.csv
Distribución por niveles de desempeño,Matemática,,2009,Distribución de estudiantes por nivel,,Público,Nivel 3,3.78,,,%,,,niveles_desempeno.csv
Distribución por niveles de desempeño,Matemática,,2009,Distribución de estudiantes por nivel,,Privado,Nivel 3,16.262,,,%,,,niveles_desempeno.csv
Distribución por niveles de desempeño,Matemática,,2009,Distribución de estudiantes por nivel,,Nacional,Nivel 4,2.094571920308,,,%,,,niveles_desempeno.csv
Distribución por niveles de desempeño,Matemática,,2009,Distribución de estudiantes por nivel,,Hombres,Nivel 4,2.641819476298,,,%,,,niveles_desempeno.csv
Distribución por niveles de desempeño,Matemática,,2009,Distribución de estudiantes por nivel,,Mujeres,Nivel 4,1.536230714008,,,%,,,niveles_desempeno.csv
Distribución por niveles de desempeño,Matemática,,2009,Distribución de estudiantes por nivel,,Público,Nivel 4,0.5359999999999999,,,%,,,niveles_desempeno.csv
Distribución por niveles de desempeño,Matemática,,2009,Distribución de estudiantes por nivel,,Privado,Nivel 4,6.872,,,%,,,niveles_desempeno.csv
Distribución por niveles de desempeño,Matemática,,2009,Distribución de estudiantes por nivel,,Nacional,Nivel 5,0.533081810103,,,%,,,niveles_desempeno.csv
Distribución por niveles de desempeño,Matemática,,2009,Distribución de estudiantes por nivel,,Hombres,Nivel 5,0.799664545671,,,%,,,niveles_desempeno.csv
Distribución por niveles de desempeño,Matemática,,2009,Distribución de estudiantes por nivel,,Mujeres,Nivel 5,0.261094983433,,,%,,,niveles_desempeno.csv
Distribución por niveles de desempeño,Matemática,,2009,Distribución de estudiantes por nivel,,Público,Nivel 5,0.04,,,%,,,niveles_desempeno.csv
Distribución por niveles de desempeño,Matemática,,2009,Distribución de estudiantes por nivel,,Privado,Nivel 5,2.05,,,%,,,niveles_desempeno.csv
Distribución por niveles de desempeño,Matemática,,2009,Distribución de estudiantes por nivel,,Nacional,Nivel 6,0.092305332529,,,%,,,niveles_desempeno.csv
Distribución por niveles de desempeño,Matemática,,2009,Distribución de estudiantes por nivel,,Hombres,Nivel 6,0.158890170721,,,%,,,niveles_desempeno.csv
Distribución por niveles de desempeño,Matemática,,2009,Distribución de estudiantes por nivel,,Mujeres,Nivel 6,0.024370705008,,,%,,,niveles_desempeno.csv
Distribución por niveles de desempeño,Matemática,,2009,Distribución de estudiantes por nivel,,Público,Nivel 6,0,,,%,,,niveles_desempeno.csv
Distribución por niveles de desempeño,Matemática,,2009,Distribución de estudiantes por nivel,,Privado,Nivel 6,0.378,,,%,,,niveles_desempeno.csv
Distribución por niveles de desempeño,Matemática,,2012,Distribución de estudiantes por nivel,,Nacional,Debajo de Nivel 1,46.96796600009873,,,%,,,niveles_desempeno.csv
Distribución por niveles de desempeño,Matemática,,2012,Distribución de estudiantes por nivel,,Hombres,Debajo de Nivel 1,42.64111042570262,,,%,,,niveles_desempeno.csv
Distribución por niveles de desempeño,Matemática,,2012,Distribución de estudiantes por nivel,,Mujeres,Debajo de Nivel 1,51.05719864473777,,,%,,,niveles_desempeno.csv
Distribución por niveles de desempeño,Matemática,,2012,Distribución de estudiantes por nivel,,Público,Debajo de Nivel 1,55.331999999999994,,,%,,,niveles_desempeno.csv
Distribución por niveles de desempeño,Matemática,,2012,Distribución de estudiantes por nivel,,Privado,Debajo de Nivel 1,22.172,,,%,,,niveles_desempeno.csv
Distribución por niveles de desempeño,Matemática,,2012,Distribución de estudiantes por nivel,,Nacional,Nivel 1,27.613430694729622,,,%,,,niveles_desempeno.csv
Distribución por niveles de desempeño,Matemática,,2012,Distribución de estudiantes por nivel,,Hombres,Nivel 1,28.847263136201878,,,%,,,niveles_desempeno.csv
Distribución por niveles de desempeño,Matemática,,2012,Distribución de estudiantes por nivel,,Mujeres,Nivel 1,26.447358055850682,,,%,,,niveles_desempeno.csv
Distribución por niveles de desempeño,Matemática,,2012,Distribución de estudiantes por nivel,,Público,Nivel 1,27.496,,,%,,,niveles_desempeno.csv
Distribución por niveles de desempeño,Matemática,,2012,Distribución de estudiantes por nivel,,Privado,Nivel 1,27.965999999999998,,,%,,,niveles_desempeno.csv
Distribución por niveles de desempeño,Matemática,,2012,Distribución de estudiantes por nivel,,Nacional,Nivel 2,16.130531383546405,,,%,,,niveles_desempeno.csv
Distribución por niveles de desempeño,Matemática,,2012,Distribución de estudiantes por nivel,,Hombres,Nivel 2,17.48848028500852,,,%,,,niveles_desempeno.csv
Distribución por niveles de desempeño,Matemática,,2012,Distribución de estudiantes por nivel,,Mujeres,Nivel 2,14.84715853179943,,,%,,,niveles_desempeno.csv
Distribución por niveles de desempeño,Matemática,,2012,Distribución de estudiantes por nivel,,Público,Nivel 2,12.87,,,%,,,niveles_desempeno.csv
Distribución por niveles de desempeño,Matemática,,2012,Distribución de estudiantes por nivel,,Privado,Nivel 2,25.792,,,%,,,niveles_desempeno.csv
Distribución por niveles de desempeño,Matemática,,2012,Distribución de estudiantes por nivel,,Nacional,Nivel 3,6.657309161663982,,,%,,,niveles_desempeno.csv
Distribución por niveles de desempeño,Matemática,,2012,Distribución de estudiantes por nivel,,Hombres,Nivel 3,7.611071830868755,,,%,,,niveles_desempeno.csv
Distribución por niveles de desempeño,Matemática,,2012,Distribución de estudiantes por nivel,,Mujeres,Nivel 3,5.755925379587012,,,%,,,niveles_desempeno.csv
Distribución por niveles de desempeño,Matemática,,2012,Distribución de estudiantes por nivel,,Público,Nivel 3,3.624,,,%,,,niveles_desempeno.csv
Distribución por niveles de desempeño,Matemática,,2012,Distribución de estudiantes por nivel,,Privado,Nivel 3,15.656,,,%,,,niveles_desempeno.csv
Distribución por niveles de desempeño,Matemática,,2012,Distribución de estudiantes por nivel,,Nacional,Nivel 4,2.058024292673558,,,%,,,niveles_desempeno.csv
Distribución por niveles de desempeño,Matemática,,2012,Distribución de estudiantes por nivel,,Hombres,Nivel 4,2.6776045401634225,,,%,,,niveles_desempeno.csv
Distribución por niveles de desempeño,Matemática,,2012,Distribución de estudiantes por nivel,,Mujeres,Nivel 4,1.4724702499175908,,,%,,,niveles_desempeno.csv
Distribución por niveles de desempeño,Matemática,,2012,Distribución de estudiantes por nivel,,Público,Nivel 4,0.616,,,%,,,niveles_desempeno.csv
Distribución por niveles de desempeño,Matemática,,2012,Distribución de estudiantes por nivel,,Privado,Nivel 4,6.342,,,%,,,niveles_desempeno.csv
Distribución por niveles de desempeño,Matemática,,2012,Distribución de estudiantes por nivel,,Nacional,Nivel 5,0.5460340419228318,,,%,,,niveles_desempeno.csv
Distribución por niveles de desempeño,Matemática,,2012,Distribución de estudiantes por nivel,,Hombres,Nivel 5,0.6843283799700745,,,%,,,niveles_desempeno.csv
Distribución por niveles de desempeño,Matemática,,2012,Distribución de estudiantes por nivel,,Mujeres,Nivel 5,0.4153345739170376,,,%,,,niveles_desempeno.csv
Distribución por niveles de desempeño,Matemática,,2012,Distribución de estudiantes por nivel,,Público,Nivel 5,0.06200000000000001,,,%,,,niveles_desempeno.csv
Distribución por niveles de desempeño,Matemática,,2012,Distribución de estudiantes por nivel,,Privado,Nivel 5,1.9739999999999998,,,%,,,niveles_desempeno.csv
Distribución por niveles de desempeño,Matemática,,2012,Distribución de estudiantes por nivel,,Nacional,Nivel 6,0.026704425364871144,,,%,,,niveles_desempeno.csv
Distribución por niveles de desempeño,Matemática,,2012,Distribución de estudiantes por nivel,,Hombres,Nivel 6,0.05014140208473058,,,%,,,niveles_desempeno.csv
Distribución por niveles de desempeño,Matemática,,2012,Distribución de estudiantes por nivel,,Mujeres,Nivel 6,0.0045545641904709555,,,%,,,niveles_desempeno.csv
Distribución por niveles de desempeño,Matemática,,2012,Distribución de estudiantes por nivel,,Público,Nivel 6,0,,,%,,,niveles_desempeno.csv
Distribución por niveles de desempeño,Matemática,,2012,Distribución de estudiantes por nivel,,Privado,Nivel 6,0.10600000000000001,,,%,,,niveles_desempeno.csv
Distribución por niveles de desempeño,Matemática,,2015,Distribución de estudiantes por nivel,,Nacional,Debajo de Nivel 1,37.73081604909506,,,%,,,niveles_desempeno.csv
Distribución por niveles de desempeño,Matemática,,2015,Distribución de estudiantes por nivel,,Hombres,Debajo de Nivel 1,35.724000000000004,,,%,,,niveles_desempeno.csv
Distribución por niveles de desempeño,Matemática,,2015,Distribución de estudiantes por nivel,,Mujeres,Debajo de Nivel 1,39.757000000000005,,,%,,,niveles_desempeno.csv
Distribución por niveles de desempeño,Matemática,,2015,Distribución de estudiantes por nivel,,Público,Debajo de Nivel 1,44.04299999999999,,,%,,,niveles_desempeno.csv
Distribución por niveles de desempeño,Matemática,,2015,Distribución de estudiantes por nivel,,Privado,Debajo de Nivel 1,19.843999999999998,,,%,,,niveles_desempeno.csv
Distribución por niveles de desempeño,Matemática,,2015,Distribución de estudiantes por nivel,,Nacional,Nivel 1,28.42969732934413,,,%,,,niveles_desempeno.csv
Distribución por niveles de desempeño,Matemática,,2015,Distribución de estudiantes por nivel,,Hombres,Nivel 1,28.202999999999996,,,%,,,niveles_desempeno.csv
Distribución por niveles de desempeño,Matemática,,2015,Distribución de estudiantes por nivel,,Mujeres,Nivel 1,28.657999999999998,,,%,,,niveles_desempeno.csv
Distribución por niveles de desempeño,Matemática,,2015,Distribución de estudiantes por nivel,,Público,Nivel 1,29.504,,,%,,,niveles_desempeno.csv
Distribución por niveles de desempeño,Matemática,,2015,Distribución de estudiantes por nivel,,Privado,Nivel 1,25.388,,,%,,,niveles_desempeno.csv
Distribución por niveles de desempeño,Matemática,,2015,Distribución de estudiantes por nivel,,Nacional,Nivel 2,20.993365713309117,,,%,,,niveles_desempeno.csv
Distribución por niveles de desempeño,Matemática,,2015,Distribución de estudiantes por nivel,,Hombres,Nivel 2,21.669000000000004,,,%,,,niveles_desempeno.csv
Distribución por niveles de desempeño,Matemática,,2015,Distribución de estudiantes por nivel,,Mujeres,Nivel 2,20.311,,,%,,,niveles_desempeno.csv
Distribución por niveles de desempeño,Matemática,,2015,Distribución de estudiantes por nivel,,Público,Nivel 2,18.398999999999997,,,%,,,niveles_desempeno.csv
Distribución por niveles de desempeño,Matemática,,2015,Distribución de estudiantes por nivel,,Privado,Nivel 2,28.341999999999995,,,%,,,niveles_desempeno.csv
Distribución por niveles de desempeño,Matemática,,2015,Distribución de estudiantes por nivel,,Nacional,Nivel 3,9.769247274654731,,,%,,,niveles_desempeno.csv
Distribución por niveles de desempeño,Matemática,,2015,Distribución de estudiantes por nivel,,Hombres,Nivel 3,10.863999999999999,,,%,,,niveles_desempeno.csv
Distribución por niveles de desempeño,Matemática,,2015,Distribución de estudiantes por nivel,,Mujeres,Nivel 3,8.663,,,%,,,niveles_desempeno.csv
Distribución por niveles de desempeño,Matemática,,2015,Distribución de estudiantes por nivel,,Público,Nivel 3,6.719999999999999,,,%,,,niveles_desempeno.csv
Distribución por niveles de desempeño,Matemática,,2015,Distribución de estudiantes por nivel,,Privado,Nivel 3,18.410999999999998,,,%,,,niveles_desempeno.csv
Distribución por niveles de desempeño,Matemática,,2015,Distribución de estudiantes por nivel,,Nacional,Nivel 4,2.68928503980337,,,%,,,niveles_desempeno.csv
Distribución por niveles de desempeño,Matemática,,2015,Distribución de estudiantes por nivel,,Hombres,Nivel 4,3.0639999999999996,,,%,,,niveles_desempeno.csv
Distribución por niveles de desempeño,Matemática,,2015,Distribución de estudiantes por nivel,,Mujeres,Nivel 4,2.3080000000000003,,,%,,,niveles_desempeno.csv
Distribución por niveles de desempeño,Matemática,,2015,Distribución de estudiantes por nivel,,Público,Nivel 4,1.202,,,%,,,niveles_desempeno.csv
Distribución por niveles de desempeño,Matemática,,2015,Distribución de estudiantes por nivel,,Privado,Nivel 4,6.908999999999999,,,%,,,niveles_desempeno.csv
Distribución por niveles de desempeño,Matemática,,2015,Distribución de estudiantes por nivel,,Nacional,Nivel 5,0.37128802490267393,,,%,,,niveles_desempeno.csv
Distribución por niveles de desempeño,Matemática,,2015,Distribución de estudiantes por nivel,,Hombres,Nivel 5,0.45499999999999996,,,%,,,niveles_desempeno.csv
Distribución por niveles de desempeño,Matemática,,2015,Distribución de estudiantes por nivel,,Mujeres,Nivel 5,0.288,,,%,,,niveles_desempeno.csv
Distribución por niveles de desempeño,Matemática,,2015,Distribución de estudiantes por nivel,,Público,Nivel 5,0.126,,,%,,,niveles_desempeno.csv
Distribución por niveles de desempeño,Matemática,,2015,Distribución de estudiantes por nivel,,Privado,Nivel 5,1.0669999999999997,,,%,,,niveles_desempeno.csv
Distribución por niveles de desempeño,Matemática,,2015,Distribución de estudiantes por nivel,,Nacional,Nivel 6,0.016300568890919433,,,%,,,niveles_desempeno.csv
Distribución por niveles de desempeño,Matemática,,2015,Distribución de estudiantes por nivel,,Hombres,Nivel 6,0.025714285714285714,,,%,,,niveles_desempeno.csv
Distribución por niveles de desempeño,Matemática,,2015,Distribución de estudiantes por nivel,,Mujeres,Nivel 6,0.02142857142857143,,,%,,,niveles_desempeno.csv
Distribución por niveles de desempeño,Matemática,,2015,Distribución de estudiantes por nivel,,Público,Nivel 6,0.008571428571428572,,,%,,,niveles_desempeno.csv
Distribución por niveles de desempeño,Matemática,,2015,Distribución de estudiantes por nivel,,Privado,Nivel 6,0.06571428571428571,,,%,,,niveles_desempeno.csv
Distribución por niveles de desempeño,Matemática,,2018,Distribución de estudiantes por nivel,,Nacional,Debajo de Nivel 1,32.04,,,%,,,niveles_desempeno.csv
Distribución por niveles de desempeño,Matemática,,2018,Distribución de estudiantes por nivel,,Hombres,Debajo de Nivel 1,29.59,,,%,,,niveles_desempeno.csv
Distribución por niveles de desempeño,Matemática,,2018,Distribución de estudiantes por nivel,,Mujeres,Debajo de Nivel 1,34.6,,,%,,,niveles_desempeno.csv
Distribución por niveles de desempeño,Matemática,,2018,Distribución de estudiantes por nivel,,Público,Debajo de Nivel 1,38.63,,,%,,,niveles_desempeno.csv
Distribución por niveles de desempeño,Matemática,,2018,Distribución de estudiantes por nivel,,Privado,Debajo de Nivel 1,12.73,,,%,,,niveles_desempeno.csv
Distribución por niveles de desempeño,Matemática,,2018,Distribución de estudiantes por nivel,,Nacional,Nivel 1,28.29,,,%,,,niveles_desempeno.csv
Distribución por niveles de desempeño,Matemática,,2018,Distribución de estudiantes por nivel,,Hombres,Nivel 1,27.65,,,%,,,niveles_desempeno.csv
Distribución por niveles de desempeño,Matemática,,2018,Distribución de estudiantes por nivel,,Mujeres,Nivel 1,28.97,,,%,,,niveles_desempeno.csv
Distribución por niveles de desempeño,Matemática,,2018,Distribución de estudiantes por nivel,,Público,Nivel 1,30.14,,,%,,,niveles_desempeno.csv
Distribución por niveles de desempeño,Matemática,,2018,Distribución de estudiantes por nivel,,Privado,Nivel 1,22.87,,,%,,,niveles_desempeno.csv
Distribución por niveles de desempeño,Matemática,,2018,Distribución de estudiantes por nivel,,Nacional,Nivel 2,23.06,,,%,,,niveles_desempeno.csv
Distribución por niveles de desempeño,Matemática,,2018,Distribución de estudiantes por nivel,,Hombres,Nivel 2,22.91,,,%,,,niveles_desempeno.csv
Distribución por niveles de desempeño,Matemática,,2018,Distribución de estudiantes por nivel,,Mujeres,Nivel 2,23.22,,,%,,,niveles_desempeno.csv
Distribución por niveles de desempeño,Matemática,,2018,Distribución de estudiantes por nivel,,Público,Nivel 2,20.78,,,%,,,niveles_desempeno.csv
Distribución por niveles de desempeño,Matemática,,2018,Distribución de estudiantes por nivel,,Privado,Nivel 2,29.74,,,%,,,niveles_desempeno.csv
Distribución por niveles de desempeño,Matemática,,2018,Distribución de estudiantes por nivel,,Nacional,Nivel 3,11.62,,,%,,,niveles_desempeno.csv
Distribución por niveles de desempeño,Matemática,,2018,Distribución de estudiantes por nivel,,Hombres,Nivel 3,13.09,,,%,,,niveles_desempeno.csv
Distribución por niveles de desempeño,Matemática,,2018,Distribución de estudiantes por nivel,,Mujeres,Nivel 3,10.1,,,%,,,niveles_desempeno.csv
Distribución por niveles de desempeño,Matemática,,2018,Distribución de estudiantes por nivel,,Público,Nivel 3,8.25,,,%,,,niveles_desempeno.csv
Distribución por niveles de desempeño,Matemática,,2018,Distribución de estudiantes por nivel,,Privado,Nivel 3,21.51,,,%,,,niveles_desempeno.csv
Distribución por niveles de desempeño,Matemática,,2018,Distribución de estudiantes por nivel,,Nacional,Nivel 4,4.11,,,%,,,niveles_desempeno.csv
Distribución por niveles de desempeño,Matemática,,2018,Distribución de estudiantes por nivel,,Hombres,Nivel 4,5.44,,,%,,,niveles_desempeno.csv
Distribución por niveles de desempeño,Matemática,,2018,Distribución de estudiantes por nivel,,Mujeres,Nivel 4,2.74,,,%,,,niveles_desempeno.csv
Distribución por niveles de desempeño,Matemática,,2018,Distribución de estudiantes por nivel,,Público,Nivel 4,1.93,,,%,,,niveles_desempeno.csv
Distribución por niveles de desempeño,Matemática,,2018,Distribución de estudiantes por nivel,,Privado,Nivel 4,10.52,,,%,,,niveles_desempeno.csv
Distribución por niveles de desempeño,Matemática,,2018,Distribución de estudiantes por nivel,,Nacional,Nivel 5,0.79,,,%,,,niveles_desempeno.csv
Distribución por niveles de desempeño,Matemática,,2018,Distribución de estudiantes por nivel,,Hombres,Nivel 5,1.21,,,%,,,niveles_desempeno.csv
Distribución por niveles de desempeño,Matemática,,2018,Distribución de estudiantes por nivel,,Mujeres,Nivel 5,0.36,,,%,,,niveles_desempeno.csv
Distribución por niveles de desempeño,Matemática,,2018,Distribución de estudiantes por nivel,,Público,Nivel 5,0.24,,,%,,,niveles_desempeno.csv
Distribución por niveles de desempeño,Matemática,,2018,Distribución de estudiantes por nivel,,Privado,Nivel 5,2.42,,,%,,,niveles_desempeno.csv
Distribución por niveles de desempeño,Matemática,,2018,Distribución de estudiantes por nivel,,Nacional,Nivel 6,0.07,,,%,,,niveles_desempeno.csv
Distribución por niveles de desempeño,Matemática,,2018,Distribución de estudiantes por nivel,,Hombres,Nivel 6,0.13,,,%,,,niveles_desempeno.csv
Distribución por niveles de desempeño,Matemática,,2018,Distribución de estudiantes por nivel,,Mujeres,Nivel 6,0.01,,,%,,,niveles_desempeno.csv
Distribución por niveles de desempeño,Matemática,,2018,Distribución de estudiantes por nivel,,Público,Nivel 6,0.02,,,%,,,niveles_desempeno.csv
Distribución por niveles de desempeño,Matemática,,2018,Distribución de estudiantes por nivel,,Privado,Nivel 6,0.21,,,%,,,niveles_desempeno.csv
Distribución por niveles de desempeño,Matemática,,2022,Distribución de estudiantes por nivel,,Nacional,Debajo de Nivel 1c,1.13,,,%,,,niveles_desempeno.csv
Distribución por niveles de desempeño,Matemática,,2022,Distribución de estudiantes por nivel,,Hombres,Debajo de Nivel 1c,0.82,,,%,,,niveles_desempeno.csv
Distribución por niveles de desempeño,Matemática,,2022,Distribución de estudiantes por nivel,,Mujeres,Debajo de Nivel 1c,1.44,,,%,,,niveles_desempeno.csv
Distribución por niveles de desempeño,Matemática,,2022,Distribución de estudiantes por nivel,,Público,Debajo de Nivel 1c,1.447,,,%,,,niveles_desempeno.csv
Distribución por niveles de desempeño,Matemática,,2022,Distribución de estudiantes por nivel,,Privado,Debajo de Nivel 1c,0.23,,,%,,,niveles_desempeno.csv
Distribución por niveles de desempeño,Matemática,,2022,Distribución de estudiantes por nivel,,Nacional,Nivel 1c,8.97,,,%,,,niveles_desempeno.csv
Distribución por niveles de desempeño,Matemática,,2022,Distribución de estudiantes por nivel,,Hombres,Nivel 1c,8.37,,,%,,,niveles_desempeno.csv
Distribución por niveles de desempeño,Matemática,,2022,Distribución de estudiantes por nivel,,Mujeres,Nivel 1c,9.57,,,%,,,niveles_desempeno.csv
Distribución por niveles de desempeño,Matemática,,2022,Distribución de estudiantes por nivel,,Público,Nivel 1c,11.25,,,%,,,niveles_desempeno.csv
Distribución por niveles de desempeño,Matemática,,2022,Distribución de estudiantes por nivel,,Privado,Nivel 1c,2.5,,,%,,,niveles_desempeno.csv
Distribución por niveles de desempeño,Matemática,,2022,Distribución de estudiantes por nivel,,Nacional,Nivel 1b,25.59,,,%,,,niveles_desempeno.csv
Distribución por niveles de desempeño,Matemática,,2022,Distribución de estudiantes por nivel,,Hombres,Nivel 1b,23.71,,,%,,,niveles_desempeno.csv
Distribución por niveles de desempeño,Matemática,,2022,Distribución de estudiantes por nivel,,Mujeres,Nivel 1b,27.47,,,%,,,niveles_desempeno.csv
Distribución por niveles de desempeño,Matemática,,2022,Distribución de estudiantes por nivel,,Público,Nivel 1b,30.27,,,%,,,niveles_desempeno.csv
Distribución por niveles de desempeño,Matemática,,2022,Distribución de estudiantes por nivel,,Privado,Nivel 1b,12.31,,,%,,,niveles_desempeno.csv
Distribución por niveles de desempeño,Matemática,,2022,Distribución de estudiantes por nivel,,Nacional,Nivel 1a,30.48,,,%,,,niveles_desempeno.csv
Distribución por niveles de desempeño,Matemática,,2022,Distribución de estudiantes por nivel,,Hombres,Nivel 1a,29.29,,,%,,,niveles_desempeno.csv
Distribución por niveles de desempeño,Matemática,,2022,Distribución de estudiantes por nivel,,Mujeres,Nivel 1a,31.67,,,%,,,niveles_desempeno.csv
Distribución por niveles de desempeño,Matemática,,2022,Distribución de estudiantes por nivel,,Público,Nivel 1a,31.88,,,%,,,niveles_desempeno.csv
Distribución por niveles de desempeño,Matemática,,2022,Distribución de estudiantes por nivel,,Privado,Nivel 1a,26.51,,,%,,,niveles_desempeno.csv
Distribución por niveles de desempeño,Matemática,,2022,Distribución de estudiantes por nivel,,Nacional,Nivel 2,20.77,,,%,,,niveles_desempeno.csv
Distribución por niveles de desempeño,Matemática,,2022,Distribución de estudiantes por nivel,,Hombres,Nivel 2,21.99,,,%,,,niveles_desempeno.csv
Distribución por niveles de desempeño,Matemática,,2022,Distribución de estudiantes por nivel,,Mujeres,Nivel 2,19.545,,,%,,,niveles_desempeno.csv
Distribución por niveles de desempeño,Matemática,,2022,Distribución de estudiantes por nivel,,Público,Nivel 2,17.1,,,%,,,niveles_desempeno.csv
Distribución por niveles de desempeño,Matemática,,2022,Distribución de estudiantes por nivel,,Privado,Nivel 2,31.17,,,%,,,niveles_desempeno.csv
Distribución por niveles de desempeño,Matemática,,2022,Distribución de estudiantes por nivel,,Nacional,Nivel 3,9.74,,,%,,,niveles_desempeno.csv
Distribución por niveles de desempeño,Matemática,,2022,Distribución de estudiantes por nivel,,Hombres,Nivel 3,11.37,,,%,,,niveles_desempeno.csv
Distribución por niveles de desempeño,Matemática,,2022,Distribución de estudiantes por nivel,,Mujeres,Nivel 3,8.13,,,%,,,niveles_desempeno.csv
Distribución por niveles de desempeño,Matemática,,2022,Distribución de estudiantes por nivel,,Público,Nivel 3,6.25,,,%,,,niveles_desempeno.csv
Distribución por niveles de desempeño,Matemática,,2022,Distribución de estudiantes por nivel,,Privado,Nivel 3,19.67,,,%,,,niveles_desempeno.csv
Distribución por niveles de desempeño,Matemática,,2022,Distribución de estudiantes por nivel,,Nacional,Nivel 4,2.83,,,%,,,niveles_desempeno.csv
Distribución por niveles de desempeño,Matemática,,2022,Distribución de estudiantes por nivel,,Hombres,Nivel 4,3.72,,,%,,,niveles_desempeno.csv
Distribución por niveles de desempeño,Matemática,,2022,Distribución de estudiantes por nivel,,Mujeres,Nivel 4,1.93,,,%,,,niveles_desempeno.csv
Distribución por niveles de desempeño,Matemática,,2022,Distribución de estudiantes por nivel,,Público,Nivel 4,1.57,,,%,,,niveles_desempeno.csv
Distribución por niveles de desempeño,Matemática,,2022,Distribución de estudiantes por nivel,,Privado,Nivel 4,6.4,,,%,,,niveles_desempeno.csv
Distribución por niveles de desempeño,Matemática,,2022,Distribución de estudiantes por nivel,,Nacional,Nivel 5,0.46,,,%,,,niveles_desempeno.csv
Distribución por niveles de desempeño,Matemática,,2022,Distribución de estudiantes por nivel,,Hombres,Nivel 5,0.69,,,%,,,niveles_desempeno.csv
Distribución por niveles de desempeño,Matemática,,2022,Distribución de estudiantes por nivel,,Mujeres,Nivel 5,0.23,,,%,,,niveles_desempeno.csv
Distribución por niveles de desempeño,Matemática,,2022,Distribución de estudiantes por nivel,,Público,Nivel 5,0.22,,,%,,,niveles_desempeno.csv
Distribución por niveles de desempeño,Matemática,,2022,Distribución de estudiantes por nivel,,Privado,Nivel 5,1.14,,,%,,,niveles_desempeno.csv
Distribución por niveles de desempeño,Matemática,,2022,Distribución de estudiantes por nivel,,Nacional,Nivel 6,0.03,,,%,,,niveles_desempeno.csv
Distribución por niveles de desempeño,Matemática,,2022,Distribución de estudiantes por nivel,,Hombres,Nivel 6,0.04,,,%,,,niveles_desempeno.csv
Distribución por niveles de desempeño,Matemática,,2022,Distribución de estudiantes por nivel,,Mujeres,Nivel 6,0.01,,,%,,,niveles_desempeno.csv
Distribución por niveles de desempeño,Matemática,,2022,Distribución de estudiantes por nivel,,Público,Nivel 6,0.01,,,%,,,niveles_desempeno.csv
Distribución por niveles de desempeño,Matemática,,2022,Distribución de estudiantes por nivel,,Privado,Nivel 6,0.07,,,%,,,niveles_desempeno.csv
Distribución por niveles de desempeño,Matemática,,2025,Distribución de estudiantes por nivel,,Nacional,Debajo de Nivel 1c,1.9315900000000001,,,%,,,niveles_desempeno.csv
Distribución por niveles de desempeño,Matemática,,2025,Distribución de estudiantes por nivel,,Hombres,Debajo de Nivel 1c,1.4991500000000002,,,%,,,niveles_desempeno.csv
Distribución por niveles de desempeño,Matemática,,2025,Distribución de estudiantes por nivel,,Mujeres,Debajo de Nivel 1c,2.37908,,,%,,,niveles_desempeno.csv
Distribución por niveles de desempeño,Matemática,,2025,Distribución de estudiantes por nivel,,Público,Debajo de Nivel 1c,2.493158928749518,,,%,,,niveles_desempeno.csv
Distribución por niveles de desempeño,Matemática,,2025,Distribución de estudiantes por nivel,,Privado,Debajo de Nivel 1c,0.4794554775884265,,,%,,,niveles_desempeno.csv
Distribución por niveles de desempeño,Matemática,,2025,Distribución de estudiantes por nivel,,Nacional,Nivel 1c,10.979780000000002,,,%,,,niveles_desempeno.csv
Distribución por niveles de desempeño,Matemática,,2025,Distribución de estudiantes por nivel,,Hombres,Nivel 1c,9.939540000000001,,,%,,,niveles_desempeno.csv
Distribución por niveles de desempeño,Matemática,,2025,Distribución de estudiantes por nivel,,Mujeres,Nivel 1c,12.056230000000001,,,%,,,niveles_desempeno.csv
Distribución por niveles de desempeño,Matemática,,2025,Distribución de estudiantes por nivel,,Público,Nivel 1c,13.49570674452397,,,%,,,niveles_desempeno.csv
Distribución por niveles de desempeño,Matemática,,2025,Distribución de estudiantes por nivel,,Privado,Nivel 1c,4.47402087521588,,,%,,,niveles_desempeno.csv
Distribución por niveles de desempeño,Matemática,,2025,Distribución de estudiantes por nivel,,Nacional,Nivel 1b,26.695240000000002,,,%,,,niveles_desempeno.csv
Distribución por niveles de desempeño,Matemática,,2025,Distribución de estudiantes por nivel,,Hombres,Nivel 1b,25.676430000000003,,,%,,,niveles_desempeno.csv
Distribución por niveles de desempeño,Matemática,,2025,Distribución de estudiantes por nivel,,Mujeres,Nivel 1b,27.749530000000004,,,%,,,niveles_desempeno.csv
Distribución por niveles de desempeño,Matemática,,2025,Distribución de estudiantes por nivel,,Público,Nivel 1b,31.11748740004156,,,%,,,niveles_desempeno.csv
Distribución por niveles de desempeño,Matemática,,2025,Distribución de estudiantes por nivel,,Privado,Nivel 1b,15.26008363460318,,,%,,,niveles_desempeno.csv
Distribución por niveles de desempeño,Matemática,,2025,Distribución de estudiantes por nivel,,Nacional,Nivel 1a,29.916290000000004,,,%,,,niveles_desempeno.csv
Distribución por niveles de desempeño,Matemática,,2025,Distribución de estudiantes por nivel,,Hombres,Nivel 1a,29.61615,,,%,,,niveles_desempeno.csv
Distribución por niveles de desempeño,Matemática,,2025,Distribución de estudiantes por nivel,,Mujeres,Nivel 1a,30.22689,,,%,,,niveles_desempeno.csv
Distribución por niveles de desempeño,Matemática,,2025,Distribución de estudiantes por nivel,,Público,Nivel 1a,30.67867296079582,,,%,,,niveles_desempeno.csv
Distribución por niveles de desempeño,Matemática,,2025,Distribución de estudiantes por nivel,,Privado,Nivel 1a,27.94491556659811,,,%,,,niveles_desempeno.csv
Distribución por niveles de desempeño,Matemática,,2025,Distribución de estudiantes por nivel,,Nacional,Nivel 2,19.689040000000002,,,%,,,niveles_desempeno.csv
Distribución por niveles de desempeño,Matemática,,2025,Distribución de estudiantes por nivel,,Hombres,Nivel 2,20.299290000000003,,,%,,,niveles_desempeno.csv
Distribución por niveles de desempeño,Matemática,,2025,Distribución de estudiantes por nivel,,Mujeres,Nivel 2,19.057540000000003,,,%,,,niveles_desempeno.csv
Distribución por niveles de desempeño,Matemática,,2025,Distribución de estudiantes por nivel,,Público,Nivel 2,16.21509815954141,,,%,,,niveles_desempeno.csv
Distribución por niveles de desempeño,Matemática,,2025,Distribución de estudiantes por nivel,,Privado,Nivel 2,28.67205023034861,,,%,,,niveles_desempeno.csv
Distribución por niveles de desempeño,Matemática,,2025,Distribución de estudiantes por nivel,,Nacional,Nivel 3,8.36974,,,%,,,niveles_desempeno.csv
Distribución por niveles de desempeño,Matemática,,2025,Distribución de estudiantes por nivel,,Hombres,Nivel 3,9.86611,,,%,,,niveles_desempeno.csv
Distribución por niveles de desempeño,Matemática,,2025,Distribución de estudiantes por nivel,,Mujeres,Nivel 3,6.82127,,,%,,,niveles_desempeno.csv
Distribución por niveles de desempeño,Matemática,,2025,Distribución de estudiantes por nivel,,Público,Nivel 3,5.12481524859276,,,%,,,niveles_desempeno.csv
Distribución por niveles de desempeño,Matemática,,2025,Distribución de estudiantes por nivel,,Privado,Nivel 3,16.7605459270459,,,%,,,niveles_desempeno.csv
Distribución por niveles de desempeño,Matemática,,2025,Distribución de estudiantes por nivel,,Nacional,Nivel 4,2.09451,,,%,,,niveles_desempeno.csv
Distribución por niveles de desempeño,Matemática,,2025,Distribución de estudiantes por nivel,,Hombres,Nivel 4,2.68093,,,%,,,niveles_desempeno.csv
Distribución por niveles de desempeño,Matemática,,2025,Distribución de estudiantes por nivel,,Mujeres,Nivel 4,1.48767,,,%,,,niveles_desempeno.csv
Distribución por niveles de desempeño,Matemática,,2025,Distribución de estudiantes por nivel,,Público,Nivel 4,0.7855849791676265,,,%,,,niveles_desempeno.csv
Distribución por niveles de desempeño,Matemática,,2025,Distribución de estudiantes por nivel,,Privado,Nivel 4,5.479156253574458,,,%,,,niveles_desempeno.csv
Distribución por niveles de desempeño,Matemática,,2025,Distribución de estudiantes por nivel,,Nacional,Nivel 5,0.31031000000000003,,,%,,,niveles_desempeno.csv
Distribución por niveles de desempeño,Matemática,,2025,Distribución de estudiantes por nivel,,Hombres,Nivel 5,0.39814000000000005,,,%,,,niveles_desempeno.csv
Distribución por niveles de desempeño,Matemática,,2025,Distribución de estudiantes por nivel,,Mujeres,Nivel 5,0.21941000000000002,,,%,,,niveles_desempeno.csv
Distribución por niveles de desempeño,Matemática,,2025,Distribución de estudiantes por nivel,,Público,Nivel 5,0.08572231716258555,,,%,,,niveles_desempeno.csv
Distribución por niveles de desempeño,Matemática,,2025,Distribución de estudiantes por nivel,,Privado,Nivel 5,0.8910434933922703,,,%,,,niveles_desempeno.csv
Distribución por niveles de desempeño,Matemática,,2025,Distribución de estudiantes por nivel,,Nacional,Nivel 6,0.013510000000000001,,,%,,,niveles_desempeno.csv
Distribución por niveles de desempeño,Matemática,,2025,Distribución de estudiantes por nivel,,Hombres,Nivel 6,0.024270000000000003,,,%,,,niveles_desempeno.csv
Distribución por niveles de desempeño,Matemática,,2025,Distribución de estudiantes por nivel,,Mujeres,Nivel 6,0.00237,,,%,,,niveles_desempeno.csv
Distribución por niveles de desempeño,Matemática,,2025,Distribución de estudiantes por nivel,,Público,Nivel 6,0.003753261424757301,,,%,,,niveles_desempeno.csv
Distribución por niveles de desempeño,Matemática,,2025,Distribución de estudiantes por nivel,,Privado,Nivel 6,0.03872854163317747,,,%,,,niveles_desempeno.csv
Distribución por niveles de desempeño,Ciencia,,2009,Distribución de estudiantes por nivel,,Nacional,Debajo de Nivel 1,35.283445391609,,,%,,,niveles_desempeno.csv
Distribución por niveles de desempeño,Ciencia,,2009,Distribución de estudiantes por nivel,,Hombres,Debajo de Nivel 1,34.85967415624,,,%,,,niveles_desempeno.csv
Distribución por niveles de desempeño,Ciencia,,2009,Distribución de estudiantes por nivel,,Mujeres,Debajo de Nivel 1,35.715807199645,,,%,,,niveles_desempeno.csv
Distribución por niveles de desempeño,Ciencia,,2009,Distribución de estudiantes por nivel,,Público,Debajo de Nivel 1,42.7,,,%,,,niveles_desempeno.csv
Distribución por niveles de desempeño,Ciencia,,2009,Distribución de estudiantes por nivel,,Privado,Debajo de Nivel 1,12.6,,,%,,,niveles_desempeno.csv
Distribución por niveles de desempeño,Ciencia,,2009,Distribución de estudiantes por nivel,,Nacional,Nivel 1,33.024341041814,,,%,,,niveles_desempeno.csv
Distribución por niveles de desempeño,Ciencia,,2009,Distribución de estudiantes por nivel,,Hombres,Nivel 1,33.376791230063,,,%,,,niveles_desempeno.csv
Distribución por niveles de desempeño,Ciencia,,2009,Distribución de estudiantes por nivel,,Mujeres,Nivel 1,32.664746081337,,,%,,,niveles_desempeno.csv
Distribución por niveles de desempeño,Ciencia,,2009,Distribución de estudiantes por nivel,,Público,Nivel 1,34.408,,,%,,,niveles_desempeno.csv
Distribución por niveles de desempeño,Ciencia,,2009,Distribución de estudiantes por nivel,,Privado,Nivel 1,28.77,,,%,,,niveles_desempeno.csv
Distribución por niveles de desempeño,Ciencia,,2009,Distribución de estudiantes por nivel,,Nacional,Nivel 2,21.700015216051,,,%,,,niveles_desempeno.csv
Distribución por niveles de desempeño,Ciencia,,2009,Distribución de estudiantes por nivel,,Hombres,Nivel 2,21.301847159685,,,%,,,niveles_desempeno.csv
Distribución por niveles de desempeño,Ciencia,,2009,Distribución de estudiantes por nivel,,Mujeres,Nivel 2,22.106254824557,,,%,,,niveles_desempeno.csv
Distribución por niveles de desempeño,Ciencia,,2009,Distribución de estudiantes por nivel,,Público,Nivel 2,18.046,,,%,,,niveles_desempeno.csv
Distribución por niveles de desempeño,Ciencia,,2009,Distribución de estudiantes por nivel,,Privado,Nivel 2,32.91,,,%,,,niveles_desempeno.csv
Distribución por niveles de desempeño,Ciencia,,2009,Distribución de estudiantes por nivel,,Nacional,Nivel 3,7.994462081986,,,%,,,niveles_desempeno.csv
Distribución por niveles de desempeño,Ciencia,,2009,Distribución de estudiantes por nivel,,Hombres,Nivel 3,7.899358089532,,,%,,,niveles_desempeno.csv
Distribución por niveles de desempeño,Ciencia,,2009,Distribución de estudiantes por nivel,,Mujeres,Nivel 3,8.091493996135,,,%,,,niveles_desempeno.csv
Distribución por niveles de desempeño,Ciencia,,2009,Distribución de estudiantes por nivel,,Público,Nivel 3,4.412000000000001,,,%,,,niveles_desempeno.csv
Distribución por niveles de desempeño,Ciencia,,2009,Distribución de estudiantes por nivel,,Privado,Nivel 3,18.988,,,%,,,niveles_desempeno.csv
Distribución por niveles de desempeño,Ciencia,,2009,Distribución de estudiantes por nivel,,Nacional,Nivel 4,1.795435913447,,,%,,,niveles_desempeno.csv
Distribución por niveles de desempeño,Ciencia,,2009,Distribución de estudiantes por nivel,,Hombres,Nivel 4,2.241711294175,,,%,,,niveles_desempeno.csv
Distribución por niveles de desempeño,Ciencia,,2009,Distribución de estudiantes por nivel,,Mujeres,Nivel 4,1.340113762274,,,%,,,niveles_desempeno.csv
Distribución por niveles de desempeño,Ciencia,,2009,Distribución de estudiantes por nivel,,Público,Nivel 4,0.458,,,%,,,niveles_desempeno.csv
Distribución por niveles de desempeño,Ciencia,,2009,Distribución de estudiantes por nivel,,Privado,Nivel 4,5.9,,,%,,,niveles_desempeno.csv
Distribución por niveles de desempeño,Ciencia,,2009,Distribución de estudiantes por nivel,,Nacional,Nivel 5,0.18232768599,,,%,,,niveles_desempeno.csv
Distribución por niveles de desempeño,Ciencia,,2009,Distribución de estudiantes por nivel,,Hombres,Nivel 5,0.293077752227,,,%,,,niveles_desempeno.csv
Distribución por niveles de desempeño,Ciencia,,2009,Distribución de estudiantes por nivel,,Mujeres,Nivel 5,0.069332525201,,,%,,,niveles_desempeno.csv
Distribución por niveles de desempeño,Ciencia,,2009,Distribución de estudiantes por nivel,,Público,Nivel 5,0.01,,,%,,,niveles_desempeno.csv
Distribución por niveles de desempeño,Ciencia,,2009,Distribución de estudiantes por nivel,,Privado,Nivel 5,0.7120000000000001,,,%,,,niveles_desempeno.csv
Distribución por niveles de desempeño,Ciencia,,2009,Distribución de estudiantes por nivel,,Nacional,Nivel 6,0.019972669102,,,%,,,niveles_desempeno.csv
Distribución por niveles de desempeño,Ciencia,,2009,Distribución de estudiantes por nivel,,Hombres,Nivel 6,0.027540318077,,,%,,,niveles_desempeno.csv
Distribución por niveles de desempeño,Ciencia,,2009,Distribución de estudiantes por nivel,,Mujeres,Nivel 6,0.012251610851,,,%,,,niveles_desempeno.csv
Distribución por niveles de desempeño,Ciencia,,2009,Distribución de estudiantes por nivel,,Público,Nivel 6,0,,,%,,,niveles_desempeno.csv
Distribución por niveles de desempeño,Ciencia,,2009,Distribución de estudiantes por nivel,,Privado,Nivel 6,0.082,,,%,,,niveles_desempeno.csv
Distribución por niveles de desempeño,Ciencia,,2012,Distribución de estudiantes por nivel,,Nacional,Debajo de Nivel 1,31.456231971653263,,,%,,,niveles_desempeno.csv
Distribución por niveles de desempeño,Ciencia,,2012,Distribución de estudiantes por nivel,,Hombres,Debajo de Nivel 1,30.24648907038495,,,%,,,niveles_desempeno.csv
Distribución por niveles de desempeño,Ciencia,,2012,Distribución de estudiantes por nivel,,Mujeres,Debajo de Nivel 1,32.5995380234565,,,%,,,niveles_desempeno.csv
Distribución por niveles de desempeño,Ciencia,,2012,Distribución de estudiantes por nivel,,Público,Debajo de Nivel 1,37.2,,,%,,,niveles_desempeno.csv
Distribución por niveles de desempeño,Ciencia,,2012,Distribución de estudiantes por nivel,,Privado,Debajo de Nivel 1,14.4,,,%,,,niveles_desempeno.csv
Distribución por niveles de desempeño,Ciencia,,2012,Distribución de estudiantes por nivel,,Nacional,Nivel 1,37.01853775349359,,,%,,,niveles_desempeno.csv
Distribución por niveles de desempeño,Ciencia,,2012,Distribución de estudiantes por nivel,,Hombres,Nivel 1,37.3620000027514,,,%,,,niveles_desempeno.csv
Distribución por niveles de desempeño,Ciencia,,2012,Distribución de estudiantes por nivel,,Mujeres,Nivel 1,36.69393781764726,,,%,,,niveles_desempeno.csv
Distribución por niveles de desempeño,Ciencia,,2012,Distribución de estudiantes por nivel,,Público,Nivel 1,39.158,,,%,,,niveles_desempeno.csv
Distribución por niveles de desempeño,Ciencia,,2012,Distribución de estudiantes por nivel,,Privado,Nivel 1,30.682,,,%,,,niveles_desempeno.csv
Distribución por niveles de desempeño,Ciencia,,2012,Distribución de estudiantes por nivel,,Nacional,Nivel 2,23.483280495654636,,,%,,,niveles_desempeno.csv
Distribución por niveles de desempeño,Ciencia,,2012,Distribución de estudiantes por nivel,,Hombres,Nivel 2,23.92271151444617,,,%,,,niveles_desempeno.csv
Distribución por niveles de desempeño,Ciencia,,2012,Distribución de estudiantes por nivel,,Mujeres,Nivel 2,23.067982218138116,,,%,,,niveles_desempeno.csv
Distribución por niveles de desempeño,Ciencia,,2012,Distribución de estudiantes por nivel,,Público,Nivel 2,19.651999999999997,,,%,,,niveles_desempeno.csv
Distribución por niveles de desempeño,Ciencia,,2012,Distribución de estudiantes por nivel,,Privado,Nivel 2,34.84,,,%,,,niveles_desempeno.csv
Distribución por niveles de desempeño,Ciencia,,2012,Distribución de estudiantes por nivel,,Nacional,Nivel 3,7.045998302217413,,,%,,,niveles_desempeno.csv
Distribución por niveles de desempeño,Ciencia,,2012,Distribución de estudiantes por nivel,,Hombres,Nivel 3,7.49565212837298,,,%,,,niveles_desempeno.csv
Distribución por niveles de desempeño,Ciencia,,2012,Distribución de estudiantes por nivel,,Mujeres,Nivel 3,6.62103863506732,,,%,,,niveles_desempeno.csv
Distribución por niveles de desempeño,Ciencia,,2012,Distribución de estudiantes por nivel,,Público,Nivel 3,3.724,,,%,,,niveles_desempeno.csv
Distribución por niveles de desempeño,Ciencia,,2012,Distribución de estudiantes por nivel,,Privado,Nivel 3,16.89,,,%,,,niveles_desempeno.csv
Distribución por niveles de desempeño,Ciencia,,2012,Distribución de estudiantes por nivel,,Nacional,Nivel 4,0.9586398503354552,,,%,,,niveles_desempeno.csv
Distribución por niveles de desempeño,Ciencia,,2012,Distribución de estudiantes por nivel,,Hombres,Nivel 4,0.9425301789432986,,,%,,,niveles_desempeno.csv
Distribución por niveles de desempeño,Ciencia,,2012,Distribución de estudiantes por nivel,,Mujeres,Nivel 4,0.9738648082797531,,,%,,,niveles_desempeno.csv
Distribución por niveles de desempeño,Ciencia,,2012,Distribución de estudiantes por nivel,,Público,Nivel 4,0.266,,,%,,,niveles_desempeno.csv
Distribución por niveles de desempeño,Ciencia,,2012,Distribución de estudiantes por nivel,,Privado,Nivel 4,3.0160000000000005,,,%,,,niveles_desempeno.csv
Distribución por niveles de desempeño,Ciencia,,2012,Distribución de estudiantes por nivel,,Nacional,Nivel 5,0.037311626645646356,,,%,,,niveles_desempeno.csv
Distribución por niveles de desempeño,Ciencia,,2012,Distribución de estudiantes por nivel,,Hombres,Nivel 5,0.03061710510120008,,,%,,,niveles_desempeno.csv
Distribución por niveles de desempeño,Ciencia,,2012,Distribución de estudiantes por nivel,,Mujeres,Nivel 5,0.0436384974110382,,,%,,,niveles_desempeno.csv
Distribución por niveles de desempeño,Ciencia,,2012,Distribución de estudiantes por nivel,,Público,Nivel 5,0,,,%,,,niveles_desempeno.csv
Distribución por niveles de desempeño,Ciencia,,2012,Distribución de estudiantes por nivel,,Privado,Nivel 5,0.18250000000000002,,,%,,,niveles_desempeno.csv
Distribución por niveles de desempeño,Ciencia,,2012,Distribución de estudiantes por nivel,,Nacional,Nivel 6,0,,,%,,,niveles_desempeno.csv
Distribución por niveles de desempeño,Ciencia,,2012,Distribución de estudiantes por nivel,,Hombres,Nivel 6,0,,,%,,,niveles_desempeno.csv
Distribución por niveles de desempeño,Ciencia,,2012,Distribución de estudiantes por nivel,,Mujeres,Nivel 6,0,,,%,,,niveles_desempeno.csv
Distribución por niveles de desempeño,Ciencia,,2012,Distribución de estudiantes por nivel,,Público,Nivel 6,0,,,%,,,niveles_desempeno.csv
Distribución por niveles de desempeño,Ciencia,,2012,Distribución de estudiantes por nivel,,Privado,Nivel 6,0,,,%,,,niveles_desempeno.csv
Distribución por niveles de desempeño,Ciencia,,2015,Distribución de estudiantes por nivel,,Nacional,Debajo de Nivel 1b,2.7812250361181476,,,%,,,niveles_desempeno.csv
Distribución por niveles de desempeño,Ciencia,,2015,Distribución de estudiantes por nivel,,Hombres,Debajo de Nivel 1b,2.371,,,%,,,niveles_desempeno.csv
Distribución por niveles de desempeño,Ciencia,,2015,Distribución de estudiantes por nivel,,Mujeres,Debajo de Nivel 1b,3.196,,,%,,,niveles_desempeno.csv
Distribución por niveles de desempeño,Ciencia,,2015,Distribución de estudiantes por nivel,,Público,Debajo de Nivel 1b,3.4430000000000005,,,%,,,niveles_desempeno.csv
Distribución por niveles de desempeño,Ciencia,,2015,Distribución de estudiantes por nivel,,Privado,Debajo de Nivel 1b,0.908,,,%,,,niveles_desempeno.csv
Distribución por niveles de desempeño,Ciencia,,2015,Distribución de estudiantes por nivel,,Nacional,Nivel 1b,19.010008366190714,,,%,,,niveles_desempeno.csv
Distribución por niveles de desempeño,Ciencia,,2015,Distribución de estudiantes por nivel,,Hombres,Nivel 1b,17.794999999999998,,,%,,,niveles_desempeno.csv
Distribución por niveles de desempeño,Ciencia,,2015,Distribución de estudiantes por nivel,,Mujeres,Nivel 1b,20.236,,,%,,,niveles_desempeno.csv
Distribución por niveles de desempeño,Ciencia,,2015,Distribución de estudiantes por nivel,,Público,Nivel 1b,22.811000000000003,,,%,,,niveles_desempeno.csv
Distribución por niveles de desempeño,Ciencia,,2015,Distribución de estudiantes por nivel,,Privado,Nivel 1b,8.238999999999999,,,%,,,niveles_desempeno.csv
Distribución por niveles de desempeño,Ciencia,,2015,Distribución de estudiantes por nivel,,Nacional,Nivel 1a,36.670556869669774,,,%,,,niveles_desempeno.csv
Distribución por niveles de desempeño,Ciencia,,2015,Distribución de estudiantes por nivel,,Hombres,Nivel 1a,36.039,,,%,,,niveles_desempeno.csv
Distribución por niveles de desempeño,Ciencia,,2015,Distribución de estudiantes por nivel,,Mujeres,Nivel 1a,37.309000000000005,,,%,,,niveles_desempeno.csv
Distribución por niveles de desempeño,Ciencia,,2015,Distribución de estudiantes por nivel,,Público,Nivel 1a,40.015,,,%,,,niveles_desempeno.csv
Distribución por niveles de desempeño,Ciencia,,2015,Distribución de estudiantes por nivel,,Privado,Nivel 1a,27.193,,,%,,,niveles_desempeno.csv
Distribución por niveles de desempeño,Ciencia,,2015,Distribución de estudiantes por nivel,,Nacional,Nivel 2,27.876935305180456,,,%,,,niveles_desempeno.csv
Distribución por niveles de desempeño,Ciencia,,2015,Distribución de estudiantes por nivel,,Hombres,Nivel 2,28.414000000000005,,,%,,,niveles_desempeno.csv
Distribución por niveles de desempeño,Ciencia,,2015,Distribución de estudiantes por nivel,,Mujeres,Nivel 2,27.334999999999997,,,%,,,niveles_desempeno.csv
Distribución por niveles de desempeño,Ciencia,,2015,Distribución de estudiantes por nivel,,Público,Nivel 2,25.046,,,%,,,niveles_desempeno.csv
Distribución por niveles de desempeño,Ciencia,,2015,Distribución de estudiantes por nivel,,Privado,Nivel 2,35.896,,,%,,,niveles_desempeno.csv
Distribución por niveles de desempeño,Ciencia,,2015,Distribución de estudiantes por nivel,,Nacional,Nivel 3,11.496092822425018,,,%,,,niveles_desempeno.csv
Distribución por niveles de desempeño,Ciencia,,2015,Distribución de estudiantes por nivel,,Hombres,Nivel 3,12.653000000000002,,,%,,,niveles_desempeno.csv
Distribución por niveles de desempeño,Ciencia,,2015,Distribución de estudiantes por nivel,,Mujeres,Nivel 3,10.328,,,%,,,niveles_desempeno.csv
Distribución por niveles de desempeño,Ciencia,,2015,Distribución de estudiantes por nivel,,Público,Nivel 3,7.854000000000001,,,%,,,niveles_desempeno.csv
Distribución por niveles de desempeño,Ciencia,,2015,Distribución de estudiantes por nivel,,Privado,Nivel 3,21.812999999999995,,,%,,,niveles_desempeno.csv
Distribución por niveles de desempeño,Ciencia,,2015,Distribución de estudiantes por nivel,,Nacional,Nivel 4,2.043969320985429,,,%,,,niveles_desempeno.csv
Distribución por niveles de desempeño,Ciencia,,2015,Distribución de estudiantes por nivel,,Hombres,Nivel 4,2.568,,,%,,,niveles_desempeno.csv
Distribución por niveles de desempeño,Ciencia,,2015,Distribución de estudiantes por nivel,,Mujeres,Nivel 4,1.514,,,%,,,niveles_desempeno.csv
Distribución por niveles de desempeño,Ciencia,,2015,Distribución de estudiantes por nivel,,Público,Nivel 4,0.7869999999999999,,,%,,,niveles_desempeno.csv
Distribución por niveles de desempeño,Ciencia,,2015,Distribución de estudiantes por nivel,,Privado,Nivel 4,5.606999999999999,,,%,,,niveles_desempeno.csv
Distribución por niveles de desempeño,Ciencia,,2015,Distribución de estudiantes por nivel,,Nacional,Nivel 5,0.12121227943046338,,,%,,,niveles_desempeno.csv
Distribución por niveles de desempeño,Ciencia,,2015,Distribución de estudiantes por nivel,,Hombres,Nivel 5,0.15899999999999997,,,%,,,niveles_desempeno.csv
Distribución por niveles de desempeño,Ciencia,,2015,Distribución de estudiantes por nivel,,Mujeres,Nivel 5,0.08199999999999999,,,%,,,niveles_desempeno.csv
Distribución por niveles de desempeño,Ciencia,,2015,Distribución de estudiantes por nivel,,Público,Nivel 5,0.042,,,%,,,niveles_desempeno.csv
Distribución por niveles de desempeño,Ciencia,,2015,Distribución de estudiantes por nivel,,Privado,Nivel 5,0.347,,,%,,,niveles_desempeno.csv
Distribución por niveles de desempeño,Ciencia,,2015,Distribución de estudiantes por nivel,,Nacional,Nivel 6,0,,,%,,,niveles_desempeno.csv
Distribución por niveles de desempeño,Ciencia,,2015,Distribución de estudiantes por nivel,,Hombres,Nivel 6,0,,,%,,,niveles_desempeno.csv
Distribución por niveles de desempeño,Ciencia,,2015,Distribución de estudiantes por nivel,,Mujeres,Nivel 6,0,,,%,,,niveles_desempeno.csv
Distribución por niveles de desempeño,Ciencia,,2015,Distribución de estudiantes por nivel,,Público,Nivel 6,0,,,%,,,niveles_desempeno.csv
Distribución por niveles de desempeño,Ciencia,,2015,Distribución de estudiantes por nivel,,Privado,Nivel 6,0,,,%,,,niveles_desempeno.csv
Distribución por niveles de desempeño,Ciencia,,2018,Distribución de estudiantes por nivel,,Nacional,Debajo de Nivel 1b,2.69,,,%,,,niveles_desempeno.csv
Distribución por niveles de desempeño,Ciencia,,2018,Distribución de estudiantes por nivel,,Hombres,Debajo de Nivel 1b,2.05,,,%,,,niveles_desempeno.csv
Distribución por niveles de desempeño,Ciencia,,2018,Distribución de estudiantes por nivel,,Mujeres,Debajo de Nivel 1b,3.35,,,%,,,niveles_desempeno.csv
Distribución por niveles de desempeño,Ciencia,,2018,Distribución de estudiantes por nivel,,Público,Debajo de Nivel 1b,3.28,,,%,,,niveles_desempeno.csv
Distribución por niveles de desempeño,Ciencia,,2018,Distribución de estudiantes por nivel,,Privado,Debajo de Nivel 1b,0.96,,,%,,,niveles_desempeno.csv
Distribución por niveles de desempeño,Ciencia,,2018,Distribución de estudiantes por nivel,,Nacional,Nivel 1b,17.26,,,%,,,niveles_desempeno.csv
Distribución por niveles de desempeño,Ciencia,,2018,Distribución de estudiantes por nivel,,Hombres,Nivel 1b,16.41,,,%,,,niveles_desempeno.csv
Distribución por niveles de desempeño,Ciencia,,2018,Distribución de estudiantes por nivel,,Mujeres,Nivel 1b,18.14,,,%,,,niveles_desempeno.csv
Distribución por niveles de desempeño,Ciencia,,2018,Distribución de estudiantes por nivel,,Público,Nivel 1b,21.01,,,%,,,niveles_desempeno.csv
Distribución por niveles de desempeño,Ciencia,,2018,Distribución de estudiantes por nivel,,Privado,Nivel 1b,6.24,,,%,,,niveles_desempeno.csv
Distribución por niveles de desempeño,Ciencia,,2018,Distribución de estudiantes por nivel,,Nacional,Nivel 1a,34.54,,,%,,,niveles_desempeno.csv
Distribución por niveles de desempeño,Ciencia,,2018,Distribución de estudiantes por nivel,,Hombres,Nivel 1a,33.53,,,%,,,niveles_desempeno.csv
Distribución por niveles de desempeño,Ciencia,,2018,Distribución de estudiantes por nivel,,Mujeres,Nivel 1a,35.59,,,%,,,niveles_desempeno.csv
Distribución por niveles de desempeño,Ciencia,,2018,Distribución de estudiantes por nivel,,Público,Nivel 1a,38.68,,,%,,,niveles_desempeno.csv
Distribución por niveles de desempeño,Ciencia,,2018,Distribución de estudiantes por nivel,,Privado,Nivel 1a,22.41,,,%,,,niveles_desempeno.csv
Distribución por niveles de desempeño,Ciencia,,2018,Distribución de estudiantes por nivel,,Nacional,Nivel 2,29.01,,,%,,,niveles_desempeno.csv
Distribución por niveles de desempeño,Ciencia,,2018,Distribución de estudiantes por nivel,,Hombres,Nivel 2,28.93,,,%,,,niveles_desempeno.csv
Distribución por niveles de desempeño,Ciencia,,2018,Distribución de estudiantes por nivel,,Mujeres,Nivel 2,29.11,,,%,,,niveles_desempeno.csv
Distribución por niveles de desempeño,Ciencia,,2018,Distribución de estudiantes por nivel,,Público,Nivel 2,26.74,,,%,,,niveles_desempeno.csv
Distribución por niveles de desempeño,Ciencia,,2018,Distribución de estudiantes por nivel,,Privado,Nivel 2,35.67,,,%,,,niveles_desempeno.csv
Distribución por niveles de desempeño,Ciencia,,2018,Distribución de estudiantes por nivel,,Nacional,Nivel 3,13.16,,,%,,,niveles_desempeno.csv
Distribución por niveles de desempeño,Ciencia,,2018,Distribución de estudiantes por nivel,,Hombres,Nivel 3,14.58,,,%,,,niveles_desempeno.csv
Distribución por niveles de desempeño,Ciencia,,2018,Distribución de estudiantes por nivel,,Mujeres,Nivel 3,11.69,,,%,,,niveles_desempeno.csv
Distribución por niveles de desempeño,Ciencia,,2018,Distribución de estudiantes por nivel,,Público,Nivel 3,8.7,,,%,,,niveles_desempeno.csv
Distribución por niveles de desempeño,Ciencia,,2018,Distribución de estudiantes por nivel,,Privado,Nivel 3,26.23,,,%,,,niveles_desempeno.csv
Distribución por niveles de desempeño,Ciencia,,2018,Distribución de estudiantes por nivel,,Nacional,Nivel 4,3.12,,,%,,,niveles_desempeno.csv
Distribución por niveles de desempeño,Ciencia,,2018,Distribución de estudiantes por nivel,,Hombres,Nivel 4,4.17,,,%,,,niveles_desempeno.csv
Distribución por niveles de desempeño,Ciencia,,2018,Distribución de estudiantes por nivel,,Mujeres,Nivel 4,2.02,,,%,,,niveles_desempeno.csv
Distribución por niveles de desempeño,Ciencia,,2018,Distribución de estudiantes por nivel,,Público,Nivel 4,1.51,,,%,,,niveles_desempeno.csv
Distribución por niveles de desempeño,Ciencia,,2018,Distribución de estudiantes por nivel,,Privado,Nivel 4,7.83,,,%,,,niveles_desempeno.csv
Distribución por niveles de desempeño,Ciencia,,2018,Distribución de estudiantes por nivel,,Nacional,Nivel 5,0.21,,,%,,,niveles_desempeno.csv
Distribución por niveles de desempeño,Ciencia,,2018,Distribución de estudiantes por nivel,,Hombres,Nivel 5,0.33,,,%,,,niveles_desempeno.csv
Distribución por niveles de desempeño,Ciencia,,2018,Distribución de estudiantes por nivel,,Mujeres,Nivel 5,0.09,,,%,,,niveles_desempeno.csv
Distribución por niveles de desempeño,Ciencia,,2018,Distribución de estudiantes por nivel,,Público,Nivel 5,0.07,,,%,,,niveles_desempeno.csv
Distribución por niveles de desempeño,Ciencia,,2018,Distribución de estudiantes por nivel,,Privado,Nivel 5,0.64,,,%,,,niveles_desempeno.csv
Distribución por niveles de desempeño,Ciencia,,2018,Distribución de estudiantes por nivel,,Nacional,Nivel 6,0,,,%,,,niveles_desempeno.csv
Distribución por niveles de desempeño,Ciencia,,2018,Distribución de estudiantes por nivel,,Hombres,Nivel 6,0.01,,,%,,,niveles_desempeno.csv
Distribución por niveles de desempeño,Ciencia,,2018,Distribución de estudiantes por nivel,,Mujeres,Nivel 6,0,,,%,,,niveles_desempeno.csv
Distribución por niveles de desempeño,Ciencia,,2018,Distribución de estudiantes por nivel,,Público,Nivel 6,0,,,%,,,niveles_desempeno.csv
Distribución por niveles de desempeño,Ciencia,,2018,Distribución de estudiantes por nivel,,Privado,Nivel 6,0.02,,,%,,,niveles_desempeno.csv
Distribución por niveles de desempeño,Ciencia,,2022,Distribución de estudiantes por nivel,,Nacional,Debajo de Nivel 1b,3.39,,,%,,,niveles_desempeno.csv
Distribución por niveles de desempeño,Ciencia,,2022,Distribución de estudiantes por nivel,,Hombres,Debajo de Nivel 1b,3.08,,,%,,,niveles_desempeno.csv
Distribución por niveles de desempeño,Ciencia,,2022,Distribución de estudiantes por nivel,,Mujeres,Debajo de Nivel 1b,3.7,,,%,,,niveles_desempeno.csv
Distribución por niveles de desempeño,Ciencia,,2022,Distribución de estudiantes por nivel,,Público,Debajo de Nivel 1b,4.22,,,%,,,niveles_desempeno.csv
Distribución por niveles de desempeño,Ciencia,,2022,Distribución de estudiantes por nivel,,Privado,Debajo de Nivel 1b,1.02,,,%,,,niveles_desempeno.csv
Distribución por niveles de desempeño,Ciencia,,2022,Distribución de estudiantes por nivel,,Nacional,Nivel 1b,17.01,,,%,,,niveles_desempeno.csv
Distribución por niveles de desempeño,Ciencia,,2022,Distribución de estudiantes por nivel,,Hombres,Nivel 1b,15.93,,,%,,,niveles_desempeno.csv
Distribución por niveles de desempeño,Ciencia,,2022,Distribución de estudiantes por nivel,,Mujeres,Nivel 1b,18.09,,,%,,,niveles_desempeno.csv
Distribución por niveles de desempeño,Ciencia,,2022,Distribución de estudiantes por nivel,,Público,Nivel 1b,20.76,,,%,,,niveles_desempeno.csv
Distribución por niveles de desempeño,Ciencia,,2022,Distribución de estudiantes por nivel,,Privado,Nivel 1b,6.38,,,%,,,niveles_desempeno.csv
Distribución por niveles de desempeño,Ciencia,,2022,Distribución de estudiantes por nivel,,Nacional,Nivel 1a,32.19,,,%,,,niveles_desempeno.csv
Distribución por niveles de desempeño,Ciencia,,2022,Distribución de estudiantes por nivel,,Hombres,Nivel 1a,30.38,,,%,,,niveles_desempeno.csv
Distribución por niveles de desempeño,Ciencia,,2022,Distribución de estudiantes por nivel,,Mujeres,Nivel 1a,34,,,%,,,niveles_desempeno.csv
Distribución por niveles de desempeño,Ciencia,,2022,Distribución de estudiantes por nivel,,Público,Nivel 1a,35.83,,,%,,,niveles_desempeno.csv
Distribución por niveles de desempeño,Ciencia,,2022,Distribución de estudiantes por nivel,,Privado,Nivel 1a,21.84,,,%,,,niveles_desempeno.csv
Distribución por niveles de desempeño,Ciencia,,2022,Distribución de estudiantes por nivel,,Nacional,Nivel 2,28.18,,,%,,,niveles_desempeno.csv
Distribución por niveles de desempeño,Ciencia,,2022,Distribución de estudiantes por nivel,,Hombres,Nivel 2,28.22,,,%,,,niveles_desempeno.csv
Distribución por niveles de desempeño,Ciencia,,2022,Distribución de estudiantes por nivel,,Mujeres,Nivel 2,28.15,,,%,,,niveles_desempeno.csv
Distribución por niveles de desempeño,Ciencia,,2022,Distribución de estudiantes por nivel,,Público,Nivel 2,25.67,,,%,,,niveles_desempeno.csv
Distribución por niveles de desempeño,Ciencia,,2022,Distribución de estudiantes por nivel,,Privado,Nivel 2,35.32,,,%,,,niveles_desempeno.csv
Distribución por niveles de desempeño,Ciencia,,2022,Distribución de estudiantes por nivel,,Nacional,Nivel 3,14.75,,,%,,,niveles_desempeno.csv
Distribución por niveles de desempeño,Ciencia,,2022,Distribución de estudiantes por nivel,,Hombres,Nivel 3,16.61,,,%,,,niveles_desempeno.csv
Distribución por niveles de desempeño,Ciencia,,2022,Distribución de estudiantes por nivel,,Mujeres,Nivel 3,12.89,,,%,,,niveles_desempeno.csv
Distribución por niveles de desempeño,Ciencia,,2022,Distribución de estudiantes por nivel,,Público,Nivel 3,10.86,,,%,,,niveles_desempeno.csv
Distribución por niveles de desempeño,Ciencia,,2022,Distribución de estudiantes por nivel,,Privado,Nivel 3,25.81,,,%,,,niveles_desempeno.csv
Distribución por niveles de desempeño,Ciencia,,2022,Distribución de estudiantes por nivel,,Nacional,Nivel 4,3.95,,,%,,,niveles_desempeno.csv
Distribución por niveles de desempeño,Ciencia,,2022,Distribución de estudiantes por nivel,,Hombres,Nivel 4,4.99,,,%,,,niveles_desempeno.csv
Distribución por niveles de desempeño,Ciencia,,2022,Distribución de estudiantes por nivel,,Mujeres,Nivel 4,2.91,,,%,,,niveles_desempeno.csv
Distribución por niveles de desempeño,Ciencia,,2022,Distribución de estudiantes por nivel,,Público,Nivel 4,2.42,,,%,,,niveles_desempeno.csv
Distribución por niveles de desempeño,Ciencia,,2022,Distribución de estudiantes por nivel,,Privado,Nivel 4,8.32,,,%,,,niveles_desempeno.csv
Distribución por niveles de desempeño,Ciencia,,2022,Distribución de estudiantes por nivel,,Nacional,Nivel 5,0.5,,,%,,,niveles_desempeno.csv
Distribución por niveles de desempeño,Ciencia,,2022,Distribución de estudiantes por nivel,,Hombres,Nivel 5,0.75,,,%,,,niveles_desempeno.csv
Distribución por niveles de desempeño,Ciencia,,2022,Distribución de estudiantes por nivel,,Mujeres,Nivel 5,0.246,,,%,,,niveles_desempeno.csv
Distribución por niveles de desempeño,Ciencia,,2022,Distribución de estudiantes por nivel,,Público,Nivel 5,0.23,,,%,,,niveles_desempeno.csv
Distribución por niveles de desempeño,Ciencia,,2022,Distribución de estudiantes por nivel,,Privado,Nivel 5,1.26,,,%,,,niveles_desempeno.csv
Distribución por niveles de desempeño,Ciencia,,2022,Distribución de estudiantes por nivel,,Nacional,Nivel 6,0.02,,,%,,,niveles_desempeno.csv
Distribución por niveles de desempeño,Ciencia,,2022,Distribución de estudiantes por nivel,,Hombres,Nivel 6,0.04,,,%,,,niveles_desempeno.csv
Distribución por niveles de desempeño,Ciencia,,2022,Distribución de estudiantes por nivel,,Mujeres,Nivel 6,0.01,,,%,,,niveles_desempeno.csv
Distribución por niveles de desempeño,Ciencia,,2022,Distribución de estudiantes por nivel,,Público,Nivel 6,0.01,,,%,,,niveles_desempeno.csv
Distribución por niveles de desempeño,Ciencia,,2022,Distribución de estudiantes por nivel,,Privado,Nivel 6,0.06,,,%,,,niveles_desempeno.csv
Distribución por niveles de desempeño,Ciencia,,2025,Distribución de estudiantes por nivel,,Nacional,Debajo de Nivel 1b,3.0960400000000003,,,%,,,niveles_desempeno.csv
Distribución por niveles de desempeño,Ciencia,,2025,Distribución de estudiantes por nivel,,Hombres,Debajo de Nivel 1b,2.65817,,,%,,,niveles_desempeno.csv
Distribución por niveles de desempeño,Ciencia,,2025,Distribución de estudiantes por nivel,,Mujeres,Debajo de Nivel 1b,3.54916,,,%,,,niveles_desempeno.csv
Distribución por niveles de desempeño,Ciencia,,2025,Distribución de estudiantes por nivel,,Público,Debajo de Nivel 1b,3.975577029386,,,%,,,niveles_desempeno.csv
Distribución por niveles de desempeño,Ciencia,,2025,Distribución de estudiantes por nivel,,Privado,Debajo de Nivel 1b,0.821724269265858,,,%,,,niveles_desempeno.csv
Distribución por niveles de desempeño,Ciencia,,2025,Distribución de estudiantes por nivel,,Nacional,Nivel 1b,16.553530000000002,,,%,,,niveles_desempeno.csv
Distribución por niveles de desempeño,Ciencia,,2025,Distribución de estudiantes por nivel,,Hombres,Nivel 1b,16.08062,,,%,,,niveles_desempeno.csv
Distribución por niveles de desempeño,Ciencia,,2025,Distribución de estudiantes por nivel,,Mujeres,Nivel 1b,17.042900000000003,,,%,,,niveles_desempeno.csv
Distribución por niveles de desempeño,Ciencia,,2025,Distribución de estudiantes por nivel,,Público,Nivel 1b,20.04109814632518,,,%,,,niveles_desempeno.csv
Distribución por niveles de desempeño,Ciencia,,2025,Distribución de estudiantes por nivel,,Privado,Nivel 1b,7.535286414879204,,,%,,,niveles_desempeno.csv
Distribución por niveles de desempeño,Ciencia,,2025,Distribución de estudiantes por nivel,,Nacional,Nivel 1a,32.86802,,,%,,,niveles_desempeno.csv
Distribución por niveles de desempeño,Ciencia,,2025,Distribución de estudiantes por nivel,,Hombres,Nivel 1a,31.271500000000003,,,%,,,niveles_desempeno.csv
Distribución por niveles de desempeño,Ciencia,,2025,Distribución de estudiantes por nivel,,Mujeres,Nivel 1a,34.52013,,,%,,,niveles_desempeno.csv
Distribución por niveles de desempeño,Ciencia,,2025,Distribución de estudiantes por nivel,,Público,Nivel 1a,36.77623603681562,,,%,,,niveles_desempeno.csv
Distribución por niveles de desempeño,Ciencia,,2025,Distribución de estudiantes por nivel,,Privado,Nivel 1a,22.76206905446702,,,%,,,niveles_desempeno.csv
Distribución por niveles de desempeño,Ciencia,,2025,Distribución de estudiantes por nivel,,Nacional,Nivel 2,30.63228,,,%,,,niveles_desempeno.csv
Distribución por niveles de desempeño,Ciencia,,2025,Distribución de estudiantes por nivel,,Hombres,Nivel 2,30.772050000000004,,,%,,,niveles_desempeno.csv
Distribución por niveles de desempeño,Ciencia,,2025,Distribución de estudiantes por nivel,,Mujeres,Nivel 2,30.487640000000003,,,%,,,niveles_desempeno.csv
Distribución por niveles de desempeño,Ciencia,,2025,Distribución de estudiantes por nivel,,Público,Nivel 2,28.32324035066673,,,%,,,niveles_desempeno.csv
Distribución por niveles de desempeño,Ciencia,,2025,Distribución de estudiantes por nivel,,Privado,Nivel 2,36.60305227704217,,,%,,,niveles_desempeno.csv
Distribución por niveles de desempeño,Ciencia,,2025,Distribución de estudiantes por nivel,,Nacional,Nivel 3,13.837150000000001,,,%,,,niveles_desempeno.csv
Distribución por niveles de desempeño,Ciencia,,2025,Distribución de estudiantes por nivel,,Hombres,Nivel 3,15.227800000000002,,,%,,,niveles_desempeno.csv
Distribución por niveles de desempeño,Ciencia,,2025,Distribución de estudiantes por nivel,,Mujeres,Nivel 3,12.398090000000002,,,%,,,niveles_desempeno.csv
Distribución por niveles de desempeño,Ciencia,,2025,Distribución de estudiantes por nivel,,Público,Nivel 3,9.589149900807149,,,%,,,niveles_desempeno.csv
Distribución por niveles de desempeño,Ciencia,,2025,Distribución de estudiantes por nivel,,Privado,Nivel 3,24.82174825436359,,,%,,,niveles_desempeno.csv
Distribución por niveles de desempeño,Ciencia,,2025,Distribución de estudiantes por nivel,,Nacional,Nivel 4,2.82805,,,%,,,niveles_desempeno.csv
Distribución por niveles de desempeño,Ciencia,,2025,Distribución de estudiantes por nivel,,Hombres,Nivel 4,3.7457000000000003,,,%,,,niveles_desempeno.csv
Distribución por niveles de desempeño,Ciencia,,2025,Distribución de estudiantes por nivel,,Mujeres,Nivel 4,1.8784500000000002,,,%,,,niveles_desempeno.csv
Distribución por niveles de desempeño,Ciencia,,2025,Distribución de estudiantes por nivel,,Público,Nivel 4,1.260802831635054,,,%,,,niveles_desempeno.csv
Distribución por niveles de desempeño,Ciencia,,2025,Distribución de estudiantes por nivel,,Privado,Nivel 4,6.880671145804749,,,%,,,niveles_desempeno.csv
Distribución por niveles de desempeño,Ciencia,,2025,Distribución de estudiantes por nivel,,Nacional,Nivel 5,0.18253000000000003,,,%,,,niveles_desempeno.csv
Distribución por niveles de desempeño,Ciencia,,2025,Distribución de estudiantes por nivel,,Hombres,Nivel 5,0.23947000000000002,,,%,,,niveles_desempeno.csv
Distribución por niveles de desempeño,Ciencia,,2025,Distribución de estudiantes por nivel,,Mujeres,Nivel 5,0.12362000000000001,,,%,,,niveles_desempeno.csv
Distribución por niveles de desempeño,Ciencia,,2025,Distribución de estudiantes por nivel,,Público,Nivel 5,0.0338957043642739,,,%,,,niveles_desempeno.csv
Distribución por niveles de desempeño,Ciencia,,2025,Distribución de estudiantes por nivel,,Privado,Nivel 5,0.5668848960010016,,,%,,,niveles_desempeno.csv
Distribución por niveles de desempeño,Ciencia,,2025,Distribución de estudiantes por nivel,,Nacional,Nivel 6,0.00239,,,%,,,niveles_desempeno.csv
Distribución por niveles de desempeño,Ciencia,,2025,Distribución de estudiantes por nivel,,Hombres,Nivel 6,0.0047,,,%,,,niveles_desempeno.csv
Distribución por niveles de desempeño,Ciencia,,2025,Distribución de estudiantes por nivel,,Mujeres,Nivel 6,0,,,%,,,niveles_desempeno.csv
Distribución por niveles de desempeño,Ciencia,,2025,Distribución de estudiantes por nivel,,Público,Nivel 6,0,,,%,,,niveles_desempeno.csv
Distribución por niveles de desempeño,Ciencia,,2025,Distribución de estudiantes por nivel,,Privado,Nivel 6,0.008563688176401851,,,%,,,niveles_desempeno.csv
Puntajes promedio Perú por grupo,Lectura,,2000,Puntaje medio,,Nacional,,327.08484294049106,,,puntos PISA,,,medida_promedio.csv
Puntajes promedio Perú por grupo,Lectura,,2000,Puntaje medio,,Hombres,,323.9389937893593,,,puntos PISA,,,medida_promedio.csv
Puntajes promedio Perú por grupo,Lectura,,2000,Puntaje medio,,Mujeres,,330.4924188985306,,,puntos PISA,,,medida_promedio.csv
Puntajes promedio Perú por grupo,Lectura,,2009,Puntaje medio,,Nacional,,369.69576026267333,,,puntos PISA,,,medida_promedio.csv
Puntajes promedio Perú por grupo,Lectura,,2009,Puntaje medio,,Hombres,,358.7303783749239,,,puntos PISA,,,medida_promedio.csv
Puntajes promedio Perú por grupo,Lectura,,2009,Puntaje medio,,Mujeres,,380.88340650936584,,,puntos PISA,,,medida_promedio.csv
Puntajes promedio Perú por grupo,Lectura,,2009,Puntaje medio,,Público,,348,,,puntos PISA,,,medida_promedio.csv
Puntajes promedio Perú por grupo,Lectura,,2009,Puntaje medio,,Privado,,435,,,puntos PISA,,,medida_promedio.csv
Puntajes promedio Perú por grupo,Lectura,,2012,Puntaje medio,,Nacional,,384.1512234621934,,,puntos PISA,,,medida_promedio.csv
Puntajes promedio Perú por grupo,Lectura,,2012,Puntaje medio,,Hombres,,372.98871484990894,,,puntos PISA,,,medida_promedio.csv
Puntajes promedio Perú por grupo,Lectura,,2012,Puntaje medio,,Mujeres,,394.70070768430503,,,puntos PISA,,,medida_promedio.csv
Puntajes promedio Perú por grupo,Lectura,,2012,Puntaje medio,,Público,,367,,,puntos PISA,,,medida_promedio.csv
Puntajes promedio Perú por grupo,Lectura,,2012,Puntaje medio,,Privado,,436,,,puntos PISA,,,medida_promedio.csv
Puntajes promedio Perú por grupo,Lectura,,2015,Puntaje medio,,Nacional,,397.54,,,puntos PISA,,,medida_promedio.csv
Puntajes promedio Perú por grupo,Lectura,,2015,Puntaje medio,,Hombres,,393.7,,,puntos PISA,,,medida_promedio.csv
Puntajes promedio Perú por grupo,Lectura,,2015,Puntaje medio,,Mujeres,,401.42,,,puntos PISA,,,medida_promedio.csv
Puntajes promedio Perú por grupo,Lectura,,2015,Puntaje medio,,Público,,379.93,,,puntos PISA,,,medida_promedio.csv
Puntajes promedio Perú por grupo,Lectura,,2015,Puntaje medio,,Privado,,447.45,,,puntos PISA,,,medida_promedio.csv
Puntajes promedio Perú por grupo,Lectura,,2018,Puntaje medio,,Nacional,,400.51,,,puntos PISA,,,medida_promedio.csv
Puntajes promedio Perú por grupo,Lectura,,2018,Puntaje medio,,Hombres,,395.36,,,puntos PISA,,,medida_promedio.csv
Puntajes promedio Perú por grupo,Lectura,,2018,Puntaje medio,,Mujeres,,405.88,,,puntos PISA,,,medida_promedio.csv
Puntajes promedio Perú por grupo,Lectura,,2018,Puntaje medio,,Público,,381.09,,,puntos PISA,,,medida_promedio.csv
Puntajes promedio Perú por grupo,Lectura,,2018,Puntaje medio,,Privado,,457.46,,,puntos PISA,,,medida_promedio.csv
Puntajes promedio Perú por grupo,Lectura,,2022,Puntaje medio,,Nacional,,408.25,,,puntos PISA,,,medida_promedio.csv
Puntajes promedio Perú por grupo,Lectura,,2022,Puntaje medio,,Hombres,,404.19,,,puntos PISA,,,medida_promedio.csv
Puntajes promedio Perú por grupo,Lectura,,2022,Puntaje medio,,Mujeres,,412.3,,,puntos PISA,,,medida_promedio.csv
Puntajes promedio Perú por grupo,Lectura,,2022,Puntaje medio,,Público,,391.03,,,puntos PISA,,,medida_promedio.csv
Puntajes promedio Perú por grupo,Lectura,,2022,Puntaje medio,,Privado,,457.11,,,puntos PISA,,,medida_promedio.csv
Puntajes promedio Perú por grupo,Lectura,,2025,Puntaje medio,,Nacional,,390.13724,,,puntos PISA,,,medida_promedio.csv
Puntajes promedio Perú por grupo,Lectura,,2025,Puntaje medio,,Hombres,,381.68001000000004,,,puntos PISA,,,medida_promedio.csv
Puntajes promedio Perú por grupo,Lectura,,2025,Puntaje medio,,Mujeres,,398.88893,,,puntos PISA,,,medida_promedio.csv
Puntajes promedio Perú por grupo,Lectura,,2025,Puntaje medio,,Público,,372.7552016848448,,,puntos PISA,,,medida_promedio.csv
Puntajes promedio Perú por grupo,Lectura,,2025,Puntaje medio,,Privado,,435.0841257768188,,,puntos PISA,,,medida_promedio.csv
Puntajes promedio Perú por grupo,Matemática,,2009,Puntaje medio,,Nacional,,365.1072722397065,,,puntos PISA,,,medida_promedio.csv
Puntajes promedio Perú por grupo,Matemática,,2009,Puntaje medio,,Hombres,,373.82305394924606,,,puntos PISA,,,medida_promedio.csv
Puntajes promedio Perú por grupo,Matemática,,2009,Puntaje medio,,Mujeres,,356.21480466381365,,,puntos PISA,,,medida_promedio.csv
Puntajes promedio Perú por grupo,Matemática,,2009,Puntaje medio,,Público,,345,,,puntos PISA,,,medida_promedio.csv
Puntajes promedio Perú por grupo,Matemática,,2009,Puntaje medio,,Privado,,428,,,puntos PISA,,,medida_promedio.csv
Puntajes promedio Perú por grupo,Matemática,,2012,Puntaje medio,,Nacional,,368.1025471273556,,,puntos PISA,,,medida_promedio.csv
Puntajes promedio Perú por grupo,Matemática,,2012,Puntaje medio,,Hombres,,377.8172554965971,,,puntos PISA,,,medida_promedio.csv
Puntajes promedio Perú por grupo,Matemática,,2012,Puntaje medio,,Mujeres,,358.92135262858596,,,puntos PISA,,,medida_promedio.csv
Puntajes promedio Perú por grupo,Matemática,,2012,Puntaje medio,,Público,,350,,,puntos PISA,,,medida_promedio.csv
Puntajes promedio Perú por grupo,Matemática,,2012,Puntaje medio,,Privado,,422,,,puntos PISA,,,medida_promedio.csv
Puntajes promedio Perú por grupo,Matemática,,2015,Puntaje medio,,Nacional,,386.56,,,puntos PISA,,,medida_promedio.csv
Puntajes promedio Perú por grupo,Matemática,,2015,Puntaje medio,,Hombres,,391.28,,,puntos PISA,,,medida_promedio.csv
Puntajes promedio Perú por grupo,Matemática,,2015,Puntaje medio,,Mujeres,,381.8,,,puntos PISA,,,medida_promedio.csv
Puntajes promedio Perú por grupo,Matemática,,2015,Puntaje medio,,Público,,371.85,,,puntos PISA,,,medida_promedio.csv
Puntajes promedio Perú por grupo,Matemática,,2015,Puntaje medio,,Privado,,428.23,,,puntos PISA,,,medida_promedio.csv
Puntajes promedio Perú por grupo,Matemática,,2018,Puntaje medio,,Nacional,,399.84,,,puntos PISA,,,medida_promedio.csv
Puntajes promedio Perú por grupo,Matemática,,2018,Puntaje medio,,Hombres,,407.84,,,puntos PISA,,,medida_promedio.csv
Puntajes promedio Perú por grupo,Matemática,,2018,Puntaje medio,,Mujeres,,391.51,,,puntos PISA,,,medida_promedio.csv
Puntajes promedio Perú por grupo,Matemática,,2018,Puntaje medio,,Público,,382.66,,,puntos PISA,,,medida_promedio.csv
Puntajes promedio Perú por grupo,Matemática,,2018,Puntaje medio,,Privado,,450.21,,,puntos PISA,,,medida_promedio.csv
Puntajes promedio Perú por grupo,Matemática,,2022,Puntaje medio,,Nacional,,391.24,,,puntos PISA,,,medida_promedio.csv
Puntajes promedio Perú por grupo,Matemática,,2022,Puntaje medio,,Hombres,,398.82,,,puntos PISA,,,medida_promedio.csv
Puntajes promedio Perú por grupo,Matemática,,2022,Puntaje medio,,Mujeres,,383.65,,,puntos PISA,,,medida_promedio.csv
Puntajes promedio Perú por grupo,Matemática,,2022,Puntaje medio,,Público,,375.25,,,puntos PISA,,,medida_promedio.csv
Puntajes promedio Perú por grupo,Matemática,,2022,Puntaje medio,,Privado,,436.6,,,puntos PISA,,,medida_promedio.csv
Puntajes promedio Perú por grupo,Matemática,,2025,Puntaje medio,,Nacional,,382.43938,,,puntos PISA,,,medida_promedio.csv
Puntajes promedio Perú por grupo,Matemática,,2025,Puntaje medio,,Hombres,,388.73157000000003,,,puntos PISA,,,medida_promedio.csv
Puntajes promedio Perú por grupo,Matemática,,2025,Puntaje medio,,Mujeres,,375.92810000000003,,,puntos PISA,,,medida_promedio.csv
Puntajes promedio Perú por grupo,Matemática,,2025,Puntaje medio,,Público,,366.1586209427217,,,puntos PISA,,,medida_promedio.csv
Puntajes promedio Perú por grupo,Matemática,,2025,Puntaje medio,,Privado,,424.5385414782155,,,puntos PISA,,,medida_promedio.csv
Puntajes promedio Perú por grupo,Ciencia,,2009,Puntaje medio,,Nacional,,369.3517713596617,,,puntos PISA,,,medida_promedio.csv
Puntajes promedio Perú por grupo,Ciencia,,2009,Puntaje medio,,Hombres,,371.5850636829935,,,puntos PISA,,,medida_promedio.csv
Puntajes promedio Perú por grupo,Ciencia,,2009,Puntaje medio,,Mujeres,,367.07321098445937,,,puntos PISA,,,medida_promedio.csv
Puntajes promedio Perú por grupo,Ciencia,,2009,Puntaje medio,,Público,,350,,,puntos PISA,,,medida_promedio.csv
Puntajes promedio Perú por grupo,Ciencia,,2009,Puntaje medio,,Privado,,429,,,puntos PISA,,,medida_promedio.csv
Puntajes promedio Perú por grupo,Ciencia,,2012,Puntaje medio,,Nacional,,373.11344837438645,,,puntos PISA,,,medida_promedio.csv
Puntajes promedio Perú por grupo,Ciencia,,2012,Puntaje medio,,Hombres,,376.1359264699845,,,puntos PISA,,,medida_promedio.csv
Puntajes promedio Perú por grupo,Ciencia,,2012,Puntaje medio,,Mujeres,,370.25695920258875,,,puntos PISA,,,medida_promedio.csv
Puntajes promedio Perú por grupo,Ciencia,,2012,Puntaje medio,,Público,,358,,,puntos PISA,,,medida_promedio.csv
Puntajes promedio Perú por grupo,Ciencia,,2012,Puntaje medio,,Privado,,417,,,puntos PISA,,,medida_promedio.csv
Puntajes promedio Perú por grupo,Ciencia,,2015,Puntaje medio,,Nacional,,396.68,,,puntos PISA,,,medida_promedio.csv
Puntajes promedio Perú por grupo,Ciencia,,2015,Puntaje medio,,Hombres,,401.64,,,puntos PISA,,,medida_promedio.csv
Puntajes promedio Perú por grupo,Ciencia,,2015,Puntaje medio,,Mujeres,,391.68,,,puntos PISA,,,medida_promedio.csv
Puntajes promedio Perú por grupo,Ciencia,,2015,Puntaje medio,,Público,,382.25,,,puntos PISA,,,medida_promedio.csv
Puntajes promedio Perú por grupo,Ciencia,,2015,Puntaje medio,,Privado,,437.57,,,puntos PISA,,,medida_promedio.csv
Puntajes promedio Perú por grupo,Ciencia,,2018,Puntaje medio,,Nacional,,404.22,,,puntos PISA,,,medida_promedio.csv
Puntajes promedio Perú por grupo,Ciencia,,2018,Puntaje medio,,Hombres,,410.72,,,puntos PISA,,,medida_promedio.csv
Puntajes promedio Perú por grupo,Ciencia,,2018,Puntaje medio,,Mujeres,,397.44,,,puntos PISA,,,medida_promedio.csv
Puntajes promedio Perú por grupo,Ciencia,,2018,Puntaje medio,,Público,,388.09,,,puntos PISA,,,medida_promedio.csv
Puntajes promedio Perú por grupo,Ciencia,,2018,Puntaje medio,,Privado,,451.5,,,puntos PISA,,,medida_promedio.csv
Puntajes promedio Perú por grupo,Ciencia,,2022,Puntaje medio,,Nacional,,407.78,,,puntos PISA,,,medida_promedio.csv
Puntajes promedio Perú por grupo,Ciencia,,2022,Puntaje medio,,Hombres,,414.97,,,puntos PISA,,,medida_promedio.csv
Puntajes promedio Perú por grupo,Ciencia,,2022,Puntaje medio,,Mujeres,,400.59,,,puntos PISA,,,medida_promedio.csv
Puntajes promedio Perú por grupo,Ciencia,,2022,Puntaje medio,,Público,,391.63,,,puntos PISA,,,medida_promedio.csv
Puntajes promedio Perú por grupo,Ciencia,,2022,Puntaje medio,,Privado,,453.6,,,puntos PISA,,,medida_promedio.csv
Puntajes promedio Perú por grupo,Ciencia,,2025,Puntaje medio,,Nacional,,405.60048000000006,,,puntos PISA,,,medida_promedio.csv
Puntajes promedio Perú por grupo,Ciencia,,2025,Puntaje medio,,Hombres,,411.0504,,,puntos PISA,,,medida_promedio.csv
Puntajes promedio Perú por grupo,Ciencia,,2025,Puntaje medio,,Mujeres,,399.9608,,,puntos PISA,,,medida_promedio.csv
Puntajes promedio Perú por grupo,Ciencia,,2025,Puntaje medio,,Público,,389.6393809264521,,,puntos PISA,,,medida_promedio.csv
Puntajes promedio Perú por grupo,Ciencia,,2025,Puntaje medio,,Privado,,446.8730703494896,,,puntos PISA,,,medida_promedio.csv
Comparación regional 2025,Ciencia,OCDE,2025,Puntaje medio,,,,482,,,puntos PISA,,,comparacion_regional_2025.csv
Comparación regional 2025,Ciencia,Uruguay,2025,Puntaje medio,,,,445,,,puntos PISA,,,comparacion_regional_2025.csv
Comparación regional 2025,Ciencia,Chile,2025,Puntaje medio,,,,442,,,puntos PISA,,,comparacion_regional_2025.csv
Comparación regional 2025,Ciencia,Costa Rica,2025,Puntaje medio,,,,424,,,puntos PISA,,,comparacion_regional_2025.csv
Comparación regional 2025,Ciencia,México,2025,Puntaje medio,,,,414,,,puntos PISA,,,comparacion_regional_2025.csv
Comparación regional 2025,Ciencia,Colombia,2025,Puntaje medio,,,,414,,,puntos PISA,,,comparacion_regional_2025.csv
Comparación regional 2025,Ciencia,Brasil,2025,Puntaje medio,,,,409,,,puntos PISA,,,comparacion_regional_2025.csv
Comparación regional 2025,Ciencia,Perú,2025,Puntaje medio,,,,406,,,puntos PISA,,,comparacion_regional_2025.csv
Comparación regional 2025,Ciencia,Ecuador,2025,Puntaje medio,,,,393,,,puntos PISA,,,comparacion_regional_2025.csv
Comparación regional 2025,Ciencia,Argentina,2025,Puntaje medio,,,,393,,,puntos PISA,,,comparacion_regional_2025.csv
Comparación regional 2025,Ciencia,El Salvador,2025,Puntaje medio,,,,385,,,puntos PISA,,,comparacion_regional_2025.csv
Comparación regional 2025,Ciencia,República Dominicana,2025,Puntaje medio,,,,361,,,puntos PISA,,,comparacion_regional_2025.csv
Comparación regional 2025,Ciencia,Paraguay,2025,Puntaje medio,,,,355,,,puntos PISA,,,comparacion_regional_2025.csv
Comparación regional 2025,Ciencia,Guatemala,2025,Puntaje medio,,,,351,,,puntos PISA,,,comparacion_regional_2025.csv
Comparación regional 2025,Lectura,OCDE,2025,Puntaje medio,,,,461,,,puntos PISA,,,comparacion_regional_2025.csv
Comparación regional 2025,Lectura,Chile,2025,Puntaje medio,,,,436,,,puntos PISA,,,comparacion_regional_2025.csv
Comparación regional 2025,Lectura,Uruguay,2025,Puntaje medio,,,,423,,,puntos PISA,,,comparacion_regional_2025.csv
Comparación regional 2025,Lectura,Costa Rica,2025,Puntaje medio,,,,416,,,puntos PISA,,,comparacion_regional_2025.csv
Comparación regional 2025,Lectura,Brasil,2025,Puntaje medio,,,,408,,,puntos PISA,,,comparacion_regional_2025.csv
Comparación regional 2025,Lectura,México,2025,Puntaje medio,,,,408,,,puntos PISA,,,comparacion_regional_2025.csv
Comparación regional 2025,Lectura,Colombia,2025,Puntaje medio,,,,399,,,puntos PISA,,,comparacion_regional_2025.csv
Comparación regional 2025,Lectura,Perú,2025,Puntaje medio,,,,390,,,puntos PISA,,,comparacion_regional_2025.csv
Comparación regional 2025,Lectura,Argentina,2025,Puntaje medio,,,,389,,,puntos PISA,,,comparacion_regional_2025.csv
Comparación regional 2025,Lectura,Ecuador,2025,Puntaje medio,,,,385,,,puntos PISA,,,comparacion_regional_2025.csv
Comparación regional 2025,Lectura,El Salvador,2025,Puntaje medio,,,,366,,,puntos PISA,,,comparacion_regional_2025.csv
Comparación regional 2025,Lectura,Paraguay,2025,Puntaje medio,,,,352,,,puntos PISA,,,comparacion_regional_2025.csv
Comparación regional 2025,Lectura,República Dominicana,2025,Puntaje medio,,,,346,,,puntos PISA,,,comparacion_regional_2025.csv
Comparación regional 2025,Lectura,Guatemala,2025,Puntaje medio,,,,337,,,puntos PISA,,,comparacion_regional_2025.csv
Comparación regional 2025,Matemática,OCDE,2025,Puntaje medio,,,,463,,,puntos PISA,,,comparacion_regional_2025.csv
Comparación regional 2025,Matemática,Uruguay,2025,Puntaje medio,,,,405,,,puntos PISA,,,comparacion_regional_2025.csv
Comparación regional 2025,Matemática,Chile,2025,Puntaje medio,,,,403,,,puntos PISA,,,comparacion_regional_2025.csv
Comparación regional 2025,Matemática,México,2025,Puntaje medio,,,,388,,,puntos PISA,,,comparacion_regional_2025.csv
Comparación regional 2025,Matemática,Costa Rica,2025,Puntaje medio,,,,387,,,puntos PISA,,,comparacion_regional_2025.csv
Comparación regional 2025,Matemática,Perú,2025,Puntaje medio,,,,382,,,puntos PISA,,,comparacion_regional_2025.csv
Comparación regional 2025,Matemática,Colombia,2025,Puntaje medio,,,,381,,,puntos PISA,,,comparacion_regional_2025.csv
Comparación regional 2025,Matemática,Brasil,2025,Puntaje medio,,,,377,,,puntos PISA,,,comparacion_regional_2025.csv
Comparación regional 2025,Matemática,Argentina,2025,Puntaje medio,,,,367,,,puntos PISA,,,comparacion_regional_2025.csv
Comparación regional 2025,Matemática,Ecuador,2025,Puntaje medio,,,,366,,,puntos PISA,,,comparacion_regional_2025.csv
Comparación regional 2025,Matemática,El Salvador,2025,Puntaje medio,,,,346,,,puntos PISA,,,comparacion_regional_2025.csv
Comparación regional 2025,Matemática,República Dominicana,2025,Puntaje medio,,,,339,,,puntos PISA,,,comparacion_regional_2025.csv
Comparación regional 2025,Matemática,Guatemala,2025,Puntaje medio,,,,334,,,puntos PISA,,,comparacion_regional_2025.csv
Comparación regional 2025,Matemática,Paraguay,2025,Puntaje medio,,,,334,,,puntos PISA,,,comparacion_regional_2025.csv
Indicadores internacionales 2025,Ciencia,OCDE,2025,Puntaje promedio,,,,482,,,puntos,,Minedu/UMC brochure PISA 2025; OECD,comparacion_internacional_2025.csv
Indicadores internacionales 2025,Ciencia,Uruguay,2025,Puntaje promedio,,,,445,,,puntos,,Minedu/UMC brochure PISA 2025; OECD,comparacion_internacional_2025.csv
Indicadores internacionales 2025,Ciencia,Chile,2025,Puntaje promedio,,,,442,,,puntos,,Minedu/UMC brochure PISA 2025; OECD,comparacion_internacional_2025.csv
Indicadores internacionales 2025,Ciencia,Costa Rica,2025,Puntaje promedio,,,,424,,,puntos,,Minedu/UMC brochure PISA 2025; OECD,comparacion_internacional_2025.csv
Indicadores internacionales 2025,Ciencia,México,2025,Puntaje promedio,,,,414,,,puntos,,Minedu/UMC brochure PISA 2025; OECD,comparacion_internacional_2025.csv
Indicadores internacionales 2025,Ciencia,Colombia,2025,Puntaje promedio,,,,414,,,puntos,,Minedu/UMC brochure PISA 2025; OECD,comparacion_internacional_2025.csv
Indicadores internacionales 2025,Ciencia,Brasil,2025,Puntaje promedio,,,,409,,,puntos,,Minedu/UMC brochure PISA 2025; OECD,comparacion_internacional_2025.csv
Indicadores internacionales 2025,Ciencia,Perú,2025,Puntaje promedio,,,,406,,,puntos,,Minedu/UMC brochure PISA 2025; OECD,comparacion_internacional_2025.csv
Indicadores internacionales 2025,Ciencia,Ecuador,2025,Puntaje promedio,,,,393,,,puntos,,Minedu/UMC brochure PISA 2025; OECD,comparacion_internacional_2025.csv
Indicadores internacionales 2025,Ciencia,Argentina,2025,Puntaje promedio,,,,393,,,puntos,,Minedu/UMC brochure PISA 2025; OECD,comparacion_internacional_2025.csv
Indicadores internacionales 2025,Ciencia,El Salvador,2025,Puntaje promedio,,,,385,,,puntos,,Minedu/UMC brochure PISA 2025; OECD,comparacion_internacional_2025.csv
Indicadores internacionales 2025,Ciencia,Rep. Dominicana,2025,Puntaje promedio,,,,361,,,puntos,,Minedu/UMC brochure PISA 2025; OECD,comparacion_internacional_2025.csv
Indicadores internacionales 2025,Ciencia,Paraguay,2025,Puntaje promedio,,,,355,,,puntos,,Minedu/UMC brochure PISA 2025; OECD,comparacion_internacional_2025.csv
Indicadores internacionales 2025,Ciencia,Guatemala,2025,Puntaje promedio,,,,351,,,puntos,,Minedu/UMC brochure PISA 2025; OECD,comparacion_internacional_2025.csv
Indicadores internacionales 2025,Lectura,OCDE,2025,Puntaje promedio,,,,461,,,puntos,,Minedu/UMC brochure PISA 2025; OECD,comparacion_internacional_2025.csv
Indicadores internacionales 2025,Lectura,Chile,2025,Puntaje promedio,,,,436,,,puntos,,Minedu/UMC brochure PISA 2025; OECD,comparacion_internacional_2025.csv
Indicadores internacionales 2025,Lectura,Uruguay,2025,Puntaje promedio,,,,423,,,puntos,,Minedu/UMC brochure PISA 2025; OECD,comparacion_internacional_2025.csv
Indicadores internacionales 2025,Lectura,Costa Rica,2025,Puntaje promedio,,,,416,,,puntos,,Minedu/UMC brochure PISA 2025; OECD,comparacion_internacional_2025.csv
Indicadores internacionales 2025,Lectura,Brasil,2025,Puntaje promedio,,,,408,,,puntos,,Minedu/UMC brochure PISA 2025; OECD,comparacion_internacional_2025.csv
Indicadores internacionales 2025,Lectura,México,2025,Puntaje promedio,,,,408,,,puntos,,Minedu/UMC brochure PISA 2025; OECD,comparacion_internacional_2025.csv
Indicadores internacionales 2025,Lectura,Colombia,2025,Puntaje promedio,,,,399,,,puntos,,Minedu/UMC brochure PISA 2025; OECD,comparacion_internacional_2025.csv
Indicadores internacionales 2025,Lectura,Perú,2025,Puntaje promedio,,,,390,,,puntos,,Minedu/UMC brochure PISA 2025; OECD,comparacion_internacional_2025.csv
Indicadores internacionales 2025,Lectura,Argentina,2025,Puntaje promedio,,,,389,,,puntos,,Minedu/UMC brochure PISA 2025; OECD,comparacion_internacional_2025.csv
Indicadores internacionales 2025,Lectura,Ecuador,2025,Puntaje promedio,,,,385,,,puntos,,Minedu/UMC brochure PISA 2025; OECD,comparacion_internacional_2025.csv
Indicadores internacionales 2025,Lectura,El Salvador,2025,Puntaje promedio,,,,366,,,puntos,,Minedu/UMC brochure PISA 2025; OECD,comparacion_internacional_2025.csv
Indicadores internacionales 2025,Lectura,Paraguay,2025,Puntaje promedio,,,,352,,,puntos,,Minedu/UMC brochure PISA 2025; OECD,comparacion_internacional_2025.csv
Indicadores internacionales 2025,Lectura,Rep. Dominicana,2025,Puntaje promedio,,,,346,,,puntos,,Minedu/UMC brochure PISA 2025; OECD,comparacion_internacional_2025.csv
Indicadores internacionales 2025,Lectura,Guatemala,2025,Puntaje promedio,,,,337,,,puntos,,Minedu/UMC brochure PISA 2025; OECD,comparacion_internacional_2025.csv
Indicadores internacionales 2025,Matemática,OCDE,2025,Puntaje promedio,,,,463,,,puntos,,Minedu/UMC brochure PISA 2025; OECD,comparacion_internacional_2025.csv
Indicadores internacionales 2025,Matemática,Uruguay,2025,Puntaje promedio,,,,405,,,puntos,,Minedu/UMC brochure PISA 2025; OECD,comparacion_internacional_2025.csv
Indicadores internacionales 2025,Matemática,Chile,2025,Puntaje promedio,,,,403,,,puntos,,Minedu/UMC brochure PISA 2025; OECD,comparacion_internacional_2025.csv
Indicadores internacionales 2025,Matemática,México,2025,Puntaje promedio,,,,388,,,puntos,,Minedu/UMC brochure PISA 2025; OECD,comparacion_internacional_2025.csv
Indicadores internacionales 2025,Matemática,Costa Rica,2025,Puntaje promedio,,,,387,,,puntos,,Minedu/UMC brochure PISA 2025; OECD,comparacion_internacional_2025.csv
Indicadores internacionales 2025,Matemática,Perú,2025,Puntaje promedio,,,,382,,,puntos,,Minedu/UMC brochure PISA 2025; OECD,comparacion_internacional_2025.csv
Indicadores internacionales 2025,Matemática,Colombia,2025,Puntaje promedio,,,,381,,,puntos,,Minedu/UMC brochure PISA 2025; OECD,comparacion_internacional_2025.csv
Indicadores internacionales 2025,Matemática,Brasil,2025,Puntaje promedio,,,,377,,,puntos,,Minedu/UMC brochure PISA 2025; OECD,comparacion_internacional_2025.csv
Indicadores internacionales 2025,Matemática,Argentina,2025,Puntaje promedio,,,,367,,,puntos,,Minedu/UMC brochure PISA 2025; OECD,comparacion_internacional_2025.csv
Indicadores internacionales 2025,Matemática,Ecuador,2025,Puntaje promedio,,,,366,,,puntos,,Minedu/UMC brochure PISA 2025; OECD,comparacion_internacional_2025.csv
Indicadores internacionales 2025,Matemática,El Salvador,2025,Puntaje promedio,,,,346,,,puntos,,Minedu/UMC brochure PISA 2025; OECD,comparacion_internacional_2025.csv
Indicadores internacionales 2025,Matemática,Rep. Dominicana,2025,Puntaje promedio,,,,339,,,puntos,,Minedu/UMC brochure PISA 2025; OECD,comparacion_internacional_2025.csv
Indicadores internacionales 2025,Matemática,Guatemala,2025,Puntaje promedio,,,,334,,,puntos,,Minedu/UMC brochure PISA 2025; OECD,comparacion_internacional_2025.csv
Indicadores internacionales 2025,Matemática,Paraguay,2025,Puntaje promedio,,,,334,,,puntos,,Minedu/UMC brochure PISA 2025; OECD,comparacion_internacional_2025.csv
Indicadores internacionales 2025,Ciencia,OCDE,2025,Nivel 2+,,,,74,,,%,,OECD PISA 2025 Country Notes,comparacion_internacional_2025.csv
Indicadores internacionales 2025,Ciencia,Uruguay,2025,Nivel 2+,,,,64,,,%,,OECD PISA 2025 Country Notes,comparacion_internacional_2025.csv
Indicadores internacionales 2025,Ciencia,Chile,2025,Nivel 2+,,,,63,,,%,,OECD PISA 2025 Country Notes,comparacion_internacional_2025.csv
Indicadores internacionales 2025,Ciencia,México,2025,Nivel 2+,,,,50,,,%,,OECD PISA 2025 Country Notes,comparacion_internacional_2025.csv
Indicadores internacionales 2025,Ciencia,Colombia,2025,Nivel 2+,,,,50,,,%,,OECD PISA 2025 Country Notes,comparacion_internacional_2025.csv
Indicadores internacionales 2025,Ciencia,Brasil,2025,Nivel 2+,,,,48,,,%,,OECD PISA 2025 Country Notes,comparacion_internacional_2025.csv
Indicadores internacionales 2025,Ciencia,Perú,2025,Nivel 2+,,,,47,,,%,,OECD PISA 2025 Country Notes,comparacion_internacional_2025.csv
Indicadores internacionales 2025,Lectura,OCDE,2025,Nivel 2+,,,,69,,,%,,OECD PISA 2025 Country Notes,comparacion_internacional_2025.csv
Indicadores internacionales 2025,Lectura,Chile,2025,Nivel 2+,,,,62,,,%,,OECD PISA 2025 Country Notes,comparacion_internacional_2025.csv
Indicadores internacionales 2025,Lectura,Uruguay,2025,Nivel 2+,,,,57,,,%,,OECD PISA 2025 Country Notes,comparacion_internacional_2025.csv
Indicadores internacionales 2025,Lectura,México,2025,Nivel 2+,,,,50,,,%,,OECD PISA 2025 Country Notes,comparacion_internacional_2025.csv
Indicadores internacionales 2025,Lectura,Brasil,2025,Nivel 2+,,,,49,,,%,,OECD PISA 2025 Country Notes,comparacion_internacional_2025.csv
Indicadores internacionales 2025,Lectura,Colombia,2025,Nivel 2+,,,,46,,,%,,OECD PISA 2025 Country Notes,comparacion_internacional_2025.csv
Indicadores internacionales 2025,Lectura,Perú,2025,Nivel 2+,,,,42,,,%,,OECD PISA 2025 Country Notes,comparacion_internacional_2025.csv
Indicadores internacionales 2025,Matemática,OCDE,2025,Nivel 2+,,,,65,,,%,,OECD PISA 2025 Country Notes,comparacion_internacional_2025.csv
Indicadores internacionales 2025,Matemática,Uruguay,2025,Nivel 2+,,,,42,,,%,,OECD PISA 2025 Country Notes,comparacion_internacional_2025.csv
Indicadores internacionales 2025,Matemática,Chile,2025,Nivel 2+,,,,41,,,%,,OECD PISA 2025 Country Notes,comparacion_internacional_2025.csv
Indicadores internacionales 2025,Matemática,México,2025,Nivel 2+,,,,30,,,%,,OECD PISA 2025 Country Notes,comparacion_internacional_2025.csv
Indicadores internacionales 2025,Matemática,Perú,2025,Nivel 2+,,,,30,,,%,,OECD PISA 2025 Country Notes,comparacion_internacional_2025.csv
Indicadores internacionales 2025,Matemática,Colombia,2025,Nivel 2+,,,,29,,,%,,OECD PISA 2025 Country Notes,comparacion_internacional_2025.csv
Indicadores internacionales 2025,Matemática,Brasil,2025,Nivel 2+,,,,28,,,%,,OECD PISA 2025 Country Notes,comparacion_internacional_2025.csv
Indicadores internacionales 2025,Ciencia,OCDE,2025,Nivel 5-6,,,,7,,,%,,OECD PISA 2025 Country Notes,comparacion_internacional_2025.csv
Indicadores internacionales 2025,Ciencia,Uruguay,2025,Nivel 5-6,,,,2,,,%,,OECD PISA 2025 Country Notes,comparacion_internacional_2025.csv
Indicadores internacionales 2025,Ciencia,Chile,2025,Nivel 5-6,,,,1,,,%,,OECD PISA 2025 Country Notes,comparacion_internacional_2025.csv
Indicadores internacionales 2025,Ciencia,Colombia,2025,Nivel 5-6,,,,1,,,%,,OECD PISA 2025 Country Notes,comparacion_internacional_2025.csv
Indicadores internacionales 2025,Ciencia,Brasil,2025,Nivel 5-6,,,,1,,,%,,OECD PISA 2025 Country Notes,comparacion_internacional_2025.csv
Indicadores internacionales 2025,Ciencia,Perú,2025,Nivel 5-6,,,,<1,,,%,,OECD PISA 2025 Country Notes,comparacion_internacional_2025.csv
Indicadores internacionales 2025,Lectura,OCDE,2025,Nivel 5-6,,,,6,,,%,,OECD PISA 2025 Country Notes,comparacion_internacional_2025.csv
Indicadores internacionales 2025,Lectura,Chile,2025,Nivel 5-6,,,,2,,,%,,OECD PISA 2025 Country Notes,comparacion_internacional_2025.csv
Indicadores internacionales 2025,Lectura,Uruguay,2025,Nivel 5-6,,,,2,,,%,,OECD PISA 2025 Country Notes,comparacion_internacional_2025.csv
Indicadores internacionales 2025,Lectura,Colombia,2025,Nivel 5-6,,,,1,,,%,,OECD PISA 2025 Country Notes,comparacion_internacional_2025.csv
Indicadores internacionales 2025,Lectura,Brasil,2025,Nivel 5-6,,,,1,,,%,,OECD PISA 2025 Country Notes,comparacion_internacional_2025.csv
Indicadores internacionales 2025,Lectura,México,2025,Nivel 5-6,,,,<1,,,%,,OECD PISA 2025 Country Notes,comparacion_internacional_2025.csv
Indicadores internacionales 2025,Lectura,Perú,2025,Nivel 5-6,,,,<1,,,%,,OECD PISA 2025 Country Notes,comparacion_internacional_2025.csv
Indicadores internacionales 2025,Matemática,OCDE,2025,Nivel 5-6,,,,8,,,%,,OECD PISA 2025 Country Notes,comparacion_internacional_2025.csv
Indicadores internacionales 2025,Matemática,Uruguay,2025,Nivel 5-6,,,,1,,,%,,OECD PISA 2025 Country Notes,comparacion_internacional_2025.csv
Indicadores internacionales 2025,Matemática,Chile,2025,Nivel 5-6,,,,<1,,,%,,OECD PISA 2025 Country Notes,comparacion_internacional_2025.csv
Indicadores internacionales 2025,Matemática,México,2025,Nivel 5-6,,,,<1,,,%,,OECD PISA 2025 Country Notes,comparacion_internacional_2025.csv
Indicadores internacionales 2025,Matemática,Colombia,2025,Nivel 5-6,,,,<1,,,%,,OECD PISA 2025 Country Notes,comparacion_internacional_2025.csv
Indicadores internacionales 2025,Matemática,Brasil,2025,Nivel 5-6,,,,<1,,,%,,OECD PISA 2025 Country Notes,comparacion_internacional_2025.csv
Indicadores internacionales 2025,Matemática,Perú,2025,Nivel 5-6,,,,<1,,,%,,OECD PISA 2025 Country Notes,comparacion_internacional_2025.csv
Benchmark internacional 2025,Ciencia,B-S-J-Z (China),2025,Puntaje medio,,Líderes mundiales,,597,,,puntos PISA,,OECD PISA 2025 Results Volume I; Minedu/UMC Brochure resultados PISA 2025,benchmark_internacional_2025.csv
Benchmark internacional 2025,Ciencia,Singapur,2025,Puntaje medio,,Líderes mundiales,,560,,,puntos PISA,,OECD PISA 2025 Results Volume I; Minedu/UMC Brochure resultados PISA 2025,benchmark_internacional_2025.csv
Benchmark internacional 2025,Ciencia,Macao (China),2025,Puntaje medio,,Líderes mundiales,,541,,,puntos PISA,,OECD PISA 2025 Results Volume I; Minedu/UMC Brochure resultados PISA 2025,benchmark_internacional_2025.csv
Benchmark internacional 2025,Ciencia,Chinese Taipei,2025,Puntaje medio,,Líderes mundiales,,540,,,puntos PISA,,OECD PISA 2025 Results Volume I; Minedu/UMC Brochure resultados PISA 2025,benchmark_internacional_2025.csv
Benchmark internacional 2025,Ciencia,Japón,2025,Puntaje medio,,Líderes mundiales,,538,,,puntos PISA,,OECD PISA 2025 Results Volume I; Minedu/UMC Brochure resultados PISA 2025,benchmark_internacional_2025.csv
Benchmark internacional 2025,Ciencia,Estonia,2025,Puntaje medio,,Líderes mundiales,,527,,,puntos PISA,,OECD PISA 2025 Results Volume I; Minedu/UMC Brochure resultados PISA 2025,benchmark_internacional_2025.csv
Benchmark internacional 2025,Ciencia,Corea,2025,Puntaje medio,,Líderes mundiales,,526,,,puntos PISA,,OECD PISA 2025 Results Volume I; Minedu/UMC Brochure resultados PISA 2025,benchmark_internacional_2025.csv
Benchmark internacional 2025,Ciencia,Reino Unido,2025,Puntaje medio,,Líderes mundiales,,511,,,puntos PISA,,OECD PISA 2025 Results Volume I; Minedu/UMC Brochure resultados PISA 2025,benchmark_internacional_2025.csv
Benchmark internacional 2025,Ciencia,Canadá,2025,Puntaje medio,,OCDE/benchmark,,510,,,puntos PISA,,OECD PISA 2025 Results Volume I; Minedu/UMC Brochure resultados PISA 2025,benchmark_internacional_2025.csv
Benchmark internacional 2025,Ciencia,Nueva Zelanda,2025,Puntaje medio,,OCDE/benchmark,,509,,,puntos PISA,,OECD PISA 2025 Results Volume I; Minedu/UMC Brochure resultados PISA 2025,benchmark_internacional_2025.csv
Benchmark internacional 2025,Ciencia,Australia,2025,Puntaje medio,,OCDE/benchmark,,509,,,puntos PISA,,OECD PISA 2025 Results Volume I; Minedu/UMC Brochure resultados PISA 2025,benchmark_internacional_2025.csv
Benchmark internacional 2025,Ciencia,Finlandia,2025,Puntaje medio,,OCDE/benchmark,,504,,,puntos PISA,,OECD PISA 2025 Results Volume I; Minedu/UMC Brochure resultados PISA 2025,benchmark_internacional_2025.csv
Benchmark internacional 2025,Ciencia,Estados Unidos,2025,Puntaje medio,,OCDE/benchmark,,502,,,puntos PISA,,OECD PISA 2025 Results Volume I; Minedu/UMC Brochure resultados PISA 2025,benchmark_internacional_2025.csv
Benchmark internacional 2025,Ciencia,Suiza,2025,Puntaje medio,,OCDE/benchmark,,501,,,puntos PISA,,OECD PISA 2025 Results Volume I; Minedu/UMC Brochure resultados PISA 2025,benchmark_internacional_2025.csv
Benchmark internacional 2025,Ciencia,Irlanda,2025,Puntaje medio,,OCDE/benchmark,,500,,,puntos PISA,,OECD PISA 2025 Results Volume I; Minedu/UMC Brochure resultados PISA 2025,benchmark_internacional_2025.csv
Benchmark internacional 2025,Ciencia,Austria,2025,Puntaje medio,,OCDE/benchmark,,497,,,puntos PISA,,OECD PISA 2025 Results Volume I; Minedu/UMC Brochure resultados PISA 2025,benchmark_internacional_2025.csv
Benchmark internacional 2025,Ciencia,Hong Kong (China),2025,Puntaje medio,,Internacional,,496,,,puntos PISA,,OECD PISA 2025 Results Volume I; Minedu/UMC Brochure resultados PISA 2025,benchmark_internacional_2025.csv
Benchmark internacional 2025,Ciencia,Polonia,2025,Puntaje medio,,OCDE/benchmark,,495,,,puntos PISA,,OECD PISA 2025 Results Volume I; Minedu/UMC Brochure resultados PISA 2025,benchmark_internacional_2025.csv
Benchmark internacional 2025,Ciencia,Türkiye,2025,Puntaje medio,,OCDE/benchmark,,494,,,puntos PISA,,OECD PISA 2025 Results Volume I; Minedu/UMC Brochure resultados PISA 2025,benchmark_internacional_2025.csv
Benchmark internacional 2025,Ciencia,Chequia,2025,Puntaje medio,,OCDE/benchmark,,490,,,puntos PISA,,OECD PISA 2025 Results Volume I; Minedu/UMC Brochure resultados PISA 2025,benchmark_internacional_2025.csv
Benchmark internacional 2025,Ciencia,Bélgica,2025,Puntaje medio,,OCDE/benchmark,,490,,,puntos PISA,,OECD PISA 2025 Results Volume I; Minedu/UMC Brochure resultados PISA 2025,benchmark_internacional_2025.csv
Benchmark internacional 2025,Ciencia,Lituania,2025,Puntaje medio,,OCDE/benchmark,,488,,,puntos PISA,,OECD PISA 2025 Results Volume I; Minedu/UMC Brochure resultados PISA 2025,benchmark_internacional_2025.csv
Benchmark internacional 2025,Ciencia,Alemania,2025,Puntaje medio,,OCDE/benchmark,,486,,,puntos PISA,,OECD PISA 2025 Results Volume I; Minedu/UMC Brochure resultados PISA 2025,benchmark_internacional_2025.csv
Benchmark internacional 2025,Ciencia,Países Bajos,2025,Puntaje medio,,OCDE/benchmark,,485,,,puntos PISA,,OECD PISA 2025 Results Volume I; Minedu/UMC Brochure resultados PISA 2025,benchmark_internacional_2025.csv
Benchmark internacional 2025,Ciencia,Suecia,2025,Puntaje medio,,OCDE/benchmark,,485,,,puntos PISA,,OECD PISA 2025 Results Volume I; Minedu/UMC Brochure resultados PISA 2025,benchmark_internacional_2025.csv
Benchmark internacional 2025,Ciencia,Eslovenia,2025,Puntaje medio,,OCDE/benchmark,,484,,,puntos PISA,,OECD PISA 2025 Results Volume I; Minedu/UMC Brochure resultados PISA 2025,benchmark_internacional_2025.csv
Benchmark internacional 2025,Ciencia,Francia,2025,Puntaje medio,,OCDE/benchmark,,483,,,puntos PISA,,OECD PISA 2025 Results Volume I; Minedu/UMC Brochure resultados PISA 2025,benchmark_internacional_2025.csv
Benchmark internacional 2025,Ciencia,Italia,2025,Puntaje medio,,OCDE/benchmark,,483,,,puntos PISA,,OECD PISA 2025 Results Volume I; Minedu/UMC Brochure resultados PISA 2025,benchmark_internacional_2025.csv
Benchmark internacional 2025,Ciencia,Portugal,2025,Puntaje medio,,OCDE/benchmark,,482,,,puntos PISA,,OECD PISA 2025 Results Volume I; Minedu/UMC Brochure resultados PISA 2025,benchmark_internacional_2025.csv
Benchmark internacional 2025,Ciencia,OCDE,2025,Puntaje medio,,Referencia OCDE,,482,,,puntos PISA,,OECD PISA 2025 Results Volume I; Minedu/UMC Brochure resultados PISA 2025,benchmark_internacional_2025.csv
Benchmark internacional 2025,Ciencia,España,2025,Puntaje medio,,OCDE/benchmark,,477,,,puntos PISA,,OECD PISA 2025 Results Volume I; Minedu/UMC Brochure resultados PISA 2025,benchmark_internacional_2025.csv
Benchmark internacional 2025,Ciencia,Uruguay,2025,Puntaje medio,,América Latina,,445,,,puntos PISA,,OECD PISA 2025 Results Volume I; Minedu/UMC Brochure resultados PISA 2025,benchmark_internacional_2025.csv
Benchmark internacional 2025,Ciencia,Chile,2025,Puntaje medio,,América Latina,,442,,,puntos PISA,,OECD PISA 2025 Results Volume I; Minedu/UMC Brochure resultados PISA 2025,benchmark_internacional_2025.csv
Benchmark internacional 2025,Ciencia,Costa Rica,2025,Puntaje medio,,América Latina,,424,,,puntos PISA,,OECD PISA 2025 Results Volume I; Minedu/UMC Brochure resultados PISA 2025,benchmark_internacional_2025.csv
Benchmark internacional 2025,Ciencia,México,2025,Puntaje medio,,América Latina,,414,,,puntos PISA,,OECD PISA 2025 Results Volume I; Minedu/UMC Brochure resultados PISA 2025,benchmark_internacional_2025.csv
Benchmark internacional 2025,Ciencia,Colombia,2025,Puntaje medio,,América Latina,,414,,,puntos PISA,,OECD PISA 2025 Results Volume I; Minedu/UMC Brochure resultados PISA 2025,benchmark_internacional_2025.csv
Benchmark internacional 2025,Ciencia,Brasil,2025,Puntaje medio,,América Latina,,409,,,puntos PISA,,OECD PISA 2025 Results Volume I; Minedu/UMC Brochure resultados PISA 2025,benchmark_internacional_2025.csv
Benchmark internacional 2025,Ciencia,Perú,2025,Puntaje medio,,América Latina,,406,,,puntos PISA,,OECD PISA 2025 Results Volume I; Minedu/UMC Brochure resultados PISA 2025,benchmark_internacional_2025.csv
Benchmark internacional 2025,Ciencia,Ecuador,2025,Puntaje medio,,América Latina,,393,,,puntos PISA,,OECD PISA 2025 Results Volume I; Minedu/UMC Brochure resultados PISA 2025,benchmark_internacional_2025.csv
Benchmark internacional 2025,Ciencia,Argentina,2025,Puntaje medio,,América Latina,,393,,,puntos PISA,,OECD PISA 2025 Results Volume I; Minedu/UMC Brochure resultados PISA 2025,benchmark_internacional_2025.csv
Benchmark internacional 2025,Ciencia,El Salvador,2025,Puntaje medio,,América Latina,,385,,,puntos PISA,,OECD PISA 2025 Results Volume I; Minedu/UMC Brochure resultados PISA 2025,benchmark_internacional_2025.csv
Benchmark internacional 2025,Ciencia,Rep. Dominicana,2025,Puntaje medio,,América Latina,,361,,,puntos PISA,,OECD PISA 2025 Results Volume I; Minedu/UMC Brochure resultados PISA 2025,benchmark_internacional_2025.csv
Benchmark internacional 2025,Ciencia,Paraguay,2025,Puntaje medio,,América Latina,,355,,,puntos PISA,,OECD PISA 2025 Results Volume I; Minedu/UMC Brochure resultados PISA 2025,benchmark_internacional_2025.csv
Benchmark internacional 2025,Ciencia,Guatemala,2025,Puntaje medio,,América Latina,,351,,,puntos PISA,,OECD PISA 2025 Results Volume I; Minedu/UMC Brochure resultados PISA 2025,benchmark_internacional_2025.csv
Benchmark internacional 2025,Lectura,Singapur,2025,Puntaje medio,,Líderes mundiales,,535,,,puntos PISA,,OECD PISA 2025 Results Volume I; Minedu/UMC Brochure resultados PISA 2025,benchmark_internacional_2025.csv
Benchmark internacional 2025,Lectura,B-S-J-Z (China),2025,Puntaje medio,,Líderes mundiales,,527,,,puntos PISA,,OECD PISA 2025 Results Volume I; Minedu/UMC Brochure resultados PISA 2025,benchmark_internacional_2025.csv
Benchmark internacional 2025,Lectura,Chinese Taipei,2025,Puntaje medio,,Líderes mundiales,,508,,,puntos PISA,,OECD PISA 2025 Results Volume I; Minedu/UMC Brochure resultados PISA 2025,benchmark_internacional_2025.csv
Benchmark internacional 2025,Lectura,Japón,2025,Puntaje medio,,Líderes mundiales,,503,,,puntos PISA,,OECD PISA 2025 Results Volume I; Minedu/UMC Brochure resultados PISA 2025,benchmark_internacional_2025.csv
Benchmark internacional 2025,Lectura,Macao (China),2025,Puntaje medio,,Líderes mundiales,,501,,,puntos PISA,,OECD PISA 2025 Results Volume I; Minedu/UMC Brochure resultados PISA 2025,benchmark_internacional_2025.csv
Benchmark internacional 2025,Lectura,Corea,2025,Puntaje medio,,Líderes mundiales,,501,,,puntos PISA,,OECD PISA 2025 Results Volume I; Minedu/UMC Brochure resultados PISA 2025,benchmark_internacional_2025.csv
Benchmark internacional 2025,Lectura,Irlanda,2025,Puntaje medio,,OCDE/benchmark,,500,,,puntos PISA,,OECD PISA 2025 Results Volume I; Minedu/UMC Brochure resultados PISA 2025,benchmark_internacional_2025.csv
Benchmark internacional 2025,Lectura,Estonia,2025,Puntaje medio,,Líderes mundiales,,499,,,puntos PISA,,OECD PISA 2025 Results Volume I; Minedu/UMC Brochure resultados PISA 2025,benchmark_internacional_2025.csv
Benchmark internacional 2025,Lectura,Nueva Zelanda,2025,Puntaje medio,,OCDE/benchmark,,497,,,puntos PISA,,OECD PISA 2025 Results Volume I; Minedu/UMC Brochure resultados PISA 2025,benchmark_internacional_2025.csv
Benchmark internacional 2025,Lectura,Reino Unido,2025,Puntaje medio,,Líderes mundiales,,494,,,puntos PISA,,OECD PISA 2025 Results Volume I; Minedu/UMC Brochure resultados PISA 2025,benchmark_internacional_2025.csv
Benchmark internacional 2025,Lectura,Australia,2025,Puntaje medio,,OCDE/benchmark,,491,,,puntos PISA,,OECD PISA 2025 Results Volume I; Minedu/UMC Brochure resultados PISA 2025,benchmark_internacional_2025.csv
Benchmark internacional 2025,Lectura,Canadá,2025,Puntaje medio,,OCDE/benchmark,,490,,,puntos PISA,,OECD PISA 2025 Results Volume I; Minedu/UMC Brochure resultados PISA 2025,benchmark_internacional_2025.csv
Benchmark internacional 2025,Lectura,Estados Unidos,2025,Puntaje medio,,OCDE/benchmark,,490,,,puntos PISA,,OECD PISA 2025 Results Volume I; Minedu/UMC Brochure resultados PISA 2025,benchmark_internacional_2025.csv
Benchmark internacional 2025,Lectura,Polonia,2025,Puntaje medio,,OCDE/benchmark,,482,,,puntos PISA,,OECD PISA 2025 Results Volume I; Minedu/UMC Brochure resultados PISA 2025,benchmark_internacional_2025.csv
Benchmark internacional 2025,Lectura,Hong Kong (China),2025,Puntaje medio,,Internacional,,480,,,puntos PISA,,OECD PISA 2025 Results Volume I; Minedu/UMC Brochure resultados PISA 2025,benchmark_internacional_2025.csv
Benchmark internacional 2025,Lectura,Finlandia,2025,Puntaje medio,,OCDE/benchmark,,474,,,puntos PISA,,OECD PISA 2025 Results Volume I; Minedu/UMC Brochure resultados PISA 2025,benchmark_internacional_2025.csv
Benchmark internacional 2025,Lectura,Türkiye,2025,Puntaje medio,,OCDE/benchmark,,472,,,puntos PISA,,OECD PISA 2025 Results Volume I; Minedu/UMC Brochure resultados PISA 2025,benchmark_internacional_2025.csv
Benchmark internacional 2025,Lectura,Suiza,2025,Puntaje medio,,OCDE/benchmark,,470,,,puntos PISA,,OECD PISA 2025 Results Volume I; Minedu/UMC Brochure resultados PISA 2025,benchmark_internacional_2025.csv
Benchmark internacional 2025,Lectura,Chequia,2025,Puntaje medio,,OCDE/benchmark,,468,,,puntos PISA,,OECD PISA 2025 Results Volume I; Minedu/UMC Brochure resultados PISA 2025,benchmark_internacional_2025.csv
Benchmark internacional 2025,Lectura,Austria,2025,Puntaje medio,,OCDE/benchmark,,467,,,puntos PISA,,OECD PISA 2025 Results Volume I; Minedu/UMC Brochure resultados PISA 2025,benchmark_internacional_2025.csv
Benchmark internacional 2025,Lectura,Bélgica,2025,Puntaje medio,,OCDE/benchmark,,466,,,puntos PISA,,OECD PISA 2025 Results Volume I; Minedu/UMC Brochure resultados PISA 2025,benchmark_internacional_2025.csv
Benchmark internacional 2025,Lectura,Alemania,2025,Puntaje medio,,OCDE/benchmark,,465,,,puntos PISA,,OECD PISA 2025 Results Volume I; Minedu/UMC Brochure resultados PISA 2025,benchmark_internacional_2025.csv
Benchmark internacional 2025,Lectura,Lituania,2025,Puntaje medio,,OCDE/benchmark,,464,,,puntos PISA,,OECD PISA 2025 Results Volume I; Minedu/UMC Brochure resultados PISA 2025,benchmark_internacional_2025.csv
Benchmark internacional 2025,Lectura,OCDE,2025,Puntaje medio,,Referencia OCDE,,461,,,puntos PISA,,OECD PISA 2025 Results Volume I; Minedu/UMC Brochure resultados PISA 2025,benchmark_internacional_2025.csv
Benchmark internacional 2025,Lectura,Chile,2025,Puntaje medio,,América Latina,,436,,,puntos PISA,,OECD PISA 2025 Results Volume I; Minedu/UMC Brochure resultados PISA 2025,benchmark_internacional_2025.csv
Benchmark internacional 2025,Lectura,Uruguay,2025,Puntaje medio,,América Latina,,423,,,puntos PISA,,OECD PISA 2025 Results Volume I; Minedu/UMC Brochure resultados PISA 2025,benchmark_internacional_2025.csv
Benchmark internacional 2025,Lectura,Costa Rica,2025,Puntaje medio,,América Latina,,416,,,puntos PISA,,OECD PISA 2025 Results Volume I; Minedu/UMC Brochure resultados PISA 2025,benchmark_internacional_2025.csv
Benchmark internacional 2025,Lectura,Brasil,2025,Puntaje medio,,América Latina,,408,,,puntos PISA,,OECD PISA 2025 Results Volume I; Minedu/UMC Brochure resultados PISA 2025,benchmark_internacional_2025.csv
Benchmark internacional 2025,Lectura,México,2025,Puntaje medio,,América Latina,,408,,,puntos PISA,,OECD PISA 2025 Results Volume I; Minedu/UMC Brochure resultados PISA 2025,benchmark_internacional_2025.csv
Benchmark internacional 2025,Lectura,Colombia,2025,Puntaje medio,,América Latina,,399,,,puntos PISA,,OECD PISA 2025 Results Volume I; Minedu/UMC Brochure resultados PISA 2025,benchmark_internacional_2025.csv
Benchmark internacional 2025,Lectura,Perú,2025,Puntaje medio,,América Latina,,390,,,puntos PISA,,OECD PISA 2025 Results Volume I; Minedu/UMC Brochure resultados PISA 2025,benchmark_internacional_2025.csv
Benchmark internacional 2025,Lectura,Argentina,2025,Puntaje medio,,América Latina,,389,,,puntos PISA,,OECD PISA 2025 Results Volume I; Minedu/UMC Brochure resultados PISA 2025,benchmark_internacional_2025.csv
Benchmark internacional 2025,Lectura,Ecuador,2025,Puntaje medio,,América Latina,,385,,,puntos PISA,,OECD PISA 2025 Results Volume I; Minedu/UMC Brochure resultados PISA 2025,benchmark_internacional_2025.csv
Benchmark internacional 2025,Lectura,El Salvador,2025,Puntaje medio,,América Latina,,366,,,puntos PISA,,OECD PISA 2025 Results Volume I; Minedu/UMC Brochure resultados PISA 2025,benchmark_internacional_2025.csv
Benchmark internacional 2025,Lectura,Paraguay,2025,Puntaje medio,,América Latina,,352,,,puntos PISA,,OECD PISA 2025 Results Volume I; Minedu/UMC Brochure resultados PISA 2025,benchmark_internacional_2025.csv
Benchmark internacional 2025,Lectura,Rep. Dominicana,2025,Puntaje medio,,América Latina,,346,,,puntos PISA,,OECD PISA 2025 Results Volume I; Minedu/UMC Brochure resultados PISA 2025,benchmark_internacional_2025.csv
Benchmark internacional 2025,Lectura,Guatemala,2025,Puntaje medio,,América Latina,,337,,,puntos PISA,,OECD PISA 2025 Results Volume I; Minedu/UMC Brochure resultados PISA 2025,benchmark_internacional_2025.csv
Benchmark internacional 2025,Matemática,B-S-J-Z (China),2025,Puntaje medio,,Líderes mundiales,,612,,,puntos PISA,,OECD PISA 2025 Results Volume I; Minedu/UMC Brochure resultados PISA 2025,benchmark_internacional_2025.csv
Benchmark internacional 2025,Matemática,Singapur,2025,Puntaje medio,,Líderes mundiales,,563,,,puntos PISA,,OECD PISA 2025 Results Volume I; Minedu/UMC Brochure resultados PISA 2025,benchmark_internacional_2025.csv
Benchmark internacional 2025,Matemática,Macao (China),2025,Puntaje medio,,Líderes mundiales,,549,,,puntos PISA,,OECD PISA 2025 Results Volume I; Minedu/UMC Brochure resultados PISA 2025,benchmark_internacional_2025.csv
Benchmark internacional 2025,Matemática,Chinese Taipei,2025,Puntaje medio,,Líderes mundiales,,546,,,puntos PISA,,OECD PISA 2025 Results Volume I; Minedu/UMC Brochure resultados PISA 2025,benchmark_internacional_2025.csv
Benchmark internacional 2025,Matemática,Japón,2025,Puntaje medio,,Líderes mundiales,,525,,,puntos PISA,,OECD PISA 2025 Results Volume I; Minedu/UMC Brochure resultados PISA 2025,benchmark_internacional_2025.csv
Benchmark internacional 2025,Matemática,Corea,2025,Puntaje medio,,Líderes mundiales,,522,,,puntos PISA,,OECD PISA 2025 Results Volume I; Minedu/UMC Brochure resultados PISA 2025,benchmark_internacional_2025.csv
Benchmark internacional 2025,Matemática,Hong Kong (China),2025,Puntaje medio,,Internacional,,522,,,puntos PISA,,OECD PISA 2025 Results Volume I; Minedu/UMC Brochure resultados PISA 2025,benchmark_internacional_2025.csv
Benchmark internacional 2025,Matemática,Estonia,2025,Puntaje medio,,Líderes mundiales,,508,,,puntos PISA,,OECD PISA 2025 Results Volume I; Minedu/UMC Brochure resultados PISA 2025,benchmark_internacional_2025.csv
Benchmark internacional 2025,Matemática,Suiza,2025,Puntaje medio,,OCDE/benchmark,,499,,,puntos PISA,,OECD PISA 2025 Results Volume I; Minedu/UMC Brochure resultados PISA 2025,benchmark_internacional_2025.csv
Benchmark internacional 2025,Matemática,Reino Unido,2025,Puntaje medio,,Líderes mundiales,,488,,,puntos PISA,,OECD PISA 2025 Results Volume I; Minedu/UMC Brochure resultados PISA 2025,benchmark_internacional_2025.csv
Benchmark internacional 2025,Matemática,Canadá,2025,Puntaje medio,,OCDE/benchmark,,485,,,puntos PISA,,OECD PISA 2025 Results Volume I; Minedu/UMC Brochure resultados PISA 2025,benchmark_internacional_2025.csv
Benchmark internacional 2025,Matemática,Polonia,2025,Puntaje medio,,OCDE/benchmark,,484,,,puntos PISA,,OECD PISA 2025 Results Volume I; Minedu/UMC Brochure resultados PISA 2025,benchmark_internacional_2025.csv
Benchmark internacional 2025,Matemática,Nueva Zelanda,2025,Puntaje medio,,OCDE/benchmark,,480,,,puntos PISA,,OECD PISA 2025 Results Volume I; Minedu/UMC Brochure resultados PISA 2025,benchmark_internacional_2025.csv
Benchmark internacional 2025,Matemática,Irlanda,2025,Puntaje medio,,OCDE/benchmark,,480,,,puntos PISA,,OECD PISA 2025 Results Volume I; Minedu/UMC Brochure resultados PISA 2025,benchmark_internacional_2025.csv
Benchmark internacional 2025,Matemática,Bélgica,2025,Puntaje medio,,OCDE/benchmark,,480,,,puntos PISA,,OECD PISA 2025 Results Volume I; Minedu/UMC Brochure resultados PISA 2025,benchmark_internacional_2025.csv
Benchmark internacional 2025,Matemática,Australia,2025,Puntaje medio,,OCDE/benchmark,,478,,,puntos PISA,,OECD PISA 2025 Results Volume I; Minedu/UMC Brochure resultados PISA 2025,benchmark_internacional_2025.csv
Benchmark internacional 2025,Matemática,Austria,2025,Puntaje medio,,OCDE/benchmark,,477,,,puntos PISA,,OECD PISA 2025 Results Volume I; Minedu/UMC Brochure resultados PISA 2025,benchmark_internacional_2025.csv
Benchmark internacional 2025,Matemática,Chequia,2025,Puntaje medio,,OCDE/benchmark,,477,,,puntos PISA,,OECD PISA 2025 Results Volume I; Minedu/UMC Brochure resultados PISA 2025,benchmark_internacional_2025.csv
Benchmark internacional 2025,Matemática,Lituania,2025,Puntaje medio,,OCDE/benchmark,,470,,,puntos PISA,,OECD PISA 2025 Results Volume I; Minedu/UMC Brochure resultados PISA 2025,benchmark_internacional_2025.csv
Benchmark internacional 2025,Matemática,Finlandia,2025,Puntaje medio,,OCDE/benchmark,,469,,,puntos PISA,,OECD PISA 2025 Results Volume I; Minedu/UMC Brochure resultados PISA 2025,benchmark_internacional_2025.csv
Benchmark internacional 2025,Matemática,Alemania,2025,Puntaje medio,,OCDE/benchmark,,464,,,puntos PISA,,OECD PISA 2025 Results Volume I; Minedu/UMC Brochure resultados PISA 2025,benchmark_internacional_2025.csv
Benchmark internacional 2025,Matemática,Estados Unidos,2025,Puntaje medio,,OCDE/benchmark,,463,,,puntos PISA,,OECD PISA 2025 Results Volume I; Minedu/UMC Brochure resultados PISA 2025,benchmark_internacional_2025.csv
Benchmark internacional 2025,Matemática,OCDE,2025,Puntaje medio,,Referencia OCDE,,463,,,puntos PISA,,OECD PISA 2025 Results Volume I; Minedu/UMC Brochure resultados PISA 2025,benchmark_internacional_2025.csv
Benchmark internacional 2025,Matemática,Türkiye,2025,Puntaje medio,,OCDE/benchmark,,462,,,puntos PISA,,OECD PISA 2025 Results Volume I; Minedu/UMC Brochure resultados PISA 2025,benchmark_internacional_2025.csv
Benchmark internacional 2025,Matemática,Uruguay,2025,Puntaje medio,,América Latina,,405,,,puntos PISA,,OECD PISA 2025 Results Volume I; Minedu/UMC Brochure resultados PISA 2025,benchmark_internacional_2025.csv
Benchmark internacional 2025,Matemática,Chile,2025,Puntaje medio,,América Latina,,403,,,puntos PISA,,OECD PISA 2025 Results Volume I; Minedu/UMC Brochure resultados PISA 2025,benchmark_internacional_2025.csv
Benchmark internacional 2025,Matemática,México,2025,Puntaje medio,,América Latina,,388,,,puntos PISA,,OECD PISA 2025 Results Volume I; Minedu/UMC Brochure resultados PISA 2025,benchmark_internacional_2025.csv
Benchmark internacional 2025,Matemática,Costa Rica,2025,Puntaje medio,,América Latina,,387,,,puntos PISA,,OECD PISA 2025 Results Volume I; Minedu/UMC Brochure resultados PISA 2025,benchmark_internacional_2025.csv
Benchmark internacional 2025,Matemática,Perú,2025,Puntaje medio,,América Latina,,382,,,puntos PISA,,OECD PISA 2025 Results Volume I; Minedu/UMC Brochure resultados PISA 2025,benchmark_internacional_2025.csv
Benchmark internacional 2025,Matemática,Colombia,2025,Puntaje medio,,América Latina,,381,,,puntos PISA,,OECD PISA 2025 Results Volume I; Minedu/UMC Brochure resultados PISA 2025,benchmark_internacional_2025.csv
Benchmark internacional 2025,Matemática,Brasil,2025,Puntaje medio,,América Latina,,377,,,puntos PISA,,OECD PISA 2025 Results Volume I; Minedu/UMC Brochure resultados PISA 2025,benchmark_internacional_2025.csv
Benchmark internacional 2025,Matemática,Argentina,2025,Puntaje medio,,América Latina,,367,,,puntos PISA,,OECD PISA 2025 Results Volume I; Minedu/UMC Brochure resultados PISA 2025,benchmark_internacional_2025.csv
Benchmark internacional 2025,Matemática,Ecuador,2025,Puntaje medio,,América Latina,,366,,,puntos PISA,,OECD PISA 2025 Results Volume I; Minedu/UMC Brochure resultados PISA 2025,benchmark_internacional_2025.csv
Benchmark internacional 2025,Matemática,El Salvador,2025,Puntaje medio,,América Latina,,346,,,puntos PISA,,OECD PISA 2025 Results Volume I; Minedu/UMC Brochure resultados PISA 2025,benchmark_internacional_2025.csv
Benchmark internacional 2025,Matemática,Rep. Dominicana,2025,Puntaje medio,,América Latina,,339,,,puntos PISA,,OECD PISA 2025 Results Volume I; Minedu/UMC Brochure resultados PISA 2025,benchmark_internacional_2025.csv
Benchmark internacional 2025,Matemática,Guatemala,2025,Puntaje medio,,América Latina,,334,,,puntos PISA,,OECD PISA 2025 Results Volume I; Minedu/UMC Brochure resultados PISA 2025,benchmark_internacional_2025.csv
Benchmark internacional 2025,Matemática,Paraguay,2025,Puntaje medio,,América Latina,,334,,,puntos PISA,,OECD PISA 2025 Results Volume I; Minedu/UMC Brochure resultados PISA 2025,benchmark_internacional_2025.csv
Inventario de fuentes,,,,"Resultados 2025: tendencia nacional, niveles, estratos, región, mejora 2009-2025",,Minedu/UMC,,8,,,páginas,Principal para 2025,Brochure-resultados-PISA-2025.pdf,inventario_fuentes_auditoria.csv
Inventario de fuentes,,,,"Informe internacional: desempeño, equidad, nuevas competencias, metodología y tablas",,OECD,,377,,,páginas,Marco internacional,PISA 2025 Results (Volume1).pdf,inventario_fuentes_auditoria.csv
Inventario de fuentes,,,,"Nota país Perú: calidad, equidad, contexto escolar, bienestar, recursos, IA, asistencia",,OECD,,12,,,páginas,Principal para contexto 2025,PISA peru 2025 Results (VolumeI).pdf,inventario_fuentes_auditoria.csv
Inventario de fuentes,,,,"Infografía de muestra, países y aplicación",,Minedu/UMC,,1,,,páginas,Metadatos,PISA-2025-Datos-importantes.pdf,inventario_fuentes_auditoria.csv
Inventario de fuentes,,,,Cómo interpretar medida promedio y niveles; puntos de corte,,Minedu/UMC,,1,,,páginas,Metodología,PISA-2025-interpretacion-de-resultados.pdf,inventario_fuentes_auditoria.csv
Inventario de fuentes,,,,"Tendencias 2009-2022 por sexo, gestión, área, lengua, repetición y equidad",,Minedu/UMC,,239,,,páginas,Fuente histórica externa verificada,El Perú en PISA 2022. Informe nacional de resultados,inventario_fuentes_auditoria.csv
Fuentes históricas internacionales identificadas,,,,"Mean science performance, 2006 through 2025",,I.B1.2a.36,,,,,,Tabla oficial OECD identificada para futura integración exhaustiva de la serie histórica internacional.,https://www.oecd.org/en/publications/pisa-2025-results-volume-i_73451bc5-en/full-report/results-for-countries-and-economies_33854635.html,investigacion_web_OECD
Fuentes históricas internacionales identificadas,,,,"Mean reading performance, 2000 through 2025",,I.B1.2a.37,,,,,,Tabla oficial OECD identificada para futura integración exhaustiva de la serie histórica internacional.,https://www.oecd.org/en/publications/pisa-2025-results-volume-i_73451bc5-en/full-report/results-for-countries-and-economies_33854635.html,investigacion_web_OECD
Fuentes históricas internacionales identificadas,,,,"Mean mathematics performance, 2003 through 2025",,I.B1.2a.38,,,,,,Tabla oficial OECD identificada para futura integración exhaustiva de la serie histórica internacional.,https://www.oecd.org/en/publications/pisa-2025-results-volume-i_73451bc5-en/full-report/results-for-countries-and-economies_33854635.html,investigacion_web_OECD
